Escola,Categoria,Produto,Tamanho,Preço,Origem
AUGUSTO DO AMARAL,BERMUDA,BERMUDA CICLISTA SUPLEX,6,"$55,90",AUGUSTO DO AMARAL BERMUDA CICLISTA SUPLEX | 6
AUGUSTO DO AMARAL,BERMUDA,BERMUDA CICLISTA SUPLEX,8,"$58,50",AUGUSTO DO AMARAL BERMUDA CICLISTA SUPLEX | 8
AUGUSTO DO AMARAL,BERMUDA,BERMUDA CICLISTA SUPLEX,10,"$60,90",AUGUSTO DO AMARAL BERMUDA CICLISTA SUPLEX | 10
AUGUSTO DO AMARAL,BERMUDA,BERMUDA CICLISTA SUPLEX,12,"$62,90",AUGUSTO DO AMARAL BERMUDA CICLISTA SUPLEX | 12
AUGUSTO DO AMARAL,BERMUDA,BERMUDA CICLISTA SUPLEX,14,"$66,20",AUGUSTO DO AMARAL BERMUDA CICLISTA SUPLEX | 14
AUGUSTO DO AMARAL,BERMUDA,BERMUDA CICLISTA SUPLEX,P,"$69,90",AUGUSTO DO AMARAL BERMUDA CICLISTA SUPLEX | P
AUGUSTO DO AMARAL,BERMUDA,BERMUDA CICLISTA SUPLEX,M,"$73,90",AUGUSTO DO AMARAL BERMUDA CICLISTA SUPLEX | M
AUGUSTO DO AMARAL,BERMUDA,BERMUDA CICLISTA SUPLEX,G,"$75,90",AUGUSTO DO AMARAL BERMUDA CICLISTA SUPLEX | G
AUGUSTO DO AMARAL,BERMUDA,BERMUDA CICLISTA SUPLEX,GG,"$79,90",AUGUSTO DO AMARAL BERMUDA CICLISTA SUPLEX | GG
AUGUSTO DO AMARAL,BERMUDA,BERMUDA CICLISTA SUPLEX,EXG,"$95,90",AUGUSTO DO AMARAL BERMUDA CICLISTA SUPLEX | EXG
AUGUSTO DO AMARAL,BERMUDA,BERMUDA DE HELANCA,6,"$55,90",AUGUSTO DO AMARAL BERMUDA DE HELANCA | 6
AUGUSTO DO AMARAL,BERMUDA,BERMUDA DE HELANCA,8,"$58,50",AUGUSTO DO AMARAL BERMUDA DE HELANCA | 8
AUGUSTO DO AMARAL,BERMUDA,BERMUDA DE HELANCA,10,"$60,90",AUGUSTO DO AMARAL BERMUDA DE HELANCA | 10
AUGUSTO DO AMARAL,BERMUDA,BERMUDA DE HELANCA,12,"$62,90",AUGUSTO DO AMARAL BERMUDA DE HELANCA | 12
AUGUSTO DO AMARAL,BERMUDA,BERMUDA DE HELANCA,14,"$64,90",AUGUSTO DO AMARAL BERMUDA DE HELANCA | 14
AUGUSTO DO AMARAL,BERMUDA,BERMUDA DE HELANCA,P,"$69,90",AUGUSTO DO AMARAL BERMUDA DE HELANCA | P
AUGUSTO DO AMARAL,BERMUDA,BERMUDA DE HELANCA,M,"$73,90",AUGUSTO DO AMARAL BERMUDA DE HELANCA | M
AUGUSTO DO AMARAL,BERMUDA,BERMUDA DE HELANCA,G,"$75,90",AUGUSTO DO AMARAL BERMUDA DE HELANCA | G
AUGUSTO DO AMARAL,BERMUDA,BERMUDA DE HELANCA,GG,"$79,90",AUGUSTO DO AMARAL BERMUDA DE HELANCA | GG
AUGUSTO DO AMARAL,BERMUDA,BERMUDA DE HELANCA,EXG,"$89,90",AUGUSTO DO AMARAL BERMUDA DE HELANCA | EXG
AUGUSTO DO AMARAL,AGASALHO,BLUSAO DE HELANCA,6,"$99,90",AUGUSTO DO AMARAL BLUSAO DE HELANCA | 6
AUGUSTO DO AMARAL,AGASALHO,BLUSAO DE HELANCA,8,"$104,90",AUGUSTO DO AMARAL BLUSAO DE HELANCA | 8
AUGUSTO DO AMARAL,AGASALHO,BLUSAO DE HELANCA,10,"$109,90",AUGUSTO DO AMARAL BLUSAO DE HELANCA | 10
AUGUSTO DO AMARAL,AGASALHO,BLUSAO DE HELANCA,12,"$113,50",AUGUSTO DO AMARAL BLUSAO DE HELANCA | 12
AUGUSTO DO AMARAL,AGASALHO,BLUSAO DE HELANCA,14,"$117,90",AUGUSTO DO AMARAL BLUSAO DE HELANCA | 14
AUGUSTO DO AMARAL,AGASALHO,BLUSAO DE HELANCA,P,"$123,50",AUGUSTO DO AMARAL BLUSAO DE HELANCA | P
AUGUSTO DO AMARAL,AGASALHO,BLUSAO DE HELANCA,M,"$129,80",AUGUSTO DO AMARAL BLUSAO DE HELANCA | M
AUGUSTO DO AMARAL,AGASALHO,BLUSAO DE HELANCA,G,"$132,90",AUGUSTO DO AMARAL BLUSAO DE HELANCA | G
AUGUSTO DO AMARAL,AGASALHO,BLUSAO DE HELANCA,GG,"$139,90",AUGUSTO DO AMARAL BLUSAO DE HELANCA | GG
AUGUSTO DO AMARAL,AGASALHO,BLUSAO DE HELANCA,EXG,"$149,90",AUGUSTO DO AMARAL BLUSAO DE HELANCA | EXG
AUGUSTO DO AMARAL,AGASALHO,BLUSÃO DE HELANCA FLANELADO,6,"$110,50",AUGUSTO DO AMARAL BLUSÃO DE HELANCA FLANELADO | 06
AUGUSTO DO AMARAL,AGASALHO,BLUSÃO DE HELANCA FLANELADO,8,"$114,90",AUGUSTO DO AMARAL BLUSÃO DE HELANCA FLANELADO | 08
AUGUSTO DO AMARAL,AGASALHO,BLUSÃO DE HELANCA FLANELADO,10,"$119,90",AUGUSTO DO AMARAL BLUSÃO DE HELANCA FLANELADO | 10
AUGUSTO DO AMARAL,AGASALHO,BLUSÃO DE HELANCA FLANELADO,12,"$123,50",AUGUSTO DO AMARAL BLUSÃO DE HELANCA FLANELADO | 12
AUGUSTO DO AMARAL,AGASALHO,BLUSÃO DE HELANCA FLANELADO,14,"$127,50",AUGUSTO DO AMARAL BLUSÃO DE HELANCA FLANELADO | 14
AUGUSTO DO AMARAL,AGASALHO,BLUSÃO DE HELANCA FLANELADO,P,"$133,90",AUGUSTO DO AMARAL BLUSÃO DE HELANCA FLANELADO | P
AUGUSTO DO AMARAL,AGASALHO,BLUSÃO DE HELANCA FLANELADO,M,"$139,90",AUGUSTO DO AMARAL BLUSÃO DE HELANCA FLANELADO | M
AUGUSTO DO AMARAL,AGASALHO,BLUSÃO DE HELANCA FLANELADO,G,"$142,90",AUGUSTO DO AMARAL BLUSÃO DE HELANCA FLANELADO | G
AUGUSTO DO AMARAL,AGASALHO,BLUSÃO DE HELANCA FLANELADO,GG,"$149,90",AUGUSTO DO AMARAL BLUSÃO DE HELANCA FLANELADO | GG
AUGUSTO DO AMARAL,AGASALHO,BLUSÃO DE HELANCA FLANELADO,EXG,"$159,90",AUGUSTO DO AMARAL BLUSÃO DE HELANCA FLANELADO | EXG
AUGUSTO DO AMARAL,CALÇA,CALÇA DE HELANCA,6,"$67,50",AUGUSTO DO AMARAL CALÇA DE HELANCA | 6
AUGUSTO DO AMARAL,CALÇA,CALÇA DE HELANCA,8,"$69,20",AUGUSTO DO AMARAL CALÇA DE HELANCA | 8
AUGUSTO DO AMARAL,CALÇA,CALÇA DE HELANCA,10,"$73,90",AUGUSTO DO AMARAL CALÇA DE HELANCA | 10
AUGUSTO DO AMARAL,CALÇA,CALÇA DE HELANCA,12,"$75,90",AUGUSTO DO AMARAL CALÇA DE HELANCA | 12
AUGUSTO DO AMARAL,CALÇA,CALÇA DE HELANCA,14,"$79,90",AUGUSTO DO AMARAL CALÇA DE HELANCA | 14
AUGUSTO DO AMARAL,CALÇA,CALÇA DE HELANCA,P,"$83,50",AUGUSTO DO AMARAL CALÇA DE HELANCA | P
AUGUSTO DO AMARAL,CALÇA,CALÇA DE HELANCA,M,"$87,90",AUGUSTO DO AMARAL CALÇA DE HELANCA | M
AUGUSTO DO AMARAL,CALÇA,CALÇA DE HELANCA,G,"$89,90",AUGUSTO DO AMARAL CALÇA DE HELANCA | G
AUGUSTO DO AMARAL,CALÇA,CALÇA DE HELANCA,GG,"$92,90",AUGUSTO DO AMARAL CALÇA DE HELANCA | GG
AUGUSTO DO AMARAL,CALÇA,CALÇA DE HELANCA,EXG,"$102,90",AUGUSTO DO AMARAL CALÇA DE HELANCA | EXG
AUGUSTO DO AMARAL,CALÇA,CALÇA DE HELANCA FLANELADA,6,"$77,50",AUGUSTO DO AMARAL CALÇA DE HELANCA FLANELADA | 6
AUGUSTO DO AMARAL,CALÇA,CALÇA DE HELANCA FLANELADA,8,"$79,90",AUGUSTO DO AMARAL CALÇA DE HELANCA FLANELADA | 8
AUGUSTO DO AMARAL,CALÇA,CALÇA DE HELANCA FLANELADA,10,"$83,90",AUGUSTO DO AMARAL CALÇA DE HELANCA FLANELADA | 10
AUGUSTO DO AMARAL,CALÇA,CALÇA DE HELANCA FLANELADA,12,"$85,90",AUGUSTO DO AMARAL CALÇA DE HELANCA FLANELADA | 12
AUGUSTO DO AMARAL,CALÇA,CALÇA DE HELANCA FLANELADA,14,"$89,90",AUGUSTO DO AMARAL CALÇA DE HELANCA FLANELADA | 14
AUGUSTO DO AMARAL,CALÇA,CALÇA DE HELANCA FLANELADA,P,"$93,50",AUGUSTO DO AMARAL CALÇA DE HELANCA FLANELADA | P
AUGUSTO DO AMARAL,CALÇA,CALÇA DE HELANCA FLANELADA,M,"$97,90",AUGUSTO DO AMARAL CALÇA DE HELANCA FLANELADA | M
AUGUSTO DO AMARAL,CALÇA,CALÇA DE HELANCA FLANELADA,G,"$99,90",AUGUSTO DO AMARAL CALÇA DE HELANCA FLANELADA | G
AUGUSTO DO AMARAL,CALÇA,CALÇA DE HELANCA FLANELADA,GG,"$102,90",AUGUSTO DO AMARAL CALÇA DE HELANCA FLANELADA | GG
AUGUSTO DO AMARAL,CALÇA,CALÇA DE HELANCA FLANELADA,EXG,"$112,90",AUGUSTO DO AMARAL CALÇA DE HELANCA FLANELADA | EXG
AUGUSTO DO AMARAL,CALÇA,CALÇA LEGGING,6,"$65,90",AUGUSTO DO AMARAL CALÇA LEGGING | 6
AUGUSTO DO AMARAL,CALÇA,CALÇA LEGGING,8,"$70,50",AUGUSTO DO AMARAL CALÇA LEGGING | 8
AUGUSTO DO AMARAL,CALÇA,CALÇA LEGGING,10,"$76,00",AUGUSTO DO AMARAL CALÇA LEGGING | 10
AUGUSTO DO AMARAL,CALÇA,CALÇA LEGGING,12,"$80,20",AUGUSTO DO AMARAL CALÇA LEGGING | 12
AUGUSTO DO AMARAL,CALÇA,CALÇA LEGGING,14,"$86,90",AUGUSTO DO AMARAL CALÇA LEGGING | 14
AUGUSTO DO AMARAL,CALÇA,CALÇA LEGGING,P,"$90,30",AUGUSTO DO AMARAL CALÇA LEGGING | P
AUGUSTO DO AMARAL,CALÇA,CALÇA LEGGING,M,"$91,90",AUGUSTO DO AMARAL CALÇA LEGGING | M
AUGUSTO DO AMARAL,CALÇA,CALÇA LEGGING,G,"$93,70",AUGUSTO DO AMARAL CALÇA LEGGING | G
AUGUSTO DO AMARAL,CALÇA,CALÇA LEGGING,GG,"$102,50",AUGUSTO DO AMARAL CALÇA LEGGING | GG
AUGUSTO DO AMARAL,CALÇA,CALÇA LEGGING,EXG,"$112,90",AUGUSTO DO AMARAL CALÇA LEGGING | EXG
AUGUSTO DO AMARAL,CAMISETA,CAMISETA MANGA CURTA,4,"$38,90",AUGUSTO DO AMARAL CAMISETA MANGA CURTA | 4
AUGUSTO DO AMARAL,CAMISETA,CAMISETA MANGA CURTA,6,"$40,90",AUGUSTO DO AMARAL CAMISETA MANGA CURTA | 6
AUGUSTO DO AMARAL,CAMISETA,CAMISETA MANGA CURTA,8,"$41,90",AUGUSTO DO AMARAL CAMISETA MANGA CURTA | 8
AUGUSTO DO AMARAL,CAMISETA,CAMISETA MANGA CURTA,10,"$43,90",AUGUSTO DO AMARAL CAMISETA MANGA CURTA | 10
AUGUSTO DO AMARAL,CAMISETA,CAMISETA MANGA CURTA,12,"$45,90",AUGUSTO DO AMARAL CAMISETA MANGA CURTA | 12
AUGUSTO DO AMARAL,CAMISETA,CAMISETA MANGA CURTA,14,"$47,90",AUGUSTO DO AMARAL CAMISETA MANGA CURTA | 14
AUGUSTO DO AMARAL,CAMISETA,CAMISETA MANGA CURTA,P,"$49,90",AUGUSTO DO AMARAL CAMISETA MANGA CURTA | P
AUGUSTO DO AMARAL,CAMISETA,CAMISETA MANGA CURTA,M,"$50,90",AUGUSTO DO AMARAL CAMISETA MANGA CURTA | M
AUGUSTO DO AMARAL,CAMISETA,CAMISETA MANGA CURTA,G,"$53,90",AUGUSTO DO AMARAL CAMISETA MANGA CURTA | G
AUGUSTO DO AMARAL,CAMISETA,CAMISETA MANGA CURTA,GG,"$56,90",AUGUSTO DO AMARAL CAMISETA MANGA CURTA | GG
AUGUSTO DO AMARAL,CAMISETA,CAMISETA MANGA CURTA,EXG,"$61,90",AUGUSTO DO AMARAL CAMISETA MANGA CURTA | EXG
AUGUSTO DO AMARAL,CAMISETA,CAMISETA MANGA LONGA,4,"$45,90",AUGUSTO DO AMARAL CAMISETA MANGA LONGA | 4
AUGUSTO DO AMARAL,CAMISETA,CAMISETA MANGA LONGA,6,"$47,90",AUGUSTO DO AMARAL CAMISETA MANGA LONGA | 06
AUGUSTO DO AMARAL,CAMISETA,CAMISETA MANGA LONGA,8,"$48,90",AUGUSTO DO AMARAL CAMISETA MANGA LONGA | 08
AUGUSTO DO AMARAL,CAMISETA,CAMISETA MANGA LONGA,10,"$50,90",AUGUSTO DO AMARAL CAMISETA MANGA LONGA | 10
AUGUSTO DO AMARAL,CAMISETA,CAMISETA MANGA LONGA,12,"$52,90",AUGUSTO DO AMARAL CAMISETA MANGA LONGA | 12
AUGUSTO DO AMARAL,CAMISETA,CAMISETA MANGA LONGA,14,"$54,90",AUGUSTO DO AMARAL CAMISETA MANGA LONGA | 14
AUGUSTO DO AMARAL,CAMISETA,CAMISETA MANGA LONGA,P,"$56,90",AUGUSTO DO AMARAL CAMISETA MANGA LONGA | P
AUGUSTO DO AMARAL,CAMISETA,CAMISETA MANGA LONGA,M,"$58,50",AUGUSTO DO AMARAL CAMISETA MANGA LONGA | M
AUGUSTO DO AMARAL,CAMISETA,CAMISETA MANGA LONGA,G,"$62,90",AUGUSTO DO AMARAL CAMISETA MANGA LONGA | G
AUGUSTO DO AMARAL,CAMISETA,CAMISETA MANGA LONGA,GG,"$64,90",AUGUSTO DO AMARAL CAMISETA MANGA LONGA | GG
AUGUSTO DO AMARAL,CAMISETA,CAMISETA MANGA LONGA,EXG,"$70,90",AUGUSTO DO AMARAL CAMISETA MANGA LONGA | EXG
APPEZ,BERMUDA,BERMUDA CICLISTA SUPLEX,1,"$70,90",APPEZ BERMUDA CICLISTA SUPLEX | 1
APPEZ,BERMUDA,BERMUDA CICLISTA SUPLEX,2,"$72,90",APPEZ BERMUDA CICLISTA SUPLEX | 2
APPEZ,BERMUDA,BERMUDA CICLISTA SUPLEX,4,"$74,90",APPEZ BERMUDA CICLISTA SUPLEX | 4
APPEZ,BERMUDA,BERMUDA CICLISTA SUPLEX,6,"$75,90",APPEZ BERMUDA CICLISTA SUPLEX | 6
APPEZ,BERMUDA,BERMUDA CICLISTA SUPLEX,8,"$76,90",APPEZ BERMUDA CICLISTA SUPLEX | 8
APPEZ,BERMUDA,BERMUDA CICLISTA SUPLEX,10,"$77,90",APPEZ BERMUDA CICLISTA SUPLEX | 10
APPEZ,BERMUDA,BERMUDA CICLISTA SUPLEX,12,"$79,90",APPEZ BERMUDA CICLISTA SUPLEX | 12
APPEZ,BERMUDA,BERMUDA CICLISTA SUPLEX,14,"$82,90",APPEZ BERMUDA CICLISTA SUPLEX | 14
APPEZ,BERMUDA,BERMUDA DE HELANCA,1,"$65,90",APPEZ BERMUDA DE HELANCA | 1
APPEZ,BERMUDA,BERMUDA DE HELANCA,2,"$66,90",APPEZ BERMUDA DE HELANCA | 2
APPEZ,BERMUDA,BERMUDA DE HELANCA,4,"$67,90",APPEZ BERMUDA DE HELANCA | 4
APPEZ,BERMUDA,BERMUDA DE HELANCA,6,"$69,90",APPEZ BERMUDA DE HELANCA | 6
APPEZ,BERMUDA,BERMUDA DE HELANCA,8,"$70,90",APPEZ BERMUDA DE HELANCA | 8
APPEZ,BERMUDA,BERMUDA DE HELANCA,10,"$72,90",APPEZ BERMUDA DE HELANCA | 10
APPEZ,BERMUDA,BERMUDA DE HELANCA,12,"$74,90",APPEZ BERMUDA DE HELANCA | 12
APPEZ,BERMUDA,BERMUDA DE HELANCA,14,"$76,90",APPEZ BERMUDA DE HELANCA | 14
APPEZ,AGASALHO,BLUSAO DE HELANCA,1,"$139,90",APPEZ BLUSAO DE HELANCA | 1
APPEZ,AGASALHO,BLUSAO DE HELANCA,2,"$142,90",APPEZ BLUSAO DE HELANCA | 2
APPEZ,AGASALHO,BLUSAO DE HELANCA,4,"$145,90",APPEZ BLUSAO DE HELANCA | 4
APPEZ,AGASALHO,BLUSAO DE HELANCA,6,"$149,90",APPEZ BLUSAO DE HELANCA | 6
APPEZ,AGASALHO,BLUSAO DE HELANCA,8,"$154,90",APPEZ BLUSAO DE HELANCA | 8
APPEZ,AGASALHO,BLUSAO DE HELANCA,10,"$159,90",APPEZ BLUSAO DE HELANCA | 10
APPEZ,AGASALHO,BLUSAO DE HELANCA,12,"$162,90",APPEZ BLUSAO DE HELANCA | 12
APPEZ,AGASALHO,BLUSAO DE HELANCA,14,"$165,90",APPEZ BLUSAO DE HELANCA | 14
APPEZ,AGASALHO,BLUSAO DE HELANCA FLANELADO,1,"$149,90",APPEZ BLUSAO DE HELANCA FLANELADO | 1
APPEZ,AGASALHO,BLUSAO DE HELANCA FLANELADO,2,"$152,90",APPEZ BLUSAO DE HELANCA FLANELADO | 2
APPEZ,AGASALHO,BLUSAO DE HELANCA FLANELADO,4,"$155,90",APPEZ BLUSAO DE HELANCA FLANELADO | 4
APPEZ,AGASALHO,BLUSAO DE HELANCA FLANELADO,6,"$159,90",APPEZ BLUSAO DE HELANCA FLANELADO | 6
APPEZ,AGASALHO,BLUSAO DE HELANCA FLANELADO,8,"$164,90",APPEZ BLUSAO DE HELANCA FLANELADO | 8
APPEZ,AGASALHO,BLUSAO DE HELANCA FLANELADO,10,"$169,90",APPEZ BLUSAO DE HELANCA FLANELADO | 10
APPEZ,AGASALHO,BLUSAO DE HELANCA FLANELADO,12,"$172,90",APPEZ BLUSAO DE HELANCA FLANELADO | 12
APPEZ,AGASALHO,BLUSAO DE HELANCA FLANELADO,14,"$175,90",APPEZ BLUSAO DE HELANCA FLANELADO | 14
APPEZ,CALÇA,CALÇA DE HELANCA,1,"$85,90",APPEZ CALÇA DE HELANCA | 1
APPEZ,CALÇA,CALÇA DE HELANCA,2,"$86,90",APPEZ CALÇA DE HELANCA | 2
APPEZ,CALÇA,CALÇA DE HELANCA,4,"$87,90",APPEZ CALÇA DE HELANCA | 4
APPEZ,CALÇA,CALÇA DE HELANCA,6,"$89,90",APPEZ CALÇA DE HELANCA | 6
APPEZ,CALÇA,CALÇA DE HELANCA,8,"$92,90",APPEZ CALÇA DE HELANCA | 8
APPEZ,CALÇA,CALÇA DE HELANCA,10,"$94,90",APPEZ CALÇA DE HELANCA | 10
APPEZ,CALÇA,CALÇA DE HELANCA,12,"$97,90",APPEZ CALÇA DE HELANCA | 12
APPEZ,CALÇA,CALÇA DE HELANCA,14,"$102,10",APPEZ CALÇA DE HELANCA | 14
APPEZ,CALÇA,CALÇA DE HELANCA FLANELADA,1,"$95,90",APPEZ CALÇA DE HELANCA FLANELADA | 1
APPEZ,CALÇA,CALÇA DE HELANCA FLANELADA,2,"$96,90",APPEZ CALÇA DE HELANCA FLANELADA | 2
APPEZ,CALÇA,CALÇA DE HELANCA FLANELADA,4,"$97,90",APPEZ CALÇA DE HELANCA FLANELADA | 4
APPEZ,CALÇA,CALÇA DE HELANCA FLANELADA,6,"$99,90",APPEZ CALÇA DE HELANCA FLANELADA | 6
APPEZ,CALÇA,CALÇA DE HELANCA FLANELADA,8,"$102,90",APPEZ CALÇA DE HELANCA FLANELADA | 8
APPEZ,CALÇA,CALÇA DE HELANCA FLANELADA,10,"$104,90",APPEZ CALÇA DE HELANCA FLANELADA | 10
APPEZ,CALÇA,CALÇA DE HELANCA FLANELADA,12,"$107,70",APPEZ CALÇA DE HELANCA FLANELADA | 12
APPEZ,CALÇA,CALÇA DE HELANCA FLANELADA,14,"$112,10",APPEZ CALÇA DE HELANCA FLANELADA | 14
APPEZ,CALÇA,CALÇA BAILARINA SUPLEX,1,"$86,90",APPEZ CALÇA.BAILARINA SUPLEX | 1
APPEZ,CALÇA,CALÇA BAILARINA SUPLEX,2,"$87,90",APPEZ CALÇA.BAILARINA SUPLEX | 2
APPEZ,CALÇA,CALÇA BAILARINA SUPLEX,4,"$89,90",APPEZ CALÇA.BAILARINA SUPLEX | 4
APPEZ,CALÇA,CALÇA BAILARINA SUPLEX,6,"$90,90",APPEZ CALÇA.BAILARINA SUPLEX | 6
APPEZ,CALÇA,CALÇA BAILARINA SUPLEX,8,"$94,90",APPEZ CALÇA.BAILARINA SUPLEX | 8
APPEZ,CALÇA,CALÇA BAILARINA SUPLEX,10,"$98,90",APPEZ CALÇA.BAILARINA SUPLEX | 10
APPEZ,CALÇA,CALÇA BAILARINA SUPLEX,12,"$102,90",APPEZ CALÇA.BAILARINA SUPLEX | 12
APPEZ,CALÇA,CALÇA BAILARINA SUPLEX,14,"$109,90",APPEZ CALÇA.BAILARINA SUPLEX | 14
APPEZ,CALÇA,CALÇA BAILARINA SUPLEX FLANELADA,1,"$96,90",APPEZ CALÇA.BAILARINA SUPLEX FLANELADA | 01
APPEZ,CALÇA,CALÇA BAILARINA SUPLEX FLANELADA,2,"$97,90",APPEZ CALÇA.BAILARINA SUPLEX FLANELADA | 02
APPEZ,CALÇA,CALÇA BAILARINA SUPLEX FLANELADA,4,"$99,90",APPEZ CALÇA.BAILARINA SUPLEX FLANELADA | 04
APPEZ,CALÇA,CALÇA BAILARINA SUPLEX FLANELADA,6,"$100,90",APPEZ CALÇA.BAILARINA SUPLEX FLANELADA | 06
APPEZ,CALÇA,CALÇA BAILARINA SUPLEX FLANELADA,8,"$104,90",APPEZ CALÇA.BAILARINA SUPLEX FLANELADA | 08
APPEZ,CALÇA,CALÇA BAILARINA SUPLEX FLANELADA,10,"$108,90",APPEZ CALÇA.BAILARINA SUPLEX FLANELADA | 10
APPEZ,CALÇA,CALÇA BAILARINA SUPLEX FLANELADA,12,"$112,90",APPEZ CALÇA.BAILARINA SUPLEX FLANELADA | 12
APPEZ,CALÇA,CALÇA BAILARINA SUPLEX FLANELADA,14,"$119,90",APPEZ CALÇA.BAILARINA SUPLEX FLANELADA | 14
APPEZ,CALÇA,CALÇA LEGGING SUPLEX,1,"$81,90",APPEZ CALÇA.LEGGING SUPLEX | 1
APPEZ,CALÇA,CALÇA LEGGING SUPLEX,2,"$82,90",APPEZ CALÇA.LEGGING SUPLEX | 2
APPEZ,CALÇA,CALÇA LEGGING SUPLEX,4,"$84,90",APPEZ CALÇA.LEGGING SUPLEX | 4
APPEZ,CALÇA,CALÇA LEGGING SUPLEX,6,"$85,90",APPEZ CALÇA.LEGGING SUPLEX | 6
APPEZ,CALÇA,CALÇA LEGGING SUPLEX,8,"$89,90",APPEZ CALÇA.LEGGING SUPLEX | 8
APPEZ,CALÇA,CALÇA LEGGING SUPLEX,10,"$93,90",APPEZ CALÇA.LEGGING SUPLEX | 10
APPEZ,CALÇA,CALÇA LEGGING SUPLEX,12,"$97,90",APPEZ CALÇA.LEGGING SUPLEX | 12
APPEZ,CALÇA,CALÇA LEGGING SUPLEX,14,"$104,90",APPEZ CALÇA.LEGGING SUPLEX | 14
APPEZ,CALÇA,CALÇA LEGGING SUPLEX FLANELADA,1,"$91,90",APPEZ CALÇA.LEGGING SUPLEX FLANELADA | 01
APPEZ,CALÇA,CALÇA LEGGING SUPLEX FLANELADA,2,"$92,90",APPEZ CALÇA.LEGGING SUPLEX FLANELADA | 02
APPEZ,CALÇA,CALÇA LEGGING SUPLEX FLANELADA,4,"$94,90",APPEZ CALÇA.LEGGING SUPLEX FLANELADA | 04
APPEZ,CALÇA,CALÇA LEGGING SUPLEX FLANELADA,6,"$95,90",APPEZ CALÇA.LEGGING SUPLEX FLANELADA | 06
APPEZ,CALÇA,CALÇA LEGGING SUPLEX FLANELADA,8,"$99,90",APPEZ CALÇA.LEGGING SUPLEX FLANELADA | 08
APPEZ,CALÇA,CALÇA LEGGING SUPLEX FLANELADA,10,"$103,90",APPEZ CALÇA.LEGGING SUPLEX FLANELADA | 10
APPEZ,CALÇA,CALÇA LEGGING SUPLEX FLANELADA,12,"$107,90",APPEZ CALÇA.LEGGING SUPLEX FLANELADA | 12
APPEZ,CALÇA,CALÇA LEGGING SUPLEX FLANELADA,14,"$114,90",APPEZ CALÇA.LEGGING SUPLEX FLANELADA | 14
APPEZ,CAMISETA,CAMISETA M.C.AZUL MARINHO,1,"$51,90",APPEZ CAMISETA M.C.AZUL MARINHO | 1
APPEZ,CAMISETA,CAMISETA M.C.AZUL MARINHO,2,"$52,90",APPEZ CAMISETA M.C.AZUL MARINHO | 2
APPEZ,CAMISETA,CAMISETA M.C.AZUL MARINHO,4,"$53,90",APPEZ CAMISETA M.C.AZUL MARINHO | 4
APPEZ,CAMISETA,CAMISETA M.C.AZUL MARINHO,6,"$54,90",APPEZ CAMISETA M.C.AZUL MARINHO | 6
APPEZ,CAMISETA,CAMISETA M.C.AZUL MARINHO,8,"$55,90",APPEZ CAMISETA M.C.AZUL MARINHO | 8
APPEZ,CAMISETA,CAMISETA M.C.AZUL MARINHO,10,"$56,90",APPEZ CAMISETA M.C.AZUL MARINHO | 10
APPEZ,CAMISETA,CAMISETA M.C.AZUL MARINHO,12,"$57,90",APPEZ CAMISETA M.C.AZUL MARINHO | 12
APPEZ,CAMISETA,CAMISETA M.C.AZUL MARINHO,14,"$58,90",APPEZ CAMISETA M.C.AZUL MARINHO | 14
APPEZ,CAMISETA,CAMISETA M.C.AZUL MARINHO,M,"$60,90",APPEZ CAMISETA M.C.AZUL MARINHO | M
APPEZ,CAMISETA,CAMISETA M.C.AZUL MARINHO,G,"$62,90",APPEZ CAMISETA M.C.AZUL MARINHO | G
APPEZ,CAMISETA,CAMISETA M.C.AZUL MARINHO,GG,"$62,90",APPEZ CAMISETA M.C.AZUL MARINHO | GG
APPEZ,CAMISETA,CAMISETA M.C.LARANJA,1,"$51,90",APPEZ CAMISETA M.C.LARANJA | 1
APPEZ,CAMISETA,CAMISETA M.C.LARANJA,2,"$52,90",APPEZ CAMISETA M.C.LARANJA | 2
APPEZ,CAMISETA,CAMISETA M.C.LARANJA,4,"$53,90",APPEZ CAMISETA M.C.LARANJA | 4
APPEZ,CAMISETA,CAMISETA M.C.LARANJA,6,"$54,90",APPEZ CAMISETA M.C.LARANJA | 6
APPEZ,CAMISETA,CAMISETA M.C.LARANJA,8,"$55,90",APPEZ CAMISETA M.C.LARANJA | 8
APPEZ,CAMISETA,CAMISETA M.C.LARANJA,10,"$56,90",APPEZ CAMISETA M.C.LARANJA | 10
APPEZ,CAMISETA,CAMISETA M.C.LARANJA,12,"$57,90",APPEZ CAMISETA M.C.LARANJA | 12
APPEZ,CAMISETA,CAMISETA M.C.LARANJA,14,"$58,90",APPEZ CAMISETA M.C.LARANJA | 14
APPEZ,CAMISETA,CAMISETA M.L.AZUL MARINHO,1,"$54,90",APPEZ CAMISETA M.L.AZUL MARINHO | 1
APPEZ,CAMISETA,CAMISETA M.L.AZUL MARINHO,2,"$57,90",APPEZ CAMISETA M.L.AZUL MARINHO | 2
APPEZ,CAMISETA,CAMISETA M.L.AZUL MARINHO,4,"$58,90",APPEZ CAMISETA M.L.AZUL MARINHO | 4
APPEZ,CAMISETA,CAMISETA M.L.AZUL MARINHO,6,"$59,90",APPEZ CAMISETA M.L.AZUL MARINHO | 6
APPEZ,CAMISETA,CAMISETA M.L.AZUL MARINHO,8,"$60,90",APPEZ CAMISETA M.L.AZUL MARINHO | 8
APPEZ,CAMISETA,CAMISETA M.L.AZUL MARINHO,10,"$61,90",APPEZ CAMISETA M.L.AZUL MARINHO | 10
APPEZ,CAMISETA,CAMISETA M.L.AZUL MARINHO,12,"$62,90",APPEZ CAMISETA M.L.AZUL MARINHO | 12
APPEZ,CAMISETA,CAMISETA M.L.AZUL MARINHO,14,"$63,90",APPEZ CAMISETA M.L.AZUL MARINHO | 14
APPEZ,CAMISETA,CAMISETA M.L.AZUL MARINHO,M,"$69,90",APPEZ CAMISETA M.L.AZUL MARINHO | M
APPEZ,CAMISETA,CAMISETA M.L.AZUL MARINHO,P,"$69,90",APPEZ CAMISETA M.L.AZUL MARINHO | P
APPEZ,CAMISETA,CAMISETA M.L.AZUL MARINHO,GG,"$69,90",APPEZ CAMISETA M.L.AZUL MARINHO | GG
APPEZ,CAMISETA,CAMISETA M.L.LARANJA,1,"$54,90",APPEZ CAMISETA M.L.LARANJA | 1
APPEZ,CAMISETA,CAMISETA M.L.LARANJA,2,"$57,90",APPEZ CAMISETA M.L.LARANJA | 2
APPEZ,CAMISETA,CAMISETA M.L.LARANJA,4,"$58,90",APPEZ CAMISETA M.L.LARANJA | 4
APPEZ,CAMISETA,CAMISETA M.L.LARANJA,6,"$59,90",APPEZ CAMISETA M.L.LARANJA | 6
APPEZ,CAMISETA,CAMISETA M.L.LARANJA,8,"$60,90",APPEZ CAMISETA M.L.LARANJA | 8
APPEZ,CAMISETA,CAMISETA M.L.LARANJA,10,"$61,90",APPEZ CAMISETA M.L.LARANJA | 10
APPEZ,CAMISETA,CAMISETA M.L.LARANJA,12,"$62,90",APPEZ CAMISETA M.L.LARANJA | 12
APPEZ,CAMISETA,CAMISETA M.L.LARANJA,14,"$63,90",APPEZ CAMISETA M.L.LARANJA | 14
APPEZ,OUTROS,REGATA AZUL MARINHO,1,"$50,90",APPEZ REGATA AZUL MARINHO | 1
APPEZ,OUTROS,REGATA AZUL MARINHO,2,"$51,90",APPEZ REGATA AZUL MARINHO | 2
APPEZ,OUTROS,REGATA AZUL MARINHO,4,"$52,90",APPEZ REGATA AZUL MARINHO | 4
APPEZ,OUTROS,REGATA AZUL MARINHO,6,"$53,90",APPEZ REGATA AZUL MARINHO | 6
APPEZ,OUTROS,REGATA AZUL MARINHO,8,"$54,90",APPEZ REGATA AZUL MARINHO | 8
APPEZ,OUTROS,REGATA AZUL MARINHO,10,"$55,90",APPEZ REGATA AZUL MARINHO | 10
APPEZ,OUTROS,REGATA AZUL MARINHO,12,"$56,90",APPEZ REGATA AZUL MARINHO | 12
APPEZ,OUTROS,REGATA AZUL MARINHO,14,"$57,90",APPEZ REGATA AZUL MARINHO | 14
APPEZ,OUTROS,REGATA LARANJA,1,"$50,90",APPEZ REGATA LARANJA | 1
APPEZ,OUTROS,REGATA LARANJA,2,"$51,90",APPEZ REGATA LARANJA | 2
APPEZ,OUTROS,REGATA LARANJA,4,"$52,90",APPEZ REGATA LARANJA | 4
APPEZ,OUTROS,REGATA LARANJA,6,"$53,90",APPEZ REGATA LARANJA | 6
APPEZ,OUTROS,REGATA LARANJA,8,"$54,90",APPEZ REGATA LARANJA | 8
APPEZ,OUTROS,REGATA LARANJA,10,"$55,90",APPEZ REGATA LARANJA | 10
APPEZ,OUTROS,REGATA LARANJA,12,"$56,90",APPEZ REGATA LARANJA | 12
APPEZ,OUTROS,REGATA LARANJA,14,"$57,90",APPEZ REGATA LARANJA | 14
APPEZ,SAIA/SHORT,SHORT SAIA SUPLEX,1,"$76,90",APPEZ SHORT SAIA SUPLEX | 1
APPEZ,SAIA/SHORT,SHORT SAIA SUPLEX,2,"$77,90",APPEZ SHORT SAIA SUPLEX | 2
APPEZ,SAIA/SHORT,SHORT SAIA SUPLEX,4,"$82,90",APPEZ SHORT SAIA SUPLEX | 4
APPEZ,SAIA/SHORT,SHORT SAIA SUPLEX,6,"$82,90",APPEZ SHORT SAIA SUPLEX | 6
APPEZ,SAIA/SHORT,SHORT SAIA SUPLEX,8,"$83,90",APPEZ SHORT SAIA SUPLEX | 8
APPEZ,SAIA/SHORT,SHORT SAIA SUPLEX,10,"$84,90",APPEZ SHORT SAIA SUPLEX | 10
APPEZ,SAIA/SHORT,SHORT SAIA SUPLEX,12,"$85,90",APPEZ SHORT SAIA SUPLEX | 12
APPEZ,SAIA/SHORT,SHORT SAIA SUPLEX,14,"$86,90",APPEZ SHORT SAIA SUPLEX | 14
APPEZ,OUTROS,VESTIDO,PP,"$99,90",APPEZ VESTIDO | PP
APPEZ,OUTROS,VESTIDO,P,"$101,90",APPEZ VESTIDO | P
APPEZ,OUTROS,VESTIDO,M,"$103,90",APPEZ VESTIDO | M
APPEZ,OUTROS,VESTIDO,G,"$105,90",APPEZ VESTIDO | G
APPEZ,OUTROS,VESTIDO,GG,"$110,90",APPEZ VESTIDO | GG
BLOOM,BERMUDA,BERMUDA CICLISTA SUPLEX,1,"$65,90",BLOOM BERMUDA CICLISTA SUPLEX | 1
BLOOM,BERMUDA,BERMUDA CICLISTA SUPLEX,2,"$70,90",BLOOM BERMUDA CICLISTA SUPLEX | 2
BLOOM,BERMUDA,BERMUDA CICLISTA SUPLEX,4,"$74,90",BLOOM BERMUDA CICLISTA SUPLEX | 4
BLOOM,BERMUDA,BERMUDA CICLISTA SUPLEX,6,"$75,90",BLOOM BERMUDA CICLISTA SUPLEX | 6
BLOOM,BERMUDA,BERMUDA CICLISTA SUPLEX,8,"$76,90",BLOOM BERMUDA CICLISTA SUPLEX | 8
BLOOM,BERMUDA,BERMUDA CICLISTA SUPLEX,10,"$77,90",BLOOM BERMUDA CICLISTA SUPLEX | 10
BLOOM,BERMUDA,BERMUDA CICLISTA SUPLEX,12,"$79,90",BLOOM BERMUDA CICLISTA SUPLEX | 12
BLOOM,BERMUDA,BERMUDA CICLISTA SUPLEX,14,"$82,90",BLOOM BERMUDA CICLISTA SUPLEX | 14
BLOOM,BERMUDA,BERMUDA CICLISTA SUPLEX,P,"$83,90",BLOOM BERMUDA CICLISTA SUPLEX | P
BLOOM,BERMUDA,BERMUDA CICLISTA SUPLEX,M,"$84,90",BLOOM BERMUDA CICLISTA SUPLEX | M
BLOOM,BERMUDA,BERMUDA CICLISTA SUPLEX,G,"$85,90",BLOOM BERMUDA CICLISTA SUPLEX | G
BLOOM,BERMUDA,BERMUDA CICLISTA SUPLEX,GG,"$89,90",BLOOM BERMUDA CICLISTA SUPLEX | GG
BLOOM,BERMUDA,BERMUDA CICLISTA SUPLEX,EXG,"$99,90",BLOOM BERMUDA CICLISTA SUPLEX | EXG
BLOOM,BERMUDA,BERMUDA DE HELANCA,1,"$65,90",BLOOM BERMUDA DE HELANCA | 1
BLOOM,BERMUDA,BERMUDA DE HELANCA,2,"$66,90",BLOOM BERMUDA DE HELANCA | 2
BLOOM,BERMUDA,BERMUDA DE HELANCA,4,"$67,90",BLOOM BERMUDA DE HELANCA | 4
BLOOM,BERMUDA,BERMUDA DE HELANCA,6,"$69,90",BLOOM BERMUDA DE HELANCA | 6
BLOOM,BERMUDA,BERMUDA DE HELANCA,8,"$70,90",BLOOM BERMUDA DE HELANCA | 8
BLOOM,BERMUDA,BERMUDA DE HELANCA,10,"$72,90",BLOOM BERMUDA DE HELANCA | 10
BLOOM,BERMUDA,BERMUDA DE HELANCA,12,"$74,90",BLOOM BERMUDA DE HELANCA | 12
BLOOM,BERMUDA,BERMUDA DE HELANCA,14,"$76,90",BLOOM BERMUDA DE HELANCA | 14
BLOOM,AGASALHO,BLUSAO DE HELANCA,1,"$139,90",BLOOM BLUSAO DE HELANCA | 1
BLOOM,AGASALHO,BLUSAO DE HELANCA,2,"$142,90",BLOOM BLUSAO DE HELANCA | 2
BLOOM,AGASALHO,BLUSAO DE HELANCA,4,"$145,90",BLOOM BLUSAO DE HELANCA | 4
BLOOM,AGASALHO,BLUSAO DE HELANCA,6,"$149,90",BLOOM BLUSAO DE HELANCA | 6
BLOOM,AGASALHO,BLUSAO DE HELANCA,8,"$154,90",BLOOM BLUSAO DE HELANCA | 8
BLOOM,AGASALHO,BLUSAO DE HELANCA,10,"$159,90",BLOOM BLUSAO DE HELANCA | 10
BLOOM,AGASALHO,BLUSAO DE HELANCA,12,"$162,90",BLOOM BLUSAO DE HELANCA | 12
BLOOM,AGASALHO,BLUSAO DE HELANCA,14,"$165,90",BLOOM BLUSAO DE HELANCA | 14
BLOOM,AGASALHO,BLUSAO DE HELANCA FLANELADO,1,"$149,90",BLOOM BLUSAO DE HELANCA FLANELADO | 1
BLOOM,AGASALHO,BLUSAO DE HELANCA FLANELADO,2,"$152,90",BLOOM BLUSAO DE HELANCA FLANELADO | 2
BLOOM,AGASALHO,BLUSAO DE HELANCA FLANELADO,4,"$155,90",BLOOM BLUSAO DE HELANCA FLANELADO | 4
BLOOM,AGASALHO,BLUSAO DE HELANCA FLANELADO,6,"$159,90",BLOOM BLUSAO DE HELANCA FLANELADO | 6
BLOOM,AGASALHO,BLUSAO DE HELANCA FLANELADO,8,"$164,90",BLOOM BLUSAO DE HELANCA FLANELADO | 8
BLOOM,AGASALHO,BLUSAO DE HELANCA FLANELADO,10,"$169,90",BLOOM BLUSAO DE HELANCA FLANELADO | 10
BLOOM,AGASALHO,BLUSAO DE HELANCA FLANELADO,12,"$172,90",BLOOM BLUSAO DE HELANCA FLANELADO | 12
BLOOM,AGASALHO,BLUSAO DE HELANCA FLANELADO,14,"$175,90",BLOOM BLUSAO DE HELANCA FLANELADO | 14
BLOOM,CALÇA,CALÇA BAILARINA,1,"$86,90",BLOOM CALÇA BAILARINA | 1
BLOOM,CALÇA,CALÇA BAILARINA,2,"$87,90",BLOOM CALÇA BAILARINA | 2
BLOOM,CALÇA,CALÇA BAILARINA,4,"$89,90",BLOOM CALÇA BAILARINA | 4
BLOOM,CALÇA,CALÇA BAILARINA,6,"$90,90",BLOOM CALÇA BAILARINA | 6
BLOOM,CALÇA,CALÇA BAILARINA,8,"$94,90",BLOOM CALÇA BAILARINA | 8
BLOOM,CALÇA,CALÇA BAILARINA,10,"$98,90",BLOOM CALÇA BAILARINA | 10
BLOOM,CALÇA,CALÇA BAILARINA,12,"$102,90",BLOOM CALÇA BAILARINA | 12
BLOOM,CALÇA,CALÇA BAILARINA,14,"$109,90",BLOOM CALÇA BAILARINA | 14
BLOOM,CALÇA,CALÇA BAILARINA FLANELADA,1,"$96,90",BLOOM CALÇA BAILARINA FLANELADA | 01
BLOOM,CALÇA,CALÇA BAILARINA FLANELADA,2,"$97,90",BLOOM CALÇA BAILARINA FLANELADA | 02
BLOOM,CALÇA,CALÇA BAILARINA FLANELADA,4,"$99,90",BLOOM CALÇA BAILARINA FLANELADA | 04
BLOOM,CALÇA,CALÇA BAILARINA FLANELADA,6,"$100,90",BLOOM CALÇA BAILARINA FLANELADA | 06
BLOOM,CALÇA,CALÇA BAILARINA FLANELADA,8,"$104,90",BLOOM CALÇA BAILARINA FLANELADA | 08
BLOOM,CALÇA,CALÇA BAILARINA FLANELADA,10,"$108,90",BLOOM CALÇA BAILARINA FLANELADA | 10
BLOOM,CALÇA,CALÇA BAILARINA FLANELADA,12,"$112,90",BLOOM CALÇA BAILARINA FLANELADA | 12
BLOOM,CALÇA,CALÇA BAILARINA FLANELADA,14,"$119,90",BLOOM CALÇA BAILARINA FLANELADA | 14
BLOOM,CALÇA,CALÇA DE HELANCA,1,"$85,90",BLOOM CALÇA DE HELANCA | 1
BLOOM,CALÇA,CALÇA DE HELANCA,2,"$86,90",BLOOM CALÇA DE HELANCA | 2
BLOOM,CALÇA,CALÇA DE HELANCA,4,"$87,90",BLOOM CALÇA DE HELANCA | 4
BLOOM,CALÇA,CALÇA DE HELANCA,6,"$89,90",BLOOM CALÇA DE HELANCA | 6
BLOOM,CALÇA,CALÇA DE HELANCA,8,"$92,90",BLOOM CALÇA DE HELANCA | 8
BLOOM,CALÇA,CALÇA DE HELANCA,10,"$94,90",BLOOM CALÇA DE HELANCA | 10
BLOOM,CALÇA,CALÇA DE HELANCA,12,"$97,90",BLOOM CALÇA DE HELANCA | 12
BLOOM,CALÇA,CALÇA DE HELANCA,14,"$102,10",BLOOM CALÇA DE HELANCA | 14
BLOOM,CALÇA,CALÇA DE HELANCA FLANELADA,1,"$95,90",BLOOM CALÇA DE HELANCA FLANELADA | 1
BLOOM,CALÇA,CALÇA DE HELANCA FLANELADA,2,"$96,90",BLOOM CALÇA DE HELANCA FLANELADA | 2
BLOOM,CALÇA,CALÇA DE HELANCA FLANELADA,4,"$97,90",BLOOM CALÇA DE HELANCA FLANELADA | 4
BLOOM,CALÇA,CALÇA DE HELANCA FLANELADA,6,"$99,90",BLOOM CALÇA DE HELANCA FLANELADA | 6
BLOOM,CALÇA,CALÇA DE HELANCA FLANELADA,8,"$102,90",BLOOM CALÇA DE HELANCA FLANELADA | 8
BLOOM,CALÇA,CALÇA DE HELANCA FLANELADA,10,"$104,90",BLOOM CALÇA DE HELANCA FLANELADA | 10
BLOOM,CALÇA,CALÇA DE HELANCA FLANELADA,12,"$107,70",BLOOM CALÇA DE HELANCA FLANELADA | 12
BLOOM,CALÇA,CALÇA DE HELANCA FLANELADA,14,"$112,10",BLOOM CALÇA DE HELANCA FLANELADA | 14
BLOOM,CALÇA,CALÇA LEGGING,1,"$81,90",BLOOM CALÇA LEGGING | 1
BLOOM,CALÇA,CALÇA LEGGING,2,"$82,90",BLOOM CALÇA LEGGING | 2
BLOOM,CALÇA,CALÇA LEGGING,4,"$84,90",BLOOM CALÇA LEGGING | 4
BLOOM,CALÇA,CALÇA LEGGING,6,"$85,90",BLOOM CALÇA LEGGING | 6
BLOOM,CALÇA,CALÇA LEGGING,8,"$89,90",BLOOM CALÇA LEGGING | 8
BLOOM,CALÇA,CALÇA LEGGING,10,"$93,90",BLOOM CALÇA LEGGING | 10
BLOOM,CALÇA,CALÇA LEGGING,12,"$97,90",BLOOM CALÇA LEGGING | 12
BLOOM,CALÇA,CALÇA LEGGING,14,"$104,90",BLOOM CALÇA LEGGING | 14
BLOOM,CALÇA,CALÇA LEGGING FLANELADA,1,"$91,90",BLOOM CALÇA LEGGING FLANELADA | 01
BLOOM,CALÇA,CALÇA LEGGING FLANELADA,2,"$92,90",BLOOM CALÇA LEGGING FLANELADA | 02
BLOOM,CALÇA,CALÇA LEGGING FLANELADA,4,"$94,90",BLOOM CALÇA LEGGING FLANELADA | 04
BLOOM,CALÇA,CALÇA LEGGING FLANELADA,6,"$95,90",BLOOM CALÇA LEGGING FLANELADA | 06
BLOOM,CALÇA,CALÇA LEGGING FLANELADA,8,"$99,90",BLOOM CALÇA LEGGING FLANELADA | 08
BLOOM,CALÇA,CALÇA LEGGING FLANELADA,10,"$103,90",BLOOM CALÇA LEGGING FLANELADA | 10
BLOOM,CALÇA,CALÇA LEGGING FLANELADA,12,"$107,90",BLOOM CALÇA LEGGING FLANELADA | 12
BLOOM,CALÇA,CALÇA LEGGING FLANELADA,14,"$114,90",BLOOM CALÇA LEGGING FLANELADA | 14
BLOOM,CAMISETA,CAMISETA M.C. AMARELA,1,"$51,90",BLOOM CAMISETA M.C. AMARELA | 01
BLOOM,CAMISETA,CAMISETA M.C. AMARELA,2,"$52,90",BLOOM CAMISETA M.C. AMARELA | 02
BLOOM,CAMISETA,CAMISETA M.C. AMARELA,4,"$53,90",BLOOM CAMISETA M.C. AMARELA | 04
BLOOM,CAMISETA,CAMISETA M.C. AMARELA,6,"$54,90",BLOOM CAMISETA M.C. AMARELA | 06
BLOOM,CAMISETA,CAMISETA M.C. AMARELA,8,"$55,90",BLOOM CAMISETA M.C. AMARELA | 08
BLOOM,CAMISETA,CAMISETA M.C. AMARELA,10,"$56,90",BLOOM CAMISETA M.C. AMARELA | 10
BLOOM,CAMISETA,CAMISETA M.C. AMARELA,12,"$57,90",BLOOM CAMISETA M.C. AMARELA | 12
BLOOM,CAMISETA,CAMISETA M.C. AMARELA,14,"$58,90",BLOOM CAMISETA M.C. AMARELA | 14
BLOOM,CAMISETA,CAMISETA M.C. AZUL,1,"$51,90",BLOOM CAMISETA M.C. AZUL | 01
BLOOM,CAMISETA,CAMISETA M.C. AZUL,2,"$52,90",BLOOM CAMISETA M.C. AZUL | 02
BLOOM,CAMISETA,CAMISETA M.C. AZUL,4,"$53,90",BLOOM CAMISETA M.C. AZUL | 04
BLOOM,CAMISETA,CAMISETA M.C. AZUL,6,"$54,90",BLOOM CAMISETA M.C. AZUL | 06
BLOOM,CAMISETA,CAMISETA M.C. AZUL,8,"$55,90",BLOOM CAMISETA M.C. AZUL | 08
BLOOM,CAMISETA,CAMISETA M.C. AZUL,10,"$56,90",BLOOM CAMISETA M.C. AZUL | 10
BLOOM,CAMISETA,CAMISETA M.C. AZUL,12,"$57,90",BLOOM CAMISETA M.C. AZUL | 12
BLOOM,CAMISETA,CAMISETA M.C. AZUL,14,"$58,90",BLOOM CAMISETA M.C. AZUL | 14
BLOOM,CAMISETA,CAMISETA M.C. BRANCA,1,"$51,90",BLOOM CAMISETA M.C. BRANCA | 1
BLOOM,CAMISETA,CAMISETA M.C. BRANCA,2,"$52,90",BLOOM CAMISETA M.C. BRANCA | 2
BLOOM,CAMISETA,CAMISETA M.C. BRANCA,4,"$53,90",BLOOM CAMISETA M.C. BRANCA | 4
BLOOM,CAMISETA,CAMISETA M.C. BRANCA,6,"$54,90",BLOOM CAMISETA M.C. BRANCA | 6
BLOOM,CAMISETA,CAMISETA M.C. BRANCA,8,"$55,90",BLOOM CAMISETA M.C. BRANCA | 8
BLOOM,CAMISETA,CAMISETA M.C. BRANCA,10,"$56,90",BLOOM CAMISETA M.C. BRANCA | 10
BLOOM,CAMISETA,CAMISETA M.C. BRANCA,12,"$57,90",BLOOM CAMISETA M.C. BRANCA | 12
BLOOM,CAMISETA,CAMISETA M.C. BRANCA,14,"$58,90",BLOOM CAMISETA M.C. BRANCA | 14
BLOOM,CAMISETA,CAMISETA M.C. ROSA,1,"$51,90",BLOOM CAMISETA M.C. ROSA | 01
BLOOM,CAMISETA,CAMISETA M.C. ROSA,2,"$52,90",BLOOM CAMISETA M.C. ROSA | 02
BLOOM,CAMISETA,CAMISETA M.C. ROSA,4,"$53,90",BLOOM CAMISETA M.C. ROSA | 04
BLOOM,CAMISETA,CAMISETA M.C. ROSA,6,"$54,90",BLOOM CAMISETA M.C. ROSA | 06
BLOOM,CAMISETA,CAMISETA M.C. ROSA,8,"$55,90",BLOOM CAMISETA M.C. ROSA | 08
BLOOM,CAMISETA,CAMISETA M.C. ROSA,10,"$56,90",BLOOM CAMISETA M.C. ROSA | 10
BLOOM,CAMISETA,CAMISETA M.C. ROSA,12,"$57,90",BLOOM CAMISETA M.C. ROSA | 12
BLOOM,CAMISETA,CAMISETA M.C. ROSA,14,"$58,90",BLOOM CAMISETA M.C. ROSA | 14
BLOOM,CAMISETA,CAMISETA M.L. AMARELA,1,"$54,90",BLOOM CAMISETA M.L. AMARELA | 01
BLOOM,CAMISETA,CAMISETA M.L. AMARELA,2,"$57,90",BLOOM CAMISETA M.L. AMARELA | 02
BLOOM,CAMISETA,CAMISETA M.L. AMARELA,4,"$58,90",BLOOM CAMISETA M.L. AMARELA | 04
BLOOM,CAMISETA,CAMISETA M.L. AMARELA,6,"$59,90",BLOOM CAMISETA M.L. AMARELA | 06
BLOOM,CAMISETA,CAMISETA M.L. AMARELA,8,"$60,90",BLOOM CAMISETA M.L. AMARELA | 08
BLOOM,CAMISETA,CAMISETA M.L. AMARELA,10,"$61,90",BLOOM CAMISETA M.L. AMARELA | 10
BLOOM,CAMISETA,CAMISETA M.L. AMARELA,12,"$62,90",BLOOM CAMISETA M.L. AMARELA | 12
BLOOM,CAMISETA,CAMISETA M.L. AMARELA,14,"$63,90",BLOOM CAMISETA M.L. AMARELA | 14
BLOOM,CAMISETA,CAMISETA M.L. AZUL,1,"$54,90",BLOOM CAMISETA M.L. AZUL | 01
BLOOM,CAMISETA,CAMISETA M.L. AZUL,2,"$57,90",BLOOM CAMISETA M.L. AZUL | 02
BLOOM,CAMISETA,CAMISETA M.L. AZUL,4,"$58,90",BLOOM CAMISETA M.L. AZUL | 04
BLOOM,CAMISETA,CAMISETA M.L. AZUL,6,"$59,90",BLOOM CAMISETA M.L. AZUL | 06
BLOOM,CAMISETA,CAMISETA M.L. AZUL,8,"$60,90",BLOOM CAMISETA M.L. AZUL | 08
BLOOM,CAMISETA,CAMISETA M.L. AZUL,10,"$61,90",BLOOM CAMISETA M.L. AZUL | 10
BLOOM,CAMISETA,CAMISETA M.L. AZUL,12,"$62,90",BLOOM CAMISETA M.L. AZUL | 12
BLOOM,CAMISETA,CAMISETA M.L. AZUL,14,"$63,90",BLOOM CAMISETA M.L. AZUL | 14
BLOOM,CAMISETA,CAMISETA M.L. BRANCA,1,"$54,90",BLOOM CAMISETA M.L. BRANCA | 1
BLOOM,CAMISETA,CAMISETA M.L. BRANCA,2,"$57,90",BLOOM CAMISETA M.L. BRANCA | 2
BLOOM,CAMISETA,CAMISETA M.L. BRANCA,4,"$58,90",BLOOM CAMISETA M.L. BRANCA | 4
BLOOM,CAMISETA,CAMISETA M.L. BRANCA,6,"$59,90",BLOOM CAMISETA M.L. BRANCA | 6
BLOOM,CAMISETA,CAMISETA M.L. BRANCA,8,"$60,90",BLOOM CAMISETA M.L. BRANCA | 8
BLOOM,CAMISETA,CAMISETA M.L. BRANCA,10,"$61,90",BLOOM CAMISETA M.L. BRANCA | 10
BLOOM,CAMISETA,CAMISETA M.L. BRANCA,12,"$62,90",BLOOM CAMISETA M.L. BRANCA | 12
BLOOM,CAMISETA,CAMISETA M.L. BRANCA,14,"$63,90",BLOOM CAMISETA M.L. BRANCA | 14
BLOOM,CAMISETA,CAMISETA M.L. ROSA,1,"$54,90",BLOOM CAMISETA M.L. ROSA | 01
BLOOM,CAMISETA,CAMISETA M.L. ROSA,2,"$57,90",BLOOM CAMISETA M.L. ROSA | 02
BLOOM,CAMISETA,CAMISETA M.L. ROSA,4,"$58,90",BLOOM CAMISETA M.L. ROSA | 04
BLOOM,CAMISETA,CAMISETA M.L. ROSA,6,"$59,90",BLOOM CAMISETA M.L. ROSA | 06
BLOOM,CAMISETA,CAMISETA M.L. ROSA,8,"$60,90",BLOOM CAMISETA M.L. ROSA | 08
BLOOM,CAMISETA,CAMISETA M.L. ROSA,10,"$61,90",BLOOM CAMISETA M.L. ROSA | 10
BLOOM,CAMISETA,CAMISETA M.L. ROSA,12,"$62,90",BLOOM CAMISETA M.L. ROSA | 12
BLOOM,CAMISETA,CAMISETA M.L. ROSA,14,"$63,90",BLOOM CAMISETA M.L. ROSA | 14
BLOOM,OUTROS,NADADOR BRANCA,PP,"$49,90",BLOOM NADADOR BRANCA | PP
BLOOM,OUTROS,NADADOR BRANCA,P,"$50,90",BLOOM NADADOR BRANCA | P
BLOOM,OUTROS,NADADOR BRANCA,M,"$51,90",BLOOM NADADOR BRANCA | M
BLOOM,OUTROS,NADADOR BRANCA,G,"$53,90",BLOOM NADADOR BRANCA | G
BLOOM,OUTROS,NADADOR BRANCA,GG,"$54,90",BLOOM NADADOR BRANCA | GG
BLOOM,OUTROS,NADADOR BRANCA,PP ADULTO,"$55,90",BLOOM NADADOR BRANCA | PP ADULTO
BLOOM,OUTROS,NADADOR BRANCA,P ADULTO,"$58,90",BLOOM NADADOR BRANCA | P ADULTO
BLOOM,OUTROS,NADADOR BRANCA,M ADULTO,"$60,90",BLOOM NADADOR BRANCA | M ADULTO
BLOOM,OUTROS,REGATA AMARELA,1,"$50,90",BLOOM REGATA AMARELA | 01
BLOOM,OUTROS,REGATA AMARELA,2,"$51,90",BLOOM REGATA AMARELA | 02
BLOOM,OUTROS,REGATA AMARELA,4,"$52,90",BLOOM REGATA AMARELA | 04
BLOOM,OUTROS,REGATA AMARELA,6,"$53,90",BLOOM REGATA AMARELA | 06
BLOOM,OUTROS,REGATA AMARELA,8,"$54,90",BLOOM REGATA AMARELA | 08
BLOOM,OUTROS,REGATA AMARELA,10,"$55,90",BLOOM REGATA AMARELA | 10
BLOOM,OUTROS,REGATA AMARELA,12,"$56,90",BLOOM REGATA AMARELA | 12
BLOOM,OUTROS,REGATA AMARELA,14,"$57,90",BLOOM REGATA AMARELA | 14
BLOOM,OUTROS,REGATA AZUL,1,"$50,90",BLOOM REGATA AZUL | 01
BLOOM,OUTROS,REGATA AZUL,2,"$51,90",BLOOM REGATA AZUL | 02
BLOOM,OUTROS,REGATA AZUL,4,"$52,90",BLOOM REGATA AZUL | 04
BLOOM,OUTROS,REGATA AZUL,6,"$53,90",BLOOM REGATA AZUL | 06
BLOOM,OUTROS,REGATA AZUL,8,"$54,90",BLOOM REGATA AZUL | 08
BLOOM,OUTROS,REGATA AZUL,10,"$55,90",BLOOM REGATA AZUL | 10
BLOOM,OUTROS,REGATA AZUL,12,"$56,90",BLOOM REGATA AZUL | 12
BLOOM,OUTROS,REGATA AZUL,14,"$57,90",BLOOM REGATA AZUL | 14
BLOOM,OUTROS,REGATA BRANCA(PA),1,"$50,90",BLOOM REGATA BRANCA(PA) | 1
BLOOM,OUTROS,REGATA BRANCA(PA),2,"$51,90",BLOOM REGATA BRANCA(PA) | 2
BLOOM,OUTROS,REGATA BRANCA(PA),4,"$52,90",BLOOM REGATA BRANCA(PA) | 4
BLOOM,OUTROS,REGATA BRANCA(PA),6,"$53,90",BLOOM REGATA BRANCA(PA) | 6
BLOOM,OUTROS,REGATA BRANCA(PA),8,"$54,90",BLOOM REGATA BRANCA(PA) | 8
BLOOM,OUTROS,REGATA BRANCA(PA),10,"$55,90",BLOOM REGATA BRANCA(PA) | 10
BLOOM,OUTROS,REGATA BRANCA(PA),12,"$56,90",BLOOM REGATA BRANCA(PA) | 12
BLOOM,OUTROS,REGATA BRANCA(PA),14,"$57,90",BLOOM REGATA BRANCA(PA) | 14
BLOOM,OUTROS,REGATA ROSA,1,"$50,90",BLOOM REGATA ROSA | 01
BLOOM,OUTROS,REGATA ROSA,2,"$51,90",BLOOM REGATA ROSA | 02
BLOOM,OUTROS,REGATA ROSA,4,"$52,90",BLOOM REGATA ROSA | 04
BLOOM,OUTROS,REGATA ROSA,6,"$53,90",BLOOM REGATA ROSA | 06
BLOOM,OUTROS,REGATA ROSA,8,"$54,90",BLOOM REGATA ROSA | 08
BLOOM,OUTROS,REGATA ROSA,10,"$55,90",BLOOM REGATA ROSA | 10
BLOOM,OUTROS,REGATA ROSA,12,"$56,90",BLOOM REGATA ROSA | 12
BLOOM,OUTROS,REGATA ROSA,14,"$57,90",BLOOM REGATA ROSA | 14
BLOOM,SAIA/SHORT,SHORT SAIA,1,"$76,90",BLOOM SHORT SAIA | 1
BLOOM,SAIA/SHORT,SHORT SAIA,2,"$77,90",BLOOM SHORT SAIA | 2
BLOOM,SAIA/SHORT,SHORT SAIA,4,"$79,90",BLOOM SHORT SAIA | 4
BLOOM,SAIA/SHORT,SHORT SAIA,6,"$82,90",BLOOM SHORT SAIA | 6
BLOOM,SAIA/SHORT,SHORT SAIA,8,"$83,90",BLOOM SHORT SAIA | 8
BLOOM,SAIA/SHORT,SHORT SAIA,10,"$84,90",BLOOM SHORT SAIA | 10
BLOOM,SAIA/SHORT,SHORT SAIA,12,"$85,90",BLOOM SHORT SAIA | 12
BLOOM,SAIA/SHORT,SHORT SAIA,14,"$86,90",BLOOM SHORT SAIA | 14
BLOOM,SAIA/SHORT,SHORTS DE MALHA PARA REPOSIÇÃO VESTIDO,PP,"$39,00",BLOOM SHORTS DE MALHA PARA REPOSIÇÃO VESTIDO | PP
BLOOM,SAIA/SHORT,SHORTS DE MALHA PARA REPOSIÇÃO VESTIDO,P,"$39,00",BLOOM SHORTS DE MALHA PARA REPOSIÇÃO VESTIDO | P
BLOOM,SAIA/SHORT,SHORTS DE MALHA PARA REPOSIÇÃO VESTIDO,M,"$45,00",BLOOM SHORTS DE MALHA PARA REPOSIÇÃO VESTIDO | M
BLOOM,SAIA/SHORT,SHORTS DE MALHA PARA REPOSIÇÃO VESTIDO,G,"$45,00",BLOOM SHORTS DE MALHA PARA REPOSIÇÃO VESTIDO | G
BLOOM,SAIA/SHORT,SHORTS DE MALHA PARA REPOSIÇÃO VESTIDO,GG,"$49,00",BLOOM SHORTS DE MALHA PARA REPOSIÇÃO VESTIDO | GG
BLOOM,OUTROS,VESTIDO,PP,"$99,90",BLOOM VESTIDO | PP
BLOOM,OUTROS,VESTIDO,P,"$101,90",BLOOM VESTIDO | P
BLOOM,OUTROS,VESTIDO,M,"$103,90",BLOOM VESTIDO | M
BLOOM,OUTROS,VESTIDO,G,"$105,90",BLOOM VESTIDO | G
BLOOM,OUTROS,VESTIDO,GG,"$110,90",BLOOM VESTIDO | GG
BLOOM,SAIA/SHORT,VESTIDO COM SHORTS,PP,"$119,90",BLOOM VESTIDO COM SHORTS | PP
BLOOM,SAIA/SHORT,VESTIDO COM SHORTS,P,"$121,90",BLOOM VESTIDO COM SHORTS | P
BLOOM,SAIA/SHORT,VESTIDO COM SHORTS,M,"$123,90",BLOOM VESTIDO COM SHORTS | M
BLOOM,SAIA/SHORT,VESTIDO COM SHORTS,G,"$125,90",BLOOM VESTIDO COM SHORTS | G
BLOOM,SAIA/SHORT,VESTIDO COM SHORTS,GG,"$130,90",BLOOM VESTIDO COM SHORTS | GG
COC,BERMUDA,BERMUDA CICLISTA SUPLEX DE POLIAMIDA,4,"$65,90",COC BERMUDA CICLISTA SUPLEX DE POLIAMIDA | 4
COC,BERMUDA,BERMUDA CICLISTA SUPLEX DE POLIAMIDA,6,"$69,90",COC BERMUDA CICLISTA SUPLEX DE POLIAMIDA | 6
COC,BERMUDA,BERMUDA CICLISTA SUPLEX DE POLIAMIDA,8,"$72,90",COC BERMUDA CICLISTA SUPLEX DE POLIAMIDA | 8
COC,BERMUDA,BERMUDA CICLISTA SUPLEX DE POLIAMIDA,10,"$74,90",COC BERMUDA CICLISTA SUPLEX DE POLIAMIDA | 10
COC,BERMUDA,BERMUDA CICLISTA SUPLEX DE POLIAMIDA,12,"$76,90",COC BERMUDA CICLISTA SUPLEX DE POLIAMIDA | 12
COC,BERMUDA,BERMUDA CICLISTA SUPLEX DE POLIAMIDA,14,"$79,90",COC BERMUDA CICLISTA SUPLEX DE POLIAMIDA | 14
COC,BERMUDA,BERMUDA CICLISTA SUPLEX DE POLIAMIDA,P,"$81,90",COC BERMUDA CICLISTA SUPLEX DE POLIAMIDA | P
COC,BERMUDA,BERMUDA CICLISTA SUPLEX DE POLIAMIDA,M,"$83,90",COC BERMUDA CICLISTA SUPLEX DE POLIAMIDA | M
COC,BERMUDA,BERMUDA CICLISTA SUPLEX DE POLIAMIDA,G,"$85,90",COC BERMUDA CICLISTA SUPLEX DE POLIAMIDA | G
COC,BERMUDA,BERMUDA CICLISTA SUPLEX DE POLIAMIDA,GG,"$89,90",COC BERMUDA CICLISTA SUPLEX DE POLIAMIDA | GG
COC,BERMUDA,BERMUDA CICLISTA SUPLEX DE POLIAMIDA,EXG,"$99,90",COC BERMUDA CICLISTA SUPLEX DE POLIAMIDA | EXG
COC,BERMUDA,BERMUDA DE HELANCA,4,"$63,90",COC BERMUDA DE HELANCA | 4
COC,BERMUDA,BERMUDA DE HELANCA,6,"$64,90",COC BERMUDA DE HELANCA | 6
COC,BERMUDA,BERMUDA DE HELANCA,8,"$65,90",COC BERMUDA DE HELANCA | 8
COC,BERMUDA,BERMUDA DE HELANCA,10,"$67,90",COC BERMUDA DE HELANCA | 10
COC,BERMUDA,BERMUDA DE HELANCA,12,"$69,90",COC BERMUDA DE HELANCA | 12
COC,BERMUDA,BERMUDA DE HELANCA,14,"$71,90",COC BERMUDA DE HELANCA | 14
COC,BERMUDA,BERMUDA DE HELANCA,P,"$73,90",COC BERMUDA DE HELANCA | P
COC,BERMUDA,BERMUDA DE HELANCA,M,"$75,90",COC BERMUDA DE HELANCA | M
COC,BERMUDA,BERMUDA DE HELANCA,G,"$77,90",COC BERMUDA DE HELANCA | G
COC,BERMUDA,BERMUDA DE HELANCA,GG,"$82,90",COC BERMUDA DE HELANCA | GG
COC,BERMUDA,BERMUDA DE HELANCA,EXG,"$92,90",COC BERMUDA DE HELANCA | EXG
COC,AGASALHO,BLUSAO DE HELANCA,4,"$139,90",COC BLUSAO DE HELANCA | 4
COC,AGASALHO,BLUSAO DE HELANCA,6,"$141,90",COC BLUSAO DE HELANCA | 6
COC,AGASALHO,BLUSAO DE HELANCA,8,"$145,90",COC BLUSAO DE HELANCA | 8
COC,AGASALHO,BLUSAO DE HELANCA,10,"$149,90",COC BLUSAO DE HELANCA | 10
COC,AGASALHO,BLUSAO DE HELANCA,12,"$152,90",COC BLUSAO DE HELANCA | 12
COC,AGASALHO,BLUSAO DE HELANCA,14,"$157,90",COC BLUSAO DE HELANCA | 14
COC,AGASALHO,BLUSAO DE HELANCA,P,"$162,90",COC BLUSAO DE HELANCA | P
COC,AGASALHO,BLUSAO DE HELANCA,M,"$167,90",COC BLUSAO DE HELANCA | M
COC,AGASALHO,BLUSAO DE HELANCA,G,"$172,90",COC BLUSAO DE HELANCA | G
COC,AGASALHO,BLUSAO DE HELANCA,GG,"$179,90",COC BLUSAO DE HELANCA | GG
COC,AGASALHO,BLUSAO DE HELANCA,EXG,"$195,90",COC BLUSAO DE HELANCA | EXG
COC,AGASALHO,BLUSAO DE HELANCA FLANELADA,4,"$149,90",COC BLUSAO DE HELANCA FLANELADA | 4
COC,AGASALHO,BLUSAO DE HELANCA FLANELADA,6,"$151,90",COC BLUSAO DE HELANCA FLANELADA | 6
COC,AGASALHO,BLUSAO DE HELANCA FLANELADA,8,"$155,90",COC BLUSAO DE HELANCA FLANELADA | 8
COC,AGASALHO,BLUSAO DE HELANCA FLANELADA,10,"$159,90",COC BLUSAO DE HELANCA FLANELADA | 10
COC,AGASALHO,BLUSAO DE HELANCA FLANELADA,12,"$162,90",COC BLUSAO DE HELANCA FLANELADA | 12
COC,AGASALHO,BLUSAO DE HELANCA FLANELADA,14,"$167,90",COC BLUSAO DE HELANCA FLANELADA | 14
COC,AGASALHO,BLUSAO DE HELANCA FLANELADA,P,"$172,90",COC BLUSAO DE HELANCA FLANELADA | P
COC,AGASALHO,BLUSAO DE HELANCA FLANELADA,M,"$177,90",COC BLUSAO DE HELANCA FLANELADA | M
COC,AGASALHO,BLUSAO DE HELANCA FLANELADA,G,"$182,90",COC BLUSAO DE HELANCA FLANELADA | G
COC,AGASALHO,BLUSAO DE HELANCA FLANELADA,GG,"$194,90",COC BLUSAO DE HELANCA FLANELADA | GG
COC,AGASALHO,BLUSAO DE HELANCA FLANELADA,EXG,"$209,90",COC BLUSAO DE HELANCA FLANELADA | EXG
COC,CALÇA,CALÇA BAILARINA SUPLEX,4,"$86,90",COC CALÇA BAILARINA SUPLEX | 4
COC,CALÇA,CALÇA BAILARINA SUPLEX,6,"$89,90",COC CALÇA BAILARINA SUPLEX | 6
COC,CALÇA,CALÇA BAILARINA SUPLEX,8,"$94,90",COC CALÇA BAILARINA SUPLEX | 8
COC,CALÇA,CALÇA BAILARINA SUPLEX,10,"$98,90",COC CALÇA BAILARINA SUPLEX | 10
COC,CALÇA,CALÇA BAILARINA SUPLEX,12,"$102,90",COC CALÇA BAILARINA SUPLEX | 12
COC,CALÇA,CALÇA BAILARINA SUPLEX,14,"$109,90",COC CALÇA BAILARINA SUPLEX | 14
COC,CALÇA,CALÇA BAILARINA SUPLEX,P,"$117,90",COC CALÇA BAILARINA SUPLEX | P
COC,CALÇA,CALÇA BAILARINA SUPLEX,M,"$119,90",COC CALÇA BAILARINA SUPLEX | M
COC,CALÇA,CALÇA BAILARINA SUPLEX,G,"$124,90",COC CALÇA BAILARINA SUPLEX | G
COC,CALÇA,CALÇA BAILARINA SUPLEX,GG,"$129,90",COC CALÇA BAILARINA SUPLEX | GG
COC,CALÇA,CALÇA BAILARINA SUPLEX,EXG,"$139,90",COC CALÇA BAILARINA SUPLEX | EXG
COC,CALÇA,CALÇA BAILARINA SUPLEX FLANELADA,4,"$96,90",COC CALÇA BAILARINA SUPLEX FLANELADA | 4
COC,CALÇA,CALÇA BAILARINA SUPLEX FLANELADA,6,"$99,90",COC CALÇA BAILARINA SUPLEX FLANELADA | 6
COC,CALÇA,CALÇA BAILARINA SUPLEX FLANELADA,8,"$104,90",COC CALÇA BAILARINA SUPLEX FLANELADA | 8
COC,CALÇA,CALÇA BAILARINA SUPLEX FLANELADA,10,"$108,90",COC CALÇA BAILARINA SUPLEX FLANELADA | 10
COC,CALÇA,CALÇA BAILARINA SUPLEX FLANELADA,12,"$112,90",COC CALÇA BAILARINA SUPLEX FLANELADA | 12
COC,CALÇA,CALÇA BAILARINA SUPLEX FLANELADA,14,"$119,90",COC CALÇA BAILARINA SUPLEX FLANELADA | 14
COC,CALÇA,CALÇA BAILARINA SUPLEX FLANELADA,P,"$127,90",COC CALÇA BAILARINA SUPLEX FLANELADA | P
COC,CALÇA,CALÇA BAILARINA SUPLEX FLANELADA,M,"$129,90",COC CALÇA BAILARINA SUPLEX FLANELADA | M
COC,CALÇA,CALÇA BAILARINA SUPLEX FLANELADA,G,"$134,90",COC CALÇA BAILARINA SUPLEX FLANELADA | G
COC,CALÇA,CALÇA BAILARINA SUPLEX FLANELADA,GG,"$139,90",COC CALÇA BAILARINA SUPLEX FLANELADA | GG
COC,CALÇA,CALÇA BAILARINA SUPLEX FLANELADA,EXG,"$149,90",COC CALÇA BAILARINA SUPLEX FLANELADA | EXG
COC,CALÇA,CALÇA DE HELANCA,4,"$85,90",COC CALÇA DE HELANCA | 4
COC,CALÇA,CALÇA DE HELANCA,6,"$89,90",COC CALÇA DE HELANCA | 6
COC,CALÇA,CALÇA DE HELANCA,8,"$92,90",COC CALÇA DE HELANCA | 8
COC,CALÇA,CALÇA DE HELANCA,10,"$94,90",COC CALÇA DE HELANCA | 10
COC,CALÇA,CALÇA DE HELANCA,12,"$97,70",COC CALÇA DE HELANCA | 12
COC,CALÇA,CALÇA DE HELANCA,14,"$102,10",COC CALÇA DE HELANCA | 14
COC,CALÇA,CALÇA DE HELANCA,P,"$108,90",COC CALÇA DE HELANCA | P
COC,CALÇA,CALÇA DE HELANCA,M,"$116,10",COC CALÇA DE HELANCA | M
COC,CALÇA,CALÇA DE HELANCA,G,"$119,90",COC CALÇA DE HELANCA | G
COC,CALÇA,CALÇA DE HELANCA,GG,"$121,90",COC CALÇA DE HELANCA | GG
COC,CALÇA,CALÇA DE HELANCA,EXG,"$129,90",COC CALÇA DE HELANCA | EXG
COC,CALÇA,CALÇA DE HELANCA FLANELADA,4,"$95,90",COC CALÇA DE HELANCA FLANELADA | 4
COC,CALÇA,CALÇA DE HELANCA FLANELADA,6,"$99,90",COC CALÇA DE HELANCA FLANELADA | 6
COC,CALÇA,CALÇA DE HELANCA FLANELADA,8,"$102,90",COC CALÇA DE HELANCA FLANELADA | 8
COC,CALÇA,CALÇA DE HELANCA FLANELADA,10,"$104,90",COC CALÇA DE HELANCA FLANELADA | 10
COC,CALÇA,CALÇA DE HELANCA FLANELADA,12,"$107,70",COC CALÇA DE HELANCA FLANELADA | 12
COC,CALÇA,CALÇA DE HELANCA FLANELADA,14,"$112,10",COC CALÇA DE HELANCA FLANELADA | 14
COC,CALÇA,CALÇA DE HELANCA FLANELADA,P,"$118,90",COC CALÇA DE HELANCA FLANELADA | P
COC,CALÇA,CALÇA DE HELANCA FLANELADA,M,"$126,10",COC CALÇA DE HELANCA FLANELADA | M
COC,CALÇA,CALÇA DE HELANCA FLANELADA,G,"$129,90",COC CALÇA DE HELANCA FLANELADA | G
COC,CALÇA,CALÇA DE HELANCA FLANELADA,GG,"$131,90",COC CALÇA DE HELANCA FLANELADA | GG
COC,CALÇA,CALÇA DE HELANCA FLANELADA,EXG,"$139,90",COC CALÇA DE HELANCA FLANELADA | EXG
COC,CALÇA,CALÇA LEGGING SUPLEX,4,"$76,90",COC CALÇA LEGGING SUPLEX | 4
COC,CALÇA,CALÇA LEGGING SUPLEX,6,"$79,90",COC CALÇA LEGGING SUPLEX | 6
COC,CALÇA,CALÇA LEGGING SUPLEX,8,"$84,90",COC CALÇA LEGGING SUPLEX | 8
COC,CALÇA,CALÇA LEGGING SUPLEX,10,"$88,90",COC CALÇA LEGGING SUPLEX | 10
COC,CALÇA,CALÇA LEGGING SUPLEX,12,"$92,90",COC CALÇA LEGGING SUPLEX | 12
COC,CALÇA,CALÇA LEGGING SUPLEX,14,"$99,90",COC CALÇA LEGGING SUPLEX | 14
COC,CALÇA,CALÇA LEGGING SUPLEX,P,"$107,90",COC CALÇA LEGGING SUPLEX | P
COC,CALÇA,CALÇA LEGGING SUPLEX,M,"$109,90",COC CALÇA LEGGING SUPLEX | M
COC,CALÇA,CALÇA LEGGING SUPLEX,G,"$114,90",COC CALÇA LEGGING SUPLEX | G
COC,CALÇA,CALÇA LEGGING SUPLEX,GG,"$119,90",COC CALÇA LEGGING SUPLEX | GG
COC,CALÇA,CALÇA LEGGING SUPLEX,EXG,"$129,90",COC CALÇA LEGGING SUPLEX | EXG
COC,CALÇA,CALÇA LEGGING SUPLEX FLANELADA,4,"$86,90",COC CALÇA LEGGING SUPLEX FLANELADA | 4
COC,CALÇA,CALÇA LEGGING SUPLEX FLANELADA,6,"$89,90",COC CALÇA LEGGING SUPLEX FLANELADA | 6
COC,CALÇA,CALÇA LEGGING SUPLEX FLANELADA,8,"$94,90",COC CALÇA LEGGING SUPLEX FLANELADA | 8
COC,CALÇA,CALÇA LEGGING SUPLEX FLANELADA,10,"$98,90",COC CALÇA LEGGING SUPLEX FLANELADA | 10
COC,CALÇA,CALÇA LEGGING SUPLEX FLANELADA,12,"$102,90",COC CALÇA LEGGING SUPLEX FLANELADA | 12
COC,CALÇA,CALÇA LEGGING SUPLEX FLANELADA,14,"$109,90",COC CALÇA LEGGING SUPLEX FLANELADA | 14
COC,CALÇA,CALÇA LEGGING SUPLEX FLANELADA,P,"$117,90",COC CALÇA LEGGING SUPLEX FLANELADA | P
COC,CALÇA,CALÇA LEGGING SUPLEX FLANELADA,M,"$119,90",COC CALÇA LEGGING SUPLEX FLANELADA | M
COC,CALÇA,CALÇA LEGGING SUPLEX FLANELADA,G,"$124,90",COC CALÇA LEGGING SUPLEX FLANELADA | G
COC,CALÇA,CALÇA LEGGING SUPLEX FLANELADA,GG,"$129,90",COC CALÇA LEGGING SUPLEX FLANELADA | GG
COC,CALÇA,CALÇA LEGGING SUPLEX FLANELADA,EXG,"$139,90",COC CALÇA LEGGING SUPLEX FLANELADA | EXG
COC,CAMISETA,CAMISETA BABY M.C.ADULTO BRANCA,PP,"$59,90",COC CAMISETA BABY M.C.ADULTO BRANCA | PP
COC,CAMISETA,CAMISETA BABY M.C.ADULTO BRANCA,P,"$63,90",COC CAMISETA BABY M.C.ADULTO BRANCA | P
COC,CAMISETA,CAMISETA BABY M.C.ADULTO BRANCA,M,"$65,90",COC CAMISETA BABY M.C.ADULTO BRANCA | M
COC,CAMISETA,CAMISETA BABY M.C.ADULTO BRANCA,G,"$67,90",COC CAMISETA BABY M.C.ADULTO BRANCA | G
COC,CAMISETA,CAMISETA BABY M.C.ADULTO BRANCA,GG,"$69,90",COC CAMISETA BABY M.C.ADULTO BRANCA | GG
COC,CAMISETA,CAMISETA BABY M.C.ADULTO BRANCA,EXG,"$79,90",COC CAMISETA BABY M.C.ADULTO BRANCA | EXG
COC,CAMISETA,CAMISETA BABY M.C.ADULTO PRETA,PP,"$59,90",COC CAMISETA BABY M.C.ADULTO PRETA | PP
COC,CAMISETA,CAMISETA BABY M.C.ADULTO PRETA,P,"$63,90",COC CAMISETA BABY M.C.ADULTO PRETA | P
COC,CAMISETA,CAMISETA BABY M.C.ADULTO PRETA,M,"$65,90",COC CAMISETA BABY M.C.ADULTO PRETA | M
COC,CAMISETA,CAMISETA BABY M.C.ADULTO PRETA,G,"$67,90",COC CAMISETA BABY M.C.ADULTO PRETA | G
COC,CAMISETA,CAMISETA BABY M.C.ADULTO PRETA,GG,"$79,90",COC CAMISETA BABY M.C.ADULTO PRETA | GG
COC,CAMISETA,CAMISETA BABY M.C.ADULTO PRETA,EXG,"$79,90",COC CAMISETA BABY M.C.ADULTO PRETA | EXG
COC,CAMISETA,CAMISETA BABY M.C.INFANTIL BRANCA,M,"$56,90",COC CAMISETA BABY M.C.INFANTIL BRANCA | M
COC,CAMISETA,CAMISETA BABY M.C.INFANTIL BRANCA,G,"$57,90",COC CAMISETA BABY M.C.INFANTIL BRANCA | G
COC,CAMISETA,CAMISETA BABY M.C.INFANTIL BRANCA,GG,"$58,90",COC CAMISETA BABY M.C.INFANTIL BRANCA | GG
COC,CAMISETA,CAMISETA BABY M.C.INFANTIL PRETA,M,"$56,90",COC CAMISETA BABY M.C.INFANTIL PRETA | M
COC,CAMISETA,CAMISETA BABY M.C.INFANTIL PRETA,G,"$57,90",COC CAMISETA BABY M.C.INFANTIL PRETA | G
COC,CAMISETA,CAMISETA BABY M.C.INFANTIL PRETA,GG,"$58,90",COC CAMISETA BABY M.C.INFANTIL PRETA | GG
COC,CAMISETA,CAMISETA BABY M.L.ADULTO BRANCA,PP,"$64,90",COC CAMISETA BABY M.L.ADULTO BRANCA | PP
COC,CAMISETA,CAMISETA BABY M.L.ADULTO BRANCA,P,"$68,90",COC CAMISETA BABY M.L.ADULTO BRANCA | P
COC,CAMISETA,CAMISETA BABY M.L.ADULTO BRANCA,M,"$70,90",COC CAMISETA BABY M.L.ADULTO BRANCA | M
COC,CAMISETA,CAMISETA BABY M.L.ADULTO BRANCA,G,"$72,90",COC CAMISETA BABY M.L.ADULTO BRANCA | G
COC,CAMISETA,CAMISETA BABY M.L.ADULTO BRANCA,GG,"$74,90",COC CAMISETA BABY M.L.ADULTO BRANCA | GG
COC,CAMISETA,CAMISETA BABY M.L.ADULTO BRANCA,EXG,"$84,90",COC CAMISETA BABY M.L.ADULTO BRANCA | EXG
COC,CAMISETA,CAMISETA BABY M.L.ADULTO PRETO,PP,"$64,90",COC CAMISETA BABY M.L.ADULTO PRETO | PP
COC,CAMISETA,CAMISETA BABY M.L.ADULTO PRETO,P,"$68,90",COC CAMISETA BABY M.L.ADULTO PRETO | P
COC,CAMISETA,CAMISETA BABY M.L.ADULTO PRETO,M,"$70,90",COC CAMISETA BABY M.L.ADULTO PRETO | M
COC,CAMISETA,CAMISETA BABY M.L.ADULTO PRETO,G,"$72,90",COC CAMISETA BABY M.L.ADULTO PRETO | G
COC,CAMISETA,CAMISETA BABY M.L.ADULTO PRETO,GG,"$74,90",COC CAMISETA BABY M.L.ADULTO PRETO | GG
COC,CAMISETA,CAMISETA BABY M.L.ADULTO PRETO,EXG,"$84,90",COC CAMISETA BABY M.L.ADULTO PRETO | EXG
COC,CAMISETA,CAMISETA BABY M.L.INFANTIL BRANCA,M,"$61,90",COC CAMISETA BABY M.L.INFANTIL BRANCA | M
COC,CAMISETA,CAMISETA BABY M.L.INFANTIL BRANCA,G,"$62,90",COC CAMISETA BABY M.L.INFANTIL BRANCA | G
COC,CAMISETA,CAMISETA BABY M.L.INFANTIL BRANCA,GG,"$63,90",COC CAMISETA BABY M.L.INFANTIL BRANCA | GG
COC,CAMISETA,CAMISETA BABY M.L.INFANTIL PRETO,M,"$61,90",COC CAMISETA BABY M.L.INFANTIL PRETO | M
COC,CAMISETA,CAMISETA BABY M.L.INFANTIL PRETO,G,"$62,90",COC CAMISETA BABY M.L.INFANTIL PRETO | G
COC,CAMISETA,CAMISETA BABY M.L.INFANTIL PRETO,GG,"$63,90",COC CAMISETA BABY M.L.INFANTIL PRETO | GG
COC,CAMISETA,CAMISETA M.C.AZUL MARINHO PV,4,"$55,90",COC CAMISETA M.C.AZUL MARINHO PV | 4
COC,CAMISETA,CAMISETA M.C.AZUL MARINHO PV,6,"$56,90",COC CAMISETA M.C.AZUL MARINHO PV | 6
COC,CAMISETA,CAMISETA M.C.AZUL MARINHO PV,8,"$58,90",COC CAMISETA M.C.AZUL MARINHO PV | 8
COC,CAMISETA,CAMISETA M.C.AZUL MARINHO PV,10,"$60,90",COC CAMISETA M.C.AZUL MARINHO PV | 10
COC,CAMISETA,CAMISETA M.C.AZUL MARINHO PV,12,"$62,90",COC CAMISETA M.C.AZUL MARINHO PV | 12
COC,CAMISETA,CAMISETA M.C.AZUL MARINHO PV,14,"$64,90",COC CAMISETA M.C.AZUL MARINHO PV | 14
COC,CAMISETA,CAMISETA M.C.AZUL MARINHO PV,P,"$66,90",COC CAMISETA M.C.AZUL MARINHO PV | P
COC,CAMISETA,CAMISETA M.C.AZUL MARINHO PV,M,"$68,90",COC CAMISETA M.C.AZUL MARINHO PV | M
COC,CAMISETA,CAMISETA M.C.AZUL MARINHO PV,G,"$69,90",COC CAMISETA M.C.AZUL MARINHO PV | G
COC,CAMISETA,CAMISETA M.C.AZUL MARINHO PV,GG,"$72,90",COC CAMISETA M.C.AZUL MARINHO PV | GG
COC,CAMISETA,CAMISETA M.C.AZUL MARINHO PV,EXG,"$82,90",COC CAMISETA M.C.AZUL MARINHO PV | EXG
COC,CAMISETA,CAMISETA M.C.BRANCA (PA),4,"$55,90",COC CAMISETA M.C.BRANCA (PA) | 4
COC,CAMISETA,CAMISETA M.C.BRANCA (PA),6,"$56,90",COC CAMISETA M.C.BRANCA (PA) | 6
COC,CAMISETA,CAMISETA M.C.BRANCA (PA),8,"$58,90",COC CAMISETA M.C.BRANCA (PA) | 8
COC,CAMISETA,CAMISETA M.C.BRANCA (PA),10,"$60,90",COC CAMISETA M.C.BRANCA (PA) | 10
COC,CAMISETA,CAMISETA M.C.BRANCA (PA),12,"$62,90",COC CAMISETA M.C.BRANCA (PA) | 12
COC,CAMISETA,CAMISETA M.C.BRANCA (PA),14,"$64,90",COC CAMISETA M.C.BRANCA (PA) | 14
COC,CAMISETA,CAMISETA M.C.BRANCA (PA),P,"$66,90",COC CAMISETA M.C.BRANCA (PA) | P
COC,CAMISETA,CAMISETA M.C.BRANCA (PA),M,"$68,90",COC CAMISETA M.C.BRANCA (PA) | M
COC,CAMISETA,CAMISETA M.C.BRANCA (PA),G,"$69,90",COC CAMISETA M.C.BRANCA (PA) | G
COC,CAMISETA,CAMISETA M.C.BRANCA (PA),GG,"$72,90",COC CAMISETA M.C.BRANCA (PA) | GG
COC,CAMISETA,CAMISETA M.C.BRANCA (PA),EXG,"$82,90",COC CAMISETA M.C.BRANCA (PA) | EXG
COC,CAMISETA,CAMISETA M.C.CINZA PV,4,"$55,90",COC CAMISETA M.C.CINZA PV | 4
COC,CAMISETA,CAMISETA M.C.CINZA PV,6,"$56,90",COC CAMISETA M.C.CINZA PV | 6
COC,CAMISETA,CAMISETA M.C.CINZA PV,8,"$58,90",COC CAMISETA M.C.CINZA PV | 8
COC,CAMISETA,CAMISETA M.C.CINZA PV,10,"$60,90",COC CAMISETA M.C.CINZA PV | 10
COC,CAMISETA,CAMISETA M.C.CINZA PV,12,"$62,90",COC CAMISETA M.C.CINZA PV | 12
COC,CAMISETA,CAMISETA M.C.CINZA PV,14,"$64,90",COC CAMISETA M.C.CINZA PV | 14
COC,CAMISETA,CAMISETA M.C.CINZA PV,P,"$66,90",COC CAMISETA M.C.CINZA PV | P
COC,CAMISETA,CAMISETA M.C.CINZA PV,M,"$68,90",COC CAMISETA M.C.CINZA PV | M
COC,CAMISETA,CAMISETA M.C.CINZA PV,G,"$69,90",COC CAMISETA M.C.CINZA PV | G
COC,CAMISETA,CAMISETA M.C.CINZA PV,GG,"$72,90",COC CAMISETA M.C.CINZA PV | GG
COC,CAMISETA,CAMISETA M.C.CINZA PV,EXG,"$82,90",COC CAMISETA M.C.CINZA PV | EXG
COC,CAMISETA,CAMISETA M.C.PRETA PV,4,"$55,90",COC CAMISETA M.C.PRETA PV | 4
COC,CAMISETA,CAMISETA M.C.PRETA PV,6,"$56,90",COC CAMISETA M.C.PRETA PV | 6
COC,CAMISETA,CAMISETA M.C.PRETA PV,8,"$58,90",COC CAMISETA M.C.PRETA PV | 8
COC,CAMISETA,CAMISETA M.C.PRETA PV,10,"$60,90",COC CAMISETA M.C.PRETA PV | 10
COC,CAMISETA,CAMISETA M.C.PRETA PV,12,"$62,90",COC CAMISETA M.C.PRETA PV | 12
COC,CAMISETA,CAMISETA M.C.PRETA PV,14,"$64,90",COC CAMISETA M.C.PRETA PV | 14
COC,CAMISETA,CAMISETA M.C.PRETA PV,P,"$66,90",COC CAMISETA M.C.PRETA PV | P
COC,CAMISETA,CAMISETA M.C.PRETA PV,M,"$68,90",COC CAMISETA M.C.PRETA PV | M
COC,CAMISETA,CAMISETA M.C.PRETA PV,G,"$69,90",COC CAMISETA M.C.PRETA PV | G
COC,CAMISETA,CAMISETA M.C.PRETA PV,GG,"$72,90",COC CAMISETA M.C.PRETA PV | GG
COC,CAMISETA,CAMISETA M.C.PRETA PV,EXG,"$82,90",COC CAMISETA M.C.PRETA PV | EXG
COC,CAMISETA,CAMISETA M.L.AZUL MARINHO PV,4,"$60,90",COC CAMISETA M.L.AZUL MARINHO PV | 4
COC,CAMISETA,CAMISETA M.L.AZUL MARINHO PV,6,"$61,90",COC CAMISETA M.L.AZUL MARINHO PV | 6
COC,CAMISETA,CAMISETA M.L.AZUL MARINHO PV,8,"$63,90",COC CAMISETA M.L.AZUL MARINHO PV | 8
COC,CAMISETA,CAMISETA M.L.AZUL MARINHO PV,10,"$64,90",COC CAMISETA M.L.AZUL MARINHO PV | 10
COC,CAMISETA,CAMISETA M.L.AZUL MARINHO PV,12,"$67,90",COC CAMISETA M.L.AZUL MARINHO PV | 12
COC,CAMISETA,CAMISETA M.L.AZUL MARINHO PV,14,"$69,90",COC CAMISETA M.L.AZUL MARINHO PV | 14
COC,CAMISETA,CAMISETA M.L.AZUL MARINHO PV,P,"$71,90",COC CAMISETA M.L.AZUL MARINHO PV | P
COC,CAMISETA,CAMISETA M.L.AZUL MARINHO PV,M,"$74,90",COC CAMISETA M.L.AZUL MARINHO PV | M
COC,CAMISETA,CAMISETA M.L.AZUL MARINHO PV,G,"$78,90",COC CAMISETA M.L.AZUL MARINHO PV | G
COC,CAMISETA,CAMISETA M.L.AZUL MARINHO PV,GG,"$78,90",COC CAMISETA M.L.AZUL MARINHO PV | GG
COC,CAMISETA,CAMISETA M.L.AZUL MARINHO PV,EXG,"$88,90",COC CAMISETA M.L.AZUL MARINHO PV | EXG
COC,CAMISETA,CAMISETA M.L.BRANCA (PA),4,"$60,90",COC CAMISETA M.L.BRANCA (PA) | 4
COC,CAMISETA,CAMISETA M.L.BRANCA (PA),6,"$61,90",COC CAMISETA M.L.BRANCA (PA) | 6
COC,CAMISETA,CAMISETA M.L.BRANCA (PA),8,"$63,90",COC CAMISETA M.L.BRANCA (PA) | 8
COC,CAMISETA,CAMISETA M.L.BRANCA (PA),10,"$64,90",COC CAMISETA M.L.BRANCA (PA) | 10
COC,CAMISETA,CAMISETA M.L.BRANCA (PA),12,"$67,90",COC CAMISETA M.L.BRANCA (PA) | 12
COC,CAMISETA,CAMISETA M.L.BRANCA (PA),14,"$69,90",COC CAMISETA M.L.BRANCA (PA) | 14
COC,CAMISETA,CAMISETA M.L.BRANCA (PA),P,"$71,90",COC CAMISETA M.L.BRANCA (PA) | P
COC,CAMISETA,CAMISETA M.L.BRANCA (PA),M,"$73,90",COC CAMISETA M.L.BRANCA (PA) | M
COC,CAMISETA,CAMISETA M.L.BRANCA (PA),G,"$74,90",COC CAMISETA M.L.BRANCA (PA) | G
COC,CAMISETA,CAMISETA M.L.BRANCA (PA),GG,"$78,90",COC CAMISETA M.L.BRANCA (PA) | GG
COC,CAMISETA,CAMISETA M.L.BRANCA (PA),EXG,"$88,90",COC CAMISETA M.L.BRANCA (PA) | EXG
COC,CAMISETA,CAMISETA M.L.CINZA PV,4,"$60,90",COC CAMISETA M.L.CINZA PV | 4
COC,CAMISETA,CAMISETA M.L.CINZA PV,6,"$61,90",COC CAMISETA M.L.CINZA PV | 6
COC,CAMISETA,CAMISETA M.L.CINZA PV,8,"$63,90",COC CAMISETA M.L.CINZA PV | 8
COC,CAMISETA,CAMISETA M.L.CINZA PV,10,"$64,90",COC CAMISETA M.L.CINZA PV | 10
COC,CAMISETA,CAMISETA M.L.CINZA PV,12,"$67,90",COC CAMISETA M.L.CINZA PV | 12
COC,CAMISETA,CAMISETA M.L.CINZA PV,14,"$69,90",COC CAMISETA M.L.CINZA PV | 14
COC,CAMISETA,CAMISETA M.L.CINZA PV,P,"$71,90",COC CAMISETA M.L.CINZA PV | P
COC,CAMISETA,CAMISETA M.L.CINZA PV,M,"$73,90",COC CAMISETA M.L.CINZA PV | M
COC,CAMISETA,CAMISETA M.L.CINZA PV,G,"$74,90",COC CAMISETA M.L.CINZA PV | G
COC,CAMISETA,CAMISETA M.L.CINZA PV,GG,"$78,90",COC CAMISETA M.L.CINZA PV | GG
COC,CAMISETA,CAMISETA M.L.CINZA PV,EXG,"$88,90",COC CAMISETA M.L.CINZA PV | EXG
COC,CAMISETA,CAMISETA M.L.PRETA PV,4,"$60,90",COC CAMISETA M.L.PRETA PV | 4
COC,CAMISETA,CAMISETA M.L.PRETA PV,6,"$61,90",COC CAMISETA M.L.PRETA PV | 6
COC,CAMISETA,CAMISETA M.L.PRETA PV,8,"$63,90",COC CAMISETA M.L.PRETA PV | 8
COC,CAMISETA,CAMISETA M.L.PRETA PV,10,"$64,90",COC CAMISETA M.L.PRETA PV | 10
COC,CAMISETA,CAMISETA M.L.PRETA PV,12,"$67,90",COC CAMISETA M.L.PRETA PV | 12
COC,CAMISETA,CAMISETA M.L.PRETA PV,14,"$69,90",COC CAMISETA M.L.PRETA PV | 14
COC,CAMISETA,CAMISETA M.L.PRETA PV,P,"$71,90",COC CAMISETA M.L.PRETA PV | P
COC,CAMISETA,CAMISETA M.L.PRETA PV,M,"$73,90",COC CAMISETA M.L.PRETA PV | M
COC,CAMISETA,CAMISETA M.L.PRETA PV,G,"$74,90",COC CAMISETA M.L.PRETA PV | G
COC,CAMISETA,CAMISETA M.L.PRETA PV,GG,"$78,90",COC CAMISETA M.L.PRETA PV | GG
COC,CAMISETA,CAMISETA M.L.PRETA PV,EXG,"$88,90",COC CAMISETA M.L.PRETA PV | EXG
COC,OUTROS,NADADOR ADULTO BRANCA,PP,"$55,90",COC NADADOR ADULTO BRANCA | PP
COC,OUTROS,NADADOR ADULTO BRANCA,P,"$58,90",COC NADADOR ADULTO BRANCA | P
COC,OUTROS,NADADOR ADULTO BRANCA,M,"$60,90",COC NADADOR ADULTO BRANCA | M
COC,OUTROS,NADADOR ADULTO BRANCA,G,"$62,90",COC NADADOR ADULTO BRANCA | G
COC,OUTROS,NADADOR ADULTO BRANCA,GG,"$64,90",COC NADADOR ADULTO BRANCA | GG
COC,OUTROS,NADADOR ADULTO BRANCA,EXG,"$74,90",COC NADADOR ADULTO BRANCA | EXG
COC,OUTROS,NADADOR INFANTIL BRANCA,M,"$51,90",COC NADADOR INFANTIL BRANCA | M
COC,OUTROS,NADADOR INFANTIL BRANCA,G,"$53,90",COC NADADOR INFANTIL BRANCA | G
COC,OUTROS,NADADOR INFANTIL BRANCA,GG,"$54,90",COC NADADOR INFANTIL BRANCA | GG
COC,OUTROS,REGATA MACHAO AZUL PV,4,"$53,90",COC REGATA MACHAO AZUL PV | 4
COC,OUTROS,REGATA MACHAO AZUL PV,6,"$54,90",COC REGATA MACHAO AZUL PV | 6
COC,OUTROS,REGATA MACHAO AZUL PV,8,"$56,90",COC REGATA MACHAO AZUL PV | 8
COC,OUTROS,REGATA MACHAO AZUL PV,10,"$58,90",COC REGATA MACHAO AZUL PV | 10
COC,OUTROS,REGATA MACHAO AZUL PV,12,"$60,90",COC REGATA MACHAO AZUL PV | 12
COC,OUTROS,REGATA MACHAO AZUL PV,14,"$62,90",COC REGATA MACHAO AZUL PV | 14
COC,OUTROS,REGATA MACHAO AZUL PV,P,"$64,90",COC REGATA MACHAO AZUL PV | P
COC,OUTROS,REGATA MACHAO AZUL PV,M,"$66,90",COC REGATA MACHAO AZUL PV | M
COC,OUTROS,REGATA MACHAO AZUL PV,G,"$68,90",COC REGATA MACHAO AZUL PV | G
COC,OUTROS,REGATA MACHAO AZUL PV,GG,"$70,90",COC REGATA MACHAO AZUL PV | GG
COC,OUTROS,REGATA MACHAO AZUL PV,EXG,"$80,90",COC REGATA MACHAO AZUL PV | EXG
COC,OUTROS,REGATA MACHAO BRANCA - PA,4,"$53,90",COC REGATA MACHAO BRANCA - PA | 4
COC,OUTROS,REGATA MACHAO BRANCA - PA,6,"$54,90",COC REGATA MACHAO BRANCA - PA | 6
COC,OUTROS,REGATA MACHAO BRANCA - PA,8,"$56,90",COC REGATA MACHAO BRANCA - PA | 8
COC,OUTROS,REGATA MACHAO BRANCA - PA,10,"$58,90",COC REGATA MACHAO BRANCA - PA | 10
COC,OUTROS,REGATA MACHAO BRANCA - PA,12,"$60,90",COC REGATA MACHAO BRANCA - PA | 12
COC,OUTROS,REGATA MACHAO BRANCA - PA,14,"$62,90",COC REGATA MACHAO BRANCA - PA | 14
COC,OUTROS,REGATA MACHAO BRANCA - PA,P,"$64,90",COC REGATA MACHAO BRANCA - PA | P
COC,OUTROS,REGATA MACHAO BRANCA - PA,M,"$66,90",COC REGATA MACHAO BRANCA - PA | M
COC,OUTROS,REGATA MACHAO BRANCA - PA,G,"$67,90",COC REGATA MACHAO BRANCA - PA | G
COC,OUTROS,REGATA MACHAO BRANCA - PA,GG,"$70,90",COC REGATA MACHAO BRANCA - PA | GG
COC,OUTROS,REGATA MACHAO BRANCA - PA,EXG,"$80,90",COC REGATA MACHAO BRANCA - PA | EXG
COC,OUTROS,REGATA MACHÃO CINZA PV,4,"$53,90",COC REGATA MACHÃO CINZA PV | 4
COC,OUTROS,REGATA MACHÃO CINZA PV,6,"$54,90",COC REGATA MACHÃO CINZA PV | 6
COC,OUTROS,REGATA MACHÃO CINZA PV,8,"$56,90",COC REGATA MACHÃO CINZA PV | 8
COC,OUTROS,REGATA MACHÃO CINZA PV,10,"$58,90",COC REGATA MACHÃO CINZA PV | 10
COC,OUTROS,REGATA MACHÃO CINZA PV,12,"$60,90",COC REGATA MACHÃO CINZA PV | 12
COC,OUTROS,REGATA MACHÃO CINZA PV,14,"$62,90",COC REGATA MACHÃO CINZA PV | 14
COC,OUTROS,REGATA MACHÃO CINZA PV,P,"$64,90",COC REGATA MACHÃO CINZA PV | P
COC,OUTROS,REGATA MACHÃO CINZA PV,M,"$66,90",COC REGATA MACHÃO CINZA PV | M
COC,OUTROS,REGATA MACHÃO CINZA PV,G,"$67,90",COC REGATA MACHÃO CINZA PV | G
COC,OUTROS,REGATA MACHÃO CINZA PV,GG,"$70,90",COC REGATA MACHÃO CINZA PV | GG
COC,OUTROS,REGATA MACHÃO CINZA PV,EXG,"$80,90",COC REGATA MACHÃO CINZA PV | EXG
COC,OUTROS,REGATA MACHAO PRETA PV,4,"$53,90",COC REGATA MACHAO PRETA PV | 4
COC,OUTROS,REGATA MACHAO PRETA PV,6,"$54,90",COC REGATA MACHAO PRETA PV | 6
COC,OUTROS,REGATA MACHAO PRETA PV,8,"$56,90",COC REGATA MACHAO PRETA PV | 8
COC,OUTROS,REGATA MACHAO PRETA PV,10,"$58,90",COC REGATA MACHAO PRETA PV | 10
COC,OUTROS,REGATA MACHAO PRETA PV,12,"$60,90",COC REGATA MACHAO PRETA PV | 12
COC,OUTROS,REGATA MACHAO PRETA PV,14,"$62,90",COC REGATA MACHAO PRETA PV | 14
COC,OUTROS,REGATA MACHAO PRETA PV,P,"$64,90",COC REGATA MACHAO PRETA PV | P
COC,OUTROS,REGATA MACHAO PRETA PV,M,"$66,90",COC REGATA MACHAO PRETA PV | M
COC,OUTROS,REGATA MACHAO PRETA PV,G,"$67,90",COC REGATA MACHAO PRETA PV | G
COC,OUTROS,REGATA MACHAO PRETA PV,GG,"$70,90",COC REGATA MACHAO PRETA PV | GG
COC,OUTROS,REGATA MACHAO PRETA PV,EXG,"$80,90",COC REGATA MACHAO PRETA PV | EXG
COC,SAIA/SHORT,SHORT SAIA SUPLEX,4,"$64,90",COC SHORT SAIA SUPLEX | 4
COC,SAIA/SHORT,SHORT SAIA SUPLEX,6,"$65,90",COC SHORT SAIA SUPLEX | 6
COC,SAIA/SHORT,SHORT SAIA SUPLEX,8,"$66,90",COC SHORT SAIA SUPLEX | 8
COC,SAIA/SHORT,SHORT SAIA SUPLEX,10,"$67,90",COC SHORT SAIA SUPLEX | 10
COC,SAIA/SHORT,SHORT SAIA SUPLEX,12,"$69,90",COC SHORT SAIA SUPLEX | 12
COC,SAIA/SHORT,SHORT SAIA SUPLEX,14,"$75,90",COC SHORT SAIA SUPLEX | 14
COC,SAIA/SHORT,SHORT SAIA SUPLEX,P,"$77,90",COC SHORT SAIA SUPLEX | P
COC,SAIA/SHORT,SHORT SAIA SUPLEX,M,"$78,90",COC SHORT SAIA SUPLEX | M
COC,SAIA/SHORT,SHORT SAIA SUPLEX,G,"$80,90",COC SHORT SAIA SUPLEX | G
COC,SAIA/SHORT,SHORT SAIA SUPLEX,GG,"$82,90",COC SHORT SAIA SUPLEX | GG
COC,SAIA/SHORT,SHORT SAIA SUPLEX,EXG,"$92,90",COC SHORT SAIA SUPLEX | EXG
COLEGIO BLOOM,BERMUDA,BERMUDA CICLISTA SUPLEX,4,"$74,90",COLEGIO BLOOM BERMUDA CICLISTA SUPLEX | 4
COLEGIO BLOOM,BERMUDA,BERMUDA CICLISTA SUPLEX,6,"$75,90",COLEGIO BLOOM BERMUDA CICLISTA SUPLEX | 6
COLEGIO BLOOM,BERMUDA,BERMUDA CICLISTA SUPLEX,8,"$76,90",COLEGIO BLOOM BERMUDA CICLISTA SUPLEX | 8
COLEGIO BLOOM,BERMUDA,BERMUDA CICLISTA SUPLEX,10,"$77,90",COLEGIO BLOOM BERMUDA CICLISTA SUPLEX | 10
COLEGIO BLOOM,BERMUDA,BERMUDA CICLISTA SUPLEX,12,"$79,90",COLEGIO BLOOM BERMUDA CICLISTA SUPLEX | 12
COLEGIO BLOOM,BERMUDA,BERMUDA CICLISTA SUPLEX,14,"$82,90",COLEGIO BLOOM BERMUDA CICLISTA SUPLEX | 14
COLEGIO BLOOM,BERMUDA,BERMUDA CICLISTA SUPLEX,P,"$83,90",COLEGIO BLOOM BERMUDA CICLISTA SUPLEX | P
COLEGIO BLOOM,BERMUDA,BERMUDA CICLISTA SUPLEX,M,"$84,90",COLEGIO BLOOM BERMUDA CICLISTA SUPLEX | M
COLEGIO BLOOM,BERMUDA,BERMUDA CICLISTA SUPLEX,G,"$85,90",COLEGIO BLOOM BERMUDA CICLISTA SUPLEX | G
COLEGIO BLOOM,BERMUDA,BERMUDA CICLISTA SUPLEX,GG,"$89,90",COLEGIO BLOOM BERMUDA CICLISTA SUPLEX | GG
COLEGIO BLOOM,BERMUDA,BERMUDA CICLISTA SUPLEX,EXG,"$99,90",COLEGIO BLOOM BERMUDA CICLISTA SUPLEX | EXG
COLEGIO BLOOM,BERMUDA,BERMUDA HELANCA,6,"$69,90",COLEGIO BLOOM BERMUDA HELANCA | 06
COLEGIO BLOOM,BERMUDA,BERMUDA HELANCA,8,"$70,90",COLEGIO BLOOM BERMUDA HELANCA | 08
COLEGIO BLOOM,BERMUDA,BERMUDA HELANCA,10,"$72,90",COLEGIO BLOOM BERMUDA HELANCA | 10
COLEGIO BLOOM,BERMUDA,BERMUDA HELANCA,12,"$74,90",COLEGIO BLOOM BERMUDA HELANCA | 12
COLEGIO BLOOM,BERMUDA,BERMUDA HELANCA,14,"$76,90",COLEGIO BLOOM BERMUDA HELANCA | 14
COLEGIO BLOOM,BERMUDA,BERMUDA HELANCA,P,"$77,90",COLEGIO BLOOM BERMUDA HELANCA | P
COLEGIO BLOOM,BERMUDA,BERMUDA HELANCA,M,"$78,90",COLEGIO BLOOM BERMUDA HELANCA | M
COLEGIO BLOOM,BERMUDA,BERMUDA HELANCA,G,"$79,90",COLEGIO BLOOM BERMUDA HELANCA | G
COLEGIO BLOOM,BERMUDA,BERMUDA HELANCA,GG,"$84,90",COLEGIO BLOOM BERMUDA HELANCA | GG
COLEGIO BLOOM,BERMUDA,BERMUDA HELANCA,EXG,"$94,90",COLEGIO BLOOM BERMUDA HELANCA | EXG
COLEGIO BLOOM,AGASALHO,BLUSÃO DE HELANCA,4,"$145,90",COLEGIO BLOOM BLUSÃO DE HELANCA | 4
COLEGIO BLOOM,AGASALHO,BLUSÃO DE HELANCA,6,"$149,90",COLEGIO BLOOM BLUSÃO DE HELANCA | 06
COLEGIO BLOOM,AGASALHO,BLUSÃO DE HELANCA,8,"$154,90",COLEGIO BLOOM BLUSÃO DE HELANCA | 08
COLEGIO BLOOM,AGASALHO,BLUSÃO DE HELANCA,10,"$159,90",COLEGIO BLOOM BLUSÃO DE HELANCA | 10
COLEGIO BLOOM,AGASALHO,BLUSÃO DE HELANCA,12,"$162,90",COLEGIO BLOOM BLUSÃO DE HELANCA | 12
COLEGIO BLOOM,AGASALHO,BLUSÃO DE HELANCA,14,"$165,90",COLEGIO BLOOM BLUSÃO DE HELANCA | 14
COLEGIO BLOOM,AGASALHO,BLUSÃO DE HELANCA,P,"$169,90",COLEGIO BLOOM BLUSÃO DE HELANCA | P
COLEGIO BLOOM,AGASALHO,BLUSÃO DE HELANCA,M,"$175,90",COLEGIO BLOOM BLUSÃO DE HELANCA | M
COLEGIO BLOOM,AGASALHO,BLUSÃO DE HELANCA,G,"$179,90",COLEGIO BLOOM BLUSÃO DE HELANCA | G
COLEGIO BLOOM,AGASALHO,BLUSÃO DE HELANCA,GG,"$184,90",COLEGIO BLOOM BLUSÃO DE HELANCA | GG
COLEGIO BLOOM,AGASALHO,BLUSÃO DE HELANCA,EXG,"$195,90",COLEGIO BLOOM BLUSÃO DE HELANCA | EXG
COLEGIO BLOOM,AGASALHO,BLUSÃO DE HELANCA FLANELADO,4,"$155,90",COLEGIO BLOOM BLUSÃO DE HELANCA FLANELADO | 4
COLEGIO BLOOM,AGASALHO,BLUSÃO DE HELANCA FLANELADO,6,"$159,90",COLEGIO BLOOM BLUSÃO DE HELANCA FLANELADO | 06
COLEGIO BLOOM,AGASALHO,BLUSÃO DE HELANCA FLANELADO,8,"$164,90",COLEGIO BLOOM BLUSÃO DE HELANCA FLANELADO | 08
COLEGIO BLOOM,AGASALHO,BLUSÃO DE HELANCA FLANELADO,10,"$169,90",COLEGIO BLOOM BLUSÃO DE HELANCA FLANELADO | 10
COLEGIO BLOOM,AGASALHO,BLUSÃO DE HELANCA FLANELADO,12,"$172,90",COLEGIO BLOOM BLUSÃO DE HELANCA FLANELADO | 12
COLEGIO BLOOM,AGASALHO,BLUSÃO DE HELANCA FLANELADO,14,"$175,90",COLEGIO BLOOM BLUSÃO DE HELANCA FLANELADO | 14
COLEGIO BLOOM,AGASALHO,BLUSÃO DE HELANCA FLANELADO,P,"$179,90",COLEGIO BLOOM BLUSÃO DE HELANCA FLANELADO | P
COLEGIO BLOOM,AGASALHO,BLUSÃO DE HELANCA FLANELADO,M,"$185,90",COLEGIO BLOOM BLUSÃO DE HELANCA FLANELADO | M
COLEGIO BLOOM,AGASALHO,BLUSÃO DE HELANCA FLANELADO,G,"$189,90",COLEGIO BLOOM BLUSÃO DE HELANCA FLANELADO | G
COLEGIO BLOOM,AGASALHO,BLUSÃO DE HELANCA FLANELADO,GG,"$194,90",COLEGIO BLOOM BLUSÃO DE HELANCA FLANELADO | GG
COLEGIO BLOOM,AGASALHO,BLUSÃO DE HELANCA FLANELADO,EXG,"$205,90",COLEGIO BLOOM BLUSÃO DE HELANCA FLANELADO | EXG
COLEGIO BLOOM,CALÇA,CALÇA BAILARINA SUPLEX,6,"$89,90",COLEGIO BLOOM CALÇA BAILARINA SUPLEX | 6
COLEGIO BLOOM,CALÇA,CALÇA BAILARINA SUPLEX,8,"$91,90",COLEGIO BLOOM CALÇA BAILARINA SUPLEX | 8
COLEGIO BLOOM,CALÇA,CALÇA BAILARINA SUPLEX,10,"$96,90",COLEGIO BLOOM CALÇA BAILARINA SUPLEX | 10
COLEGIO BLOOM,CALÇA,CALÇA BAILARINA SUPLEX,12,"$105,90",COLEGIO BLOOM CALÇA BAILARINA SUPLEX | 12
COLEGIO BLOOM,CALÇA,CALÇA BAILARINA SUPLEX,14,"$109,90",COLEGIO BLOOM CALÇA BAILARINA SUPLEX | 14
COLEGIO BLOOM,CALÇA,CALÇA BAILARINA SUPLEX,P,"$118,90",COLEGIO BLOOM CALÇA BAILARINA SUPLEX | P
COLEGIO BLOOM,CALÇA,CALÇA BAILARINA SUPLEX,M,"$121,90",COLEGIO BLOOM CALÇA BAILARINA SUPLEX | M
COLEGIO BLOOM,CALÇA,CALÇA BAILARINA SUPLEX,G,"$124,90",COLEGIO BLOOM CALÇA BAILARINA SUPLEX | G
COLEGIO BLOOM,CALÇA,CALÇA BAILARINA SUPLEX,GG,"$131,90",COLEGIO BLOOM CALÇA BAILARINA SUPLEX | GG
COLEGIO BLOOM,CALÇA,CALÇA BAILARINA SUPLEX,EXG,"$139,90",COLEGIO BLOOM CALÇA BAILARINA SUPLEX | EXG
COLEGIO BLOOM,CALÇA,CALÇA BAILARINA SUPLEX FLANELADA,4,"$99,90",COLEGIO BLOOM CALÇA BAILARINA SUPLEX FLANELADA | 4
COLEGIO BLOOM,CALÇA,CALÇA BAILARINA SUPLEX FLANELADA,6,"$100,90",COLEGIO BLOOM CALÇA BAILARINA SUPLEX FLANELADA | 6
COLEGIO BLOOM,CALÇA,CALÇA BAILARINA SUPLEX FLANELADA,8,"$104,90",COLEGIO BLOOM CALÇA BAILARINA SUPLEX FLANELADA | 8
COLEGIO BLOOM,CALÇA,CALÇA BAILARINA SUPLEX FLANELADA,10,"$108,90",COLEGIO BLOOM CALÇA BAILARINA SUPLEX FLANELADA | 10
COLEGIO BLOOM,CALÇA,CALÇA BAILARINA SUPLEX FLANELADA,12,"$112,90",COLEGIO BLOOM CALÇA BAILARINA SUPLEX FLANELADA | 12
COLEGIO BLOOM,CALÇA,CALÇA BAILARINA SUPLEX FLANELADA,14,"$119,90",COLEGIO BLOOM CALÇA BAILARINA SUPLEX FLANELADA | 14
COLEGIO BLOOM,CALÇA,CALÇA BAILARINA SUPLEX FLANELADA,P,"$127,90",COLEGIO BLOOM CALÇA BAILARINA SUPLEX FLANELADA | P
COLEGIO BLOOM,CALÇA,CALÇA BAILARINA SUPLEX FLANELADA,M,"$129,90",COLEGIO BLOOM CALÇA BAILARINA SUPLEX FLANELADA | M
COLEGIO BLOOM,CALÇA,CALÇA BAILARINA SUPLEX FLANELADA,G,"$134,90",COLEGIO BLOOM CALÇA BAILARINA SUPLEX FLANELADA | G
COLEGIO BLOOM,CALÇA,CALÇA BAILARINA SUPLEX FLANELADA,GG,"$139,90",COLEGIO BLOOM CALÇA BAILARINA SUPLEX FLANELADA | GG
COLEGIO BLOOM,CALÇA,CALÇA BAILARINA SUPLEX FLANELADA,EXG,"$149,90",COLEGIO BLOOM CALÇA BAILARINA SUPLEX FLANELADA | EXG
COLEGIO BLOOM,CALÇA,CALÇA DE HELANCA,6,"$89,90",COLEGIO BLOOM CALÇA DE HELANCA | 06
COLEGIO BLOOM,CALÇA,CALÇA DE HELANCA,8,"$92,90",COLEGIO BLOOM CALÇA DE HELANCA | 08
COLEGIO BLOOM,CALÇA,CALÇA DE HELANCA,10,"$94,90",COLEGIO BLOOM CALÇA DE HELANCA | 10
COLEGIO BLOOM,CALÇA,CALÇA DE HELANCA,12,"$97,90",COLEGIO BLOOM CALÇA DE HELANCA | 12
COLEGIO BLOOM,CALÇA,CALÇA DE HELANCA,14,"$102,10",COLEGIO BLOOM CALÇA DE HELANCA | 14
COLEGIO BLOOM,CALÇA,CALÇA DE HELANCA,P,"$108,90",COLEGIO BLOOM CALÇA DE HELANCA | P
COLEGIO BLOOM,CALÇA,CALÇA DE HELANCA,M,"$116,90",COLEGIO BLOOM CALÇA DE HELANCA | M
COLEGIO BLOOM,CALÇA,CALÇA DE HELANCA,G,"$119,90",COLEGIO BLOOM CALÇA DE HELANCA | G
COLEGIO BLOOM,CALÇA,CALÇA DE HELANCA,GG,"$121,90",COLEGIO BLOOM CALÇA DE HELANCA | GG
COLEGIO BLOOM,CALÇA,CALÇA DE HELANCA,EXG,"$129,90",COLEGIO BLOOM CALÇA DE HELANCA | EXG
COLEGIO BLOOM,CALÇA,CALÇA DE HELANCA FLANELADA,6,"$99,90",COLEGIO BLOOM CALÇA DE HELANCA FLANELADA | 06
COLEGIO BLOOM,CALÇA,CALÇA DE HELANCA FLANELADA,8,"$102,90",COLEGIO BLOOM CALÇA DE HELANCA FLANELADA | 08
COLEGIO BLOOM,CALÇA,CALÇA DE HELANCA FLANELADA,10,"$104,90",COLEGIO BLOOM CALÇA DE HELANCA FLANELADA | 10
COLEGIO BLOOM,CALÇA,CALÇA DE HELANCA FLANELADA,12,"$107,70",COLEGIO BLOOM CALÇA DE HELANCA FLANELADA | 12
COLEGIO BLOOM,CALÇA,CALÇA DE HELANCA FLANELADA,14,"$112,10",COLEGIO BLOOM CALÇA DE HELANCA FLANELADA | 14
COLEGIO BLOOM,CALÇA,CALÇA DE HELANCA FLANELADA,P,"$118,90",COLEGIO BLOOM CALÇA DE HELANCA FLANELADA | P
COLEGIO BLOOM,CALÇA,CALÇA DE HELANCA FLANELADA,M,"$126,10",COLEGIO BLOOM CALÇA DE HELANCA FLANELADA | M
COLEGIO BLOOM,CALÇA,CALÇA DE HELANCA FLANELADA,G,"$129,90",COLEGIO BLOOM CALÇA DE HELANCA FLANELADA | G
COLEGIO BLOOM,CALÇA,CALÇA DE HELANCA FLANELADA,GG,"$131,90",COLEGIO BLOOM CALÇA DE HELANCA FLANELADA | GG
COLEGIO BLOOM,CALÇA,CALÇA DE HELANCA FLANELADA,EXG,"$139,90",COLEGIO BLOOM CALÇA DE HELANCA FLANELADA | EXG
COLEGIO BLOOM,CALÇA,CALÇA LEGGING SUPLEX,4,"$80,90",COLEGIO BLOOM CALÇA LEGGING SUPLEX | 4
COLEGIO BLOOM,CALÇA,CALÇA LEGGING SUPLEX,6,"$85,90",COLEGIO BLOOM CALÇA LEGGING SUPLEX | 06
COLEGIO BLOOM,CALÇA,CALÇA LEGGING SUPLEX,8,"$89,90",COLEGIO BLOOM CALÇA LEGGING SUPLEX | 08
COLEGIO BLOOM,CALÇA,CALÇA LEGGING SUPLEX,10,"$93,90",COLEGIO BLOOM CALÇA LEGGING SUPLEX | 10
COLEGIO BLOOM,CALÇA,CALÇA LEGGING SUPLEX,12,"$97,90",COLEGIO BLOOM CALÇA LEGGING SUPLEX | 12
COLEGIO BLOOM,CALÇA,CALÇA LEGGING SUPLEX,14,"$104,90",COLEGIO BLOOM CALÇA LEGGING SUPLEX | 14
COLEGIO BLOOM,CALÇA,CALÇA LEGGING SUPLEX,P,"$112,90",COLEGIO BLOOM CALÇA LEGGING SUPLEX | P
COLEGIO BLOOM,CALÇA,CALÇA LEGGING SUPLEX,M,"$114,90",COLEGIO BLOOM CALÇA LEGGING SUPLEX | M
COLEGIO BLOOM,CALÇA,CALÇA LEGGING SUPLEX,G,"$119,90",COLEGIO BLOOM CALÇA LEGGING SUPLEX | G
COLEGIO BLOOM,CALÇA,CALÇA LEGGING SUPLEX,GG,"$124,90",COLEGIO BLOOM CALÇA LEGGING SUPLEX | GG
COLEGIO BLOOM,CALÇA,CALÇA LEGGING SUPLEX,EXG,"$134,90",COLEGIO BLOOM CALÇA LEGGING SUPLEX | EXG
COLEGIO BLOOM,CALÇA,CALÇA LEGGING SUPLEX FLANELADA,4,"$94,90",COLEGIO BLOOM CALÇA LEGGING SUPLEX FLANELADA | 4
COLEGIO BLOOM,CALÇA,CALÇA LEGGING SUPLEX FLANELADA,6,"$95,90",COLEGIO BLOOM CALÇA LEGGING SUPLEX FLANELADA | 6
COLEGIO BLOOM,CALÇA,CALÇA LEGGING SUPLEX FLANELADA,8,"$99,90",COLEGIO BLOOM CALÇA LEGGING SUPLEX FLANELADA | 8
COLEGIO BLOOM,CALÇA,CALÇA LEGGING SUPLEX FLANELADA,10,"$103,90",COLEGIO BLOOM CALÇA LEGGING SUPLEX FLANELADA | 10
COLEGIO BLOOM,CALÇA,CALÇA LEGGING SUPLEX FLANELADA,12,"$107,90",COLEGIO BLOOM CALÇA LEGGING SUPLEX FLANELADA | 12
COLEGIO BLOOM,CALÇA,CALÇA LEGGING SUPLEX FLANELADA,14,"$114,90",COLEGIO BLOOM CALÇA LEGGING SUPLEX FLANELADA | 14
COLEGIO BLOOM,CALÇA,CALÇA LEGGING SUPLEX FLANELADA,P,"$122,90",COLEGIO BLOOM CALÇA LEGGING SUPLEX FLANELADA | P
COLEGIO BLOOM,CALÇA,CALÇA LEGGING SUPLEX FLANELADA,M,"$124,90",COLEGIO BLOOM CALÇA LEGGING SUPLEX FLANELADA | M
COLEGIO BLOOM,CALÇA,CALÇA LEGGING SUPLEX FLANELADA,G,"$129,90",COLEGIO BLOOM CALÇA LEGGING SUPLEX FLANELADA | G
COLEGIO BLOOM,CALÇA,CALÇA LEGGING SUPLEX FLANELADA,GG,"$134,90",COLEGIO BLOOM CALÇA LEGGING SUPLEX FLANELADA | GG
COLEGIO BLOOM,CALÇA,CALÇA LEGGING SUPLEX FLANELADA,EXG,"$144,90",COLEGIO BLOOM CALÇA LEGGING SUPLEX FLANELADA | EXG
COLEGIO BLOOM,CAMISETA,CAMISETA M.C. AMARELA,4,"$53,90",COLEGIO BLOOM CAMISETA M.C. AMARELA | 4
COLEGIO BLOOM,CAMISETA,CAMISETA M.C. AMARELA,6,"$54,90",COLEGIO BLOOM CAMISETA M.C. AMARELA | 06
COLEGIO BLOOM,CAMISETA,CAMISETA M.C. AMARELA,8,"$55,90",COLEGIO BLOOM CAMISETA M.C. AMARELA | 08
COLEGIO BLOOM,CAMISETA,CAMISETA M.C. AMARELA,10,"$56,90",COLEGIO BLOOM CAMISETA M.C. AMARELA | 10
COLEGIO BLOOM,CAMISETA,CAMISETA M.C. AMARELA,12,"$57,90",COLEGIO BLOOM CAMISETA M.C. AMARELA | 12
COLEGIO BLOOM,CAMISETA,CAMISETA M.C. AMARELA,14,"$58,90",COLEGIO BLOOM CAMISETA M.C. AMARELA | 14
COLEGIO BLOOM,CAMISETA,CAMISETA M.C. AMARELA,P,"$60,90",COLEGIO BLOOM CAMISETA M.C. AMARELA | P
COLEGIO BLOOM,CAMISETA,CAMISETA M.C. AMARELA,M,"$62,90",COLEGIO BLOOM CAMISETA M.C. AMARELA | M
COLEGIO BLOOM,CAMISETA,CAMISETA M.C. AMARELA,G,"$64,90",COLEGIO BLOOM CAMISETA M.C. AMARELA | G
COLEGIO BLOOM,CAMISETA,CAMISETA M.C. AMARELA,GG,"$68,90",COLEGIO BLOOM CAMISETA M.C. AMARELA | GG
COLEGIO BLOOM,CAMISETA,CAMISETA M.C. AMARELA,EXG,"$78,90",COLEGIO BLOOM CAMISETA M.C. AMARELA | EXG
COLEGIO BLOOM,CAMISETA,CAMISETA M.C. AZUL,4,"$53,90",COLEGIO BLOOM CAMISETA M.C. AZUL | 4
COLEGIO BLOOM,CAMISETA,CAMISETA M.C. AZUL,6,"$54,90",COLEGIO BLOOM CAMISETA M.C. AZUL | 06
COLEGIO BLOOM,CAMISETA,CAMISETA M.C. AZUL,8,"$55,90",COLEGIO BLOOM CAMISETA M.C. AZUL | 08
COLEGIO BLOOM,CAMISETA,CAMISETA M.C. AZUL,10,"$56,90",COLEGIO BLOOM CAMISETA M.C. AZUL | 10
COLEGIO BLOOM,CAMISETA,CAMISETA M.C. AZUL,12,"$57,90",COLEGIO BLOOM CAMISETA M.C. AZUL | 12
COLEGIO BLOOM,CAMISETA,CAMISETA M.C. AZUL,14,"$58,90",COLEGIO BLOOM CAMISETA M.C. AZUL | 14
COLEGIO BLOOM,CAMISETA,CAMISETA M.C. AZUL,P,"$60,90",COLEGIO BLOOM CAMISETA M.C. AZUL | P
COLEGIO BLOOM,CAMISETA,CAMISETA M.C. AZUL,M,"$62,90",COLEGIO BLOOM CAMISETA M.C. AZUL | M
COLEGIO BLOOM,CAMISETA,CAMISETA M.C. AZUL,G,"$64,90",COLEGIO BLOOM CAMISETA M.C. AZUL | G
COLEGIO BLOOM,CAMISETA,CAMISETA M.C. AZUL,GG,"$68,90",COLEGIO BLOOM CAMISETA M.C. AZUL | GG
COLEGIO BLOOM,CAMISETA,CAMISETA M.C. AZUL,EXG,"$78,90",COLEGIO BLOOM CAMISETA M.C. AZUL | EXG
COLEGIO BLOOM,CAMISETA,CAMISETA M.C. BRANCA,4,"$53,90",COLEGIO BLOOM CAMISETA M.C. BRANCA | 4
COLEGIO BLOOM,CAMISETA,CAMISETA M.C. BRANCA,6,"$54,90",COLEGIO BLOOM CAMISETA M.C. BRANCA | 06
COLEGIO BLOOM,CAMISETA,CAMISETA M.C. BRANCA,8,"$55,90",COLEGIO BLOOM CAMISETA M.C. BRANCA | 08
COLEGIO BLOOM,CAMISETA,CAMISETA M.C. BRANCA,10,"$56,90",COLEGIO BLOOM CAMISETA M.C. BRANCA | 10
COLEGIO BLOOM,CAMISETA,CAMISETA M.C. BRANCA,12,"$57,90",COLEGIO BLOOM CAMISETA M.C. BRANCA | 12
COLEGIO BLOOM,CAMISETA,CAMISETA M.C. BRANCA,14,"$58,90",COLEGIO BLOOM CAMISETA M.C. BRANCA | 14
COLEGIO BLOOM,CAMISETA,CAMISETA M.C. BRANCA,P,"$60,90",COLEGIO BLOOM CAMISETA M.C. BRANCA | P
COLEGIO BLOOM,CAMISETA,CAMISETA M.C. BRANCA,M,"$62,90",COLEGIO BLOOM CAMISETA M.C. BRANCA | M
COLEGIO BLOOM,CAMISETA,CAMISETA M.C. BRANCA,G,"$64,90",COLEGIO BLOOM CAMISETA M.C. BRANCA | G
COLEGIO BLOOM,CAMISETA,CAMISETA M.C. BRANCA,GG,"$68,90",COLEGIO BLOOM CAMISETA M.C. BRANCA | GG
COLEGIO BLOOM,CAMISETA,CAMISETA M.C. BRANCA,EXG,"$78,90",COLEGIO BLOOM CAMISETA M.C. BRANCA | EXG
COLEGIO BLOOM,CAMISETA,CAMISETA M.C. ROSA,4,"$53,90",COLEGIO BLOOM CAMISETA M.C. ROSA | 4
COLEGIO BLOOM,CAMISETA,CAMISETA M.C. ROSA,6,"$54,90",COLEGIO BLOOM CAMISETA M.C. ROSA | 06
COLEGIO BLOOM,CAMISETA,CAMISETA M.C. ROSA,8,"$55,90",COLEGIO BLOOM CAMISETA M.C. ROSA | 08
COLEGIO BLOOM,CAMISETA,CAMISETA M.C. ROSA,10,"$56,90",COLEGIO BLOOM CAMISETA M.C. ROSA | 10
COLEGIO BLOOM,CAMISETA,CAMISETA M.C. ROSA,12,"$57,90",COLEGIO BLOOM CAMISETA M.C. ROSA | 12
COLEGIO BLOOM,CAMISETA,CAMISETA M.C. ROSA,14,"$58,90",COLEGIO BLOOM CAMISETA M.C. ROSA | 14
COLEGIO BLOOM,CAMISETA,CAMISETA M.C. ROSA,P,"$60,90",COLEGIO BLOOM CAMISETA M.C. ROSA | P
COLEGIO BLOOM,CAMISETA,CAMISETA M.C. ROSA,M,"$62,90",COLEGIO BLOOM CAMISETA M.C. ROSA | M
COLEGIO BLOOM,CAMISETA,CAMISETA M.C. ROSA,G,"$64,90",COLEGIO BLOOM CAMISETA M.C. ROSA | G
COLEGIO BLOOM,CAMISETA,CAMISETA M.C. ROSA,GG,"$68,90",COLEGIO BLOOM CAMISETA M.C. ROSA | GG
COLEGIO BLOOM,CAMISETA,CAMISETA M.C. ROSA,EXG,"$78,90",COLEGIO BLOOM CAMISETA M.C. ROSA | EXG
COLEGIO BLOOM,CAMISETA,CAMISETA M.L. AMARELA,4,"$58,90",COLEGIO BLOOM CAMISETA M.L. AMARELA | 4
COLEGIO BLOOM,CAMISETA,CAMISETA M.L. AMARELA,6,"$59,90",COLEGIO BLOOM CAMISETA M.L. AMARELA | 06
COLEGIO BLOOM,CAMISETA,CAMISETA M.L. AMARELA,8,"$60,90",COLEGIO BLOOM CAMISETA M.L. AMARELA | 08
COLEGIO BLOOM,CAMISETA,CAMISETA M.L. AMARELA,10,"$61,90",COLEGIO BLOOM CAMISETA M.L. AMARELA | 10
COLEGIO BLOOM,CAMISETA,CAMISETA M.L. AMARELA,12,"$62,90",COLEGIO BLOOM CAMISETA M.L. AMARELA | 12
COLEGIO BLOOM,CAMISETA,CAMISETA M.L. AMARELA,14,"$63,90",COLEGIO BLOOM CAMISETA M.L. AMARELA | 14
COLEGIO BLOOM,CAMISETA,CAMISETA M.L. AMARELA,P,"$65,90",COLEGIO BLOOM CAMISETA M.L. AMARELA | P
COLEGIO BLOOM,CAMISETA,CAMISETA M.L. AMARELA,M,"$67,90",COLEGIO BLOOM CAMISETA M.L. AMARELA | M
COLEGIO BLOOM,CAMISETA,CAMISETA M.L. AMARELA,G,"$69,90",COLEGIO BLOOM CAMISETA M.L. AMARELA | G
COLEGIO BLOOM,CAMISETA,CAMISETA M.L. AMARELA,GG,"$72,90",COLEGIO BLOOM CAMISETA M.L. AMARELA | GG
COLEGIO BLOOM,CAMISETA,CAMISETA M.L. AMARELA,EXG,"$82,90",COLEGIO BLOOM CAMISETA M.L. AMARELA | EXG
COLEGIO BLOOM,CAMISETA,CAMISETA M.L. AZUL,4,"$58,90",COLEGIO BLOOM CAMISETA M.L. AZUL | 4
COLEGIO BLOOM,CAMISETA,CAMISETA M.L. AZUL,6,"$59,90",COLEGIO BLOOM CAMISETA M.L. AZUL | 06
COLEGIO BLOOM,CAMISETA,CAMISETA M.L. AZUL,8,"$60,90",COLEGIO BLOOM CAMISETA M.L. AZUL | 08
COLEGIO BLOOM,CAMISETA,CAMISETA M.L. AZUL,10,"$61,90",COLEGIO BLOOM CAMISETA M.L. AZUL | 10
COLEGIO BLOOM,CAMISETA,CAMISETA M.L. AZUL,12,"$62,90",COLEGIO BLOOM CAMISETA M.L. AZUL | 12
COLEGIO BLOOM,CAMISETA,CAMISETA M.L. AZUL,14,"$63,90",COLEGIO BLOOM CAMISETA M.L. AZUL | 14
COLEGIO BLOOM,CAMISETA,CAMISETA M.L. AZUL,P,"$65,90",COLEGIO BLOOM CAMISETA M.L. AZUL | P
COLEGIO BLOOM,CAMISETA,CAMISETA M.L. AZUL,M,"$67,90",COLEGIO BLOOM CAMISETA M.L. AZUL | M
COLEGIO BLOOM,CAMISETA,CAMISETA M.L. AZUL,G,"$69,90",COLEGIO BLOOM CAMISETA M.L. AZUL | G
COLEGIO BLOOM,CAMISETA,CAMISETA M.L. AZUL,GG,"$72,90",COLEGIO BLOOM CAMISETA M.L. AZUL | GG
COLEGIO BLOOM,CAMISETA,CAMISETA M.L. AZUL,EXG,"$82,90",COLEGIO BLOOM CAMISETA M.L. AZUL | EXG
COLEGIO BLOOM,CAMISETA,CAMISETA M.L. BRANCA,4,"$58,90",COLEGIO BLOOM CAMISETA M.L. BRANCA | 4
COLEGIO BLOOM,CAMISETA,CAMISETA M.L. BRANCA,6,"$59,90",COLEGIO BLOOM CAMISETA M.L. BRANCA | 06
COLEGIO BLOOM,CAMISETA,CAMISETA M.L. BRANCA,8,"$60,90",COLEGIO BLOOM CAMISETA M.L. BRANCA | 08
COLEGIO BLOOM,CAMISETA,CAMISETA M.L. BRANCA,10,"$61,90",COLEGIO BLOOM CAMISETA M.L. BRANCA | 10
COLEGIO BLOOM,CAMISETA,CAMISETA M.L. BRANCA,12,"$62,90",COLEGIO BLOOM CAMISETA M.L. BRANCA | 12
COLEGIO BLOOM,CAMISETA,CAMISETA M.L. BRANCA,14,"$63,90",COLEGIO BLOOM CAMISETA M.L. BRANCA | 14
COLEGIO BLOOM,CAMISETA,CAMISETA M.L. BRANCA,P,"$65,90",COLEGIO BLOOM CAMISETA M.L. BRANCA | P
COLEGIO BLOOM,CAMISETA,CAMISETA M.L. BRANCA,M,"$67,90",COLEGIO BLOOM CAMISETA M.L. BRANCA | M
COLEGIO BLOOM,CAMISETA,CAMISETA M.L. BRANCA,G,"$69,90",COLEGIO BLOOM CAMISETA M.L. BRANCA | G
COLEGIO BLOOM,CAMISETA,CAMISETA M.L. BRANCA,GG,"$72,90",COLEGIO BLOOM CAMISETA M.L. BRANCA | GG
COLEGIO BLOOM,CAMISETA,CAMISETA M.L. BRANCA,EXG,"$82,90",COLEGIO BLOOM CAMISETA M.L. BRANCA | EXG
COLEGIO BLOOM,CAMISETA,CAMISETA M.L. ROSA,4,"$58,90",COLEGIO BLOOM CAMISETA M.L. ROSA | 4
COLEGIO BLOOM,CAMISETA,CAMISETA M.L. ROSA,6,"$59,90",COLEGIO BLOOM CAMISETA M.L. ROSA | 06
COLEGIO BLOOM,CAMISETA,CAMISETA M.L. ROSA,8,"$60,90",COLEGIO BLOOM CAMISETA M.L. ROSA | 08
COLEGIO BLOOM,CAMISETA,CAMISETA M.L. ROSA,10,"$61,90",COLEGIO BLOOM CAMISETA M.L. ROSA | 10
COLEGIO BLOOM,CAMISETA,CAMISETA M.L. ROSA,12,"$62,90",COLEGIO BLOOM CAMISETA M.L. ROSA | 12
COLEGIO BLOOM,CAMISETA,CAMISETA M.L. ROSA,14,"$63,90",COLEGIO BLOOM CAMISETA M.L. ROSA | 14
COLEGIO BLOOM,CAMISETA,CAMISETA M.L. ROSA,P,"$65,90",COLEGIO BLOOM CAMISETA M.L. ROSA | P
COLEGIO BLOOM,CAMISETA,CAMISETA M.L. ROSA,M,"$67,90",COLEGIO BLOOM CAMISETA M.L. ROSA | M
COLEGIO BLOOM,CAMISETA,CAMISETA M.L. ROSA,G,"$69,90",COLEGIO BLOOM CAMISETA M.L. ROSA | G
COLEGIO BLOOM,CAMISETA,CAMISETA M.L. ROSA,GG,"$72,90",COLEGIO BLOOM CAMISETA M.L. ROSA | GG
COLEGIO BLOOM,CAMISETA,CAMISETA M.L. ROSA,EXG,"$82,90",COLEGIO BLOOM CAMISETA M.L. ROSA | EXG
COLEGIO BLOOM,OUTROS,NADADOR BRANCA,M INFANTIL,"$51,90",COLEGIO BLOOM NADADOR BRANCA | M INFANTIL
COLEGIO BLOOM,OUTROS,NADADOR BRANCA,G INFANTIL,"$53,90",COLEGIO BLOOM NADADOR BRANCA | G INFANTIL
COLEGIO BLOOM,OUTROS,NADADOR BRANCA,GG INFANTIL,"$54,90",COLEGIO BLOOM NADADOR BRANCA | GG INFANTIL
COLEGIO BLOOM,OUTROS,NADADOR BRANCA,PP ADULTO,"$55,90",COLEGIO BLOOM NADADOR BRANCA | PP ADULTO
COLEGIO BLOOM,OUTROS,NADADOR BRANCA,P ADULTO,"$58,90",COLEGIO BLOOM NADADOR BRANCA | P ADULTO
COLEGIO BLOOM,OUTROS,NADADOR BRANCA,M ADULTO,"$60,90",COLEGIO BLOOM NADADOR BRANCA | M ADULTO
COLEGIO BLOOM,OUTROS,NADADOR BRANCA,G ADULTO,"$62,90",COLEGIO BLOOM NADADOR BRANCA | G ADULTO
COLEGIO BLOOM,OUTROS,NADADOR BRANCA,GG ADULTO,"$64,90",COLEGIO BLOOM NADADOR BRANCA | GG ADULTO
COLEGIO BLOOM,OUTROS,NADADOR BRANCA,EXG ADULTO,"$74,90",COLEGIO BLOOM NADADOR BRANCA | EXG ADULTO
COLEGIO BLOOM,OUTROS,REGATA AMARELA,4,"$52,90",COLEGIO BLOOM REGATA AMARELA | 4
COLEGIO BLOOM,OUTROS,REGATA AMARELA,6,"$53,90",COLEGIO BLOOM REGATA AMARELA | 6
COLEGIO BLOOM,OUTROS,REGATA AMARELA,8,"$54,90",COLEGIO BLOOM REGATA AMARELA | 8
COLEGIO BLOOM,OUTROS,REGATA AMARELA,10,"$55,90",COLEGIO BLOOM REGATA AMARELA | 10
COLEGIO BLOOM,OUTROS,REGATA AMARELA,12,"$56,90",COLEGIO BLOOM REGATA AMARELA | 12
COLEGIO BLOOM,OUTROS,REGATA AMARELA,14,"$57,90",COLEGIO BLOOM REGATA AMARELA | 14
COLEGIO BLOOM,OUTROS,REGATA AMARELA,P,"$59,90",COLEGIO BLOOM REGATA AMARELA | P
COLEGIO BLOOM,OUTROS,REGATA AMARELA,M,"$61,90",COLEGIO BLOOM REGATA AMARELA | M
COLEGIO BLOOM,OUTROS,REGATA AMARELA,G,"$63,90",COLEGIO BLOOM REGATA AMARELA | G
COLEGIO BLOOM,OUTROS,REGATA AMARELA,GG,"$67,90",COLEGIO BLOOM REGATA AMARELA | GG
COLEGIO BLOOM,OUTROS,REGATA AMARELA,EXG,"$77,90",COLEGIO BLOOM REGATA AMARELA | EXG
COLEGIO BLOOM,OUTROS,REGATA AZUL,4,"$52,90",COLEGIO BLOOM REGATA AZUL | 4
COLEGIO BLOOM,OUTROS,REGATA AZUL,6,"$53,90",COLEGIO BLOOM REGATA AZUL | 6
COLEGIO BLOOM,OUTROS,REGATA AZUL,8,"$54,90",COLEGIO BLOOM REGATA AZUL | 8
COLEGIO BLOOM,OUTROS,REGATA AZUL,10,"$55,90",COLEGIO BLOOM REGATA AZUL | 10
COLEGIO BLOOM,OUTROS,REGATA AZUL,12,"$56,90",COLEGIO BLOOM REGATA AZUL | 12
COLEGIO BLOOM,OUTROS,REGATA AZUL,14,"$57,90",COLEGIO BLOOM REGATA AZUL | 14
COLEGIO BLOOM,OUTROS,REGATA AZUL,P,"$59,90",COLEGIO BLOOM REGATA AZUL | P
COLEGIO BLOOM,OUTROS,REGATA AZUL,M,"$61,90",COLEGIO BLOOM REGATA AZUL | M
COLEGIO BLOOM,OUTROS,REGATA AZUL,G,"$63,90",COLEGIO BLOOM REGATA AZUL | G
COLEGIO BLOOM,OUTROS,REGATA AZUL,GG,"$67,90",COLEGIO BLOOM REGATA AZUL | GG
COLEGIO BLOOM,OUTROS,REGATA AZUL,EXG,"$77,90",COLEGIO BLOOM REGATA AZUL | EXG
COLEGIO BLOOM,OUTROS,REGATA BRANCA,4,"$52,90",COLEGIO BLOOM REGATA BRANCA | 4
COLEGIO BLOOM,OUTROS,REGATA BRANCA,6,"$54,90",COLEGIO BLOOM REGATA BRANCA | 06
COLEGIO BLOOM,OUTROS,REGATA BRANCA,8,"$54,90",COLEGIO BLOOM REGATA BRANCA | 08
COLEGIO BLOOM,OUTROS,REGATA BRANCA,10,"$55,90",COLEGIO BLOOM REGATA BRANCA | 10
COLEGIO BLOOM,OUTROS,REGATA BRANCA,12,"$56,90",COLEGIO BLOOM REGATA BRANCA | 12
COLEGIO BLOOM,OUTROS,REGATA BRANCA,14,"$57,90",COLEGIO BLOOM REGATA BRANCA | 14
COLEGIO BLOOM,OUTROS,REGATA BRANCA,P,"$59,90",COLEGIO BLOOM REGATA BRANCA | P
COLEGIO BLOOM,OUTROS,REGATA BRANCA,M,"$61,90",COLEGIO BLOOM REGATA BRANCA | M
COLEGIO BLOOM,OUTROS,REGATA BRANCA,G,"$63,90",COLEGIO BLOOM REGATA BRANCA | G
COLEGIO BLOOM,OUTROS,REGATA BRANCA,GG,"$67,90",COLEGIO BLOOM REGATA BRANCA | GG
COLEGIO BLOOM,OUTROS,REGATA BRANCA,EXG,"$77,90",COLEGIO BLOOM REGATA BRANCA | EXG
COLEGIO BLOOM,OUTROS,REGATA ROSA,4,"$52,90",COLEGIO BLOOM REGATA ROSA | 4
COLEGIO BLOOM,OUTROS,REGATA ROSA,6,"$53,90",COLEGIO BLOOM REGATA ROSA | 6
COLEGIO BLOOM,OUTROS,REGATA ROSA,8,"$54,90",COLEGIO BLOOM REGATA ROSA | 8
COLEGIO BLOOM,OUTROS,REGATA ROSA,10,"$55,90",COLEGIO BLOOM REGATA ROSA | 10
COLEGIO BLOOM,OUTROS,REGATA ROSA,12,"$56,90",COLEGIO BLOOM REGATA ROSA | 12
COLEGIO BLOOM,OUTROS,REGATA ROSA,14,"$57,90",COLEGIO BLOOM REGATA ROSA | 14
COLEGIO BLOOM,OUTROS,REGATA ROSA,P,"$59,90",COLEGIO BLOOM REGATA ROSA | P
COLEGIO BLOOM,OUTROS,REGATA ROSA,M,"$61,90",COLEGIO BLOOM REGATA ROSA | M
COLEGIO BLOOM,OUTROS,REGATA ROSA,G,"$63,90",COLEGIO BLOOM REGATA ROSA | G
COLEGIO BLOOM,OUTROS,REGATA ROSA,GG,"$67,90",COLEGIO BLOOM REGATA ROSA | GG
COLEGIO BLOOM,OUTROS,REGATA ROSA,EXG,"$77,90",COLEGIO BLOOM REGATA ROSA | EXG
COLEGIO BLOOM,SAIA/SHORT,SHORT SAIA SUPLEX,4,"$80,90",COLEGIO BLOOM SHORT SAIA SUPLEX | 4
COLEGIO BLOOM,SAIA/SHORT,SHORT SAIA SUPLEX,6,"$82,90",COLEGIO BLOOM SHORT SAIA SUPLEX | 6
COLEGIO BLOOM,SAIA/SHORT,SHORT SAIA SUPLEX,8,"$83,90",COLEGIO BLOOM SHORT SAIA SUPLEX | 8
COLEGIO BLOOM,SAIA/SHORT,SHORT SAIA SUPLEX,10,"$84,90",COLEGIO BLOOM SHORT SAIA SUPLEX | 10
COLEGIO BLOOM,SAIA/SHORT,SHORT SAIA SUPLEX,12,"$85,90",COLEGIO BLOOM SHORT SAIA SUPLEX | 12
COLEGIO BLOOM,SAIA/SHORT,SHORT SAIA SUPLEX,14,"$86,90",COLEGIO BLOOM SHORT SAIA SUPLEX | 14
COLEGIO BLOOM,SAIA/SHORT,SHORT SAIA SUPLEX,P,"$87,90",COLEGIO BLOOM SHORT SAIA SUPLEX | P
COLEGIO BLOOM,SAIA/SHORT,SHORT SAIA SUPLEX,M,"$88,90",COLEGIO BLOOM SHORT SAIA SUPLEX | M
COLEGIO BLOOM,OUTROS,VESTIDO,PP,"$99,90",COLEGIO BLOOM VESTIDO | PP
COLEGIO BLOOM,OUTROS,VESTIDO,P,"$101,90",COLEGIO BLOOM VESTIDO | P
COLEGIO BLOOM,OUTROS,VESTIDO,M,"$103,90",COLEGIO BLOOM VESTIDO | M
COLEGIO BLOOM,OUTROS,VESTIDO,G,"$105,90",COLEGIO BLOOM VESTIDO | G
COLEGIO BLOOM,OUTROS,VESTIDO,GG,"$110,90",COLEGIO BLOOM VESTIDO | GG
COLEGIO BLOOM,SAIA/SHORT,VESTIDO COM SHORTS,PP,"$119,90",COLEGIO BLOOM VESTIDO COM SHORTS | PP
COLEGIO BLOOM,SAIA/SHORT,VESTIDO COM SHORTS,P,"$121,90",COLEGIO BLOOM VESTIDO COM SHORTS | P
COLEGIO BLOOM,SAIA/SHORT,VESTIDO COM SHORTS,M,"$123,90",COLEGIO BLOOM VESTIDO COM SHORTS | M
COLEGIO BLOOM,SAIA/SHORT,VESTIDO COM SHORTS,G,"$125,90",COLEGIO BLOOM VESTIDO COM SHORTS | G
COLEGIO BLOOM,SAIA/SHORT,VESTIDO COM SHORTS,GG,"$130,90",COLEGIO BLOOM VESTIDO COM SHORTS | GG
COMPANY,OUTROS,BALLET COLLANT,P,"$81,90",COMPANY BALLET COLLANT | P
COMPANY,OUTROS,BALLET COLLANT,M,"$83,90",COMPANY BALLET COLLANT | M
COMPANY,OUTROS,BALLET COLLANT,G,"$85,90",COMPANY BALLET COLLANT | G
COMPANY,OUTROS,BALLET COLLANT,GG,"$87,90",COMPANY BALLET COLLANT | GG
COMPANY,OUTROS,BALLET COLLANT,PP ADULTO,"$94,90",COMPANY BALLET COLLANT | PP ADULTO
COMPANY,SAIA/SHORT,BALLET SAIA,PP,"$55,00",COMPANY BALLET SAIA | PP
COMPANY,SAIA/SHORT,BALLET SAIA,P,"$55,00",COMPANY BALLET SAIA | P
COMPANY,SAIA/SHORT,BALLET SAIA,M,"$59,90",COMPANY BALLET SAIA | M
COMPANY,SAIA/SHORT,BALLET SAIA,G,"$64,90",COMPANY BALLET SAIA | G
COMPANY,SAIA/SHORT,BALLET SAIA,GG,"$69,90",COMPANY BALLET SAIA | GG
COMPANY,BERMUDA,BERMUDA CICLISTA - SUPLEX,1,"$70,90",COMPANY BERMUDA CICLISTA - SUPLEX | 01
COMPANY,BERMUDA,BERMUDA CICLISTA - SUPLEX,2,"$72,90",COMPANY BERMUDA CICLISTA - SUPLEX | 02
COMPANY,BERMUDA,BERMUDA CICLISTA - SUPLEX,4,"$74,90",COMPANY BERMUDA CICLISTA - SUPLEX | 04
COMPANY,BERMUDA,BERMUDA CICLISTA - SUPLEX,6,"$75,90",COMPANY BERMUDA CICLISTA - SUPLEX | 06
COMPANY,BERMUDA,BERMUDA CICLISTA - SUPLEX,8,"$76,90",COMPANY BERMUDA CICLISTA - SUPLEX | 08
COMPANY,BERMUDA,BERMUDA CICLISTA - SUPLEX,10,"$77,90",COMPANY BERMUDA CICLISTA - SUPLEX | 10
COMPANY,BERMUDA,BERMUDA CICLISTA - SUPLEX,12,"$79,90",COMPANY BERMUDA CICLISTA - SUPLEX | 12
COMPANY,BERMUDA,BERMUDA CICLISTA - SUPLEX,14,"$82,90",COMPANY BERMUDA CICLISTA - SUPLEX | 14
COMPANY,BERMUDA,BERMUDA CICLISTA - SUPLEX,P,"$83,90",COMPANY BERMUDA CICLISTA - SUPLEX | P
COMPANY,BERMUDA,BERMUDA CICLISTA - SUPLEX,M,"$84,90",COMPANY BERMUDA CICLISTA - SUPLEX | M
COMPANY,BERMUDA,BERMUDA CICLISTA - SUPLEX,G,"$85,90",COMPANY BERMUDA CICLISTA - SUPLEX | G
COMPANY,BERMUDA,BERMUDA CICLISTA - SUPLEX,GG,"$89,90",COMPANY BERMUDA CICLISTA - SUPLEX | GG
COMPANY,BERMUDA,BERMUDA CICLISTA - SUPLEX,EXG,"$99,90",COMPANY BERMUDA CICLISTA - SUPLEX | EXG
COMPANY,BERMUDA,BERMUDA DE HELANCA,1,"$65,90",COMPANY BERMUDA DE HELANCA | 01
COMPANY,BERMUDA,BERMUDA DE HELANCA,2,"$66,90",COMPANY BERMUDA DE HELANCA | 02
COMPANY,BERMUDA,BERMUDA DE HELANCA,4,"$67,90",COMPANY BERMUDA DE HELANCA | 04
COMPANY,BERMUDA,BERMUDA DE HELANCA,6,"$69,90",COMPANY BERMUDA DE HELANCA | 06
COMPANY,BERMUDA,BERMUDA DE HELANCA,8,"$70,90",COMPANY BERMUDA DE HELANCA | 08
COMPANY,BERMUDA,BERMUDA DE HELANCA,10,"$72,90",COMPANY BERMUDA DE HELANCA | 10
COMPANY,BERMUDA,BERMUDA DE HELANCA,12,"$74,90",COMPANY BERMUDA DE HELANCA | 12
COMPANY,BERMUDA,BERMUDA DE HELANCA,14,"$76,90",COMPANY BERMUDA DE HELANCA | 14
COMPANY,BERMUDA,BERMUDA DE HELANCA,P,"$77,90",COMPANY BERMUDA DE HELANCA | P
COMPANY,BERMUDA,BERMUDA DE HELANCA,M,"$78,90",COMPANY BERMUDA DE HELANCA | M
COMPANY,BERMUDA,BERMUDA DE HELANCA,G,"$79,90",COMPANY BERMUDA DE HELANCA | G
COMPANY,BERMUDA,BERMUDA DE HELANCA,GG,"$84,90",COMPANY BERMUDA DE HELANCA | GG
COMPANY,BERMUDA,BERMUDA DE HELANCA,EXG,"$94,90",COMPANY BERMUDA DE HELANCA | EXG
COMPANY,AGASALHO,BLUSÃO DE HELANCA,1,"$139,90",COMPANY BLUSÃO DE HELANCA | 01
COMPANY,AGASALHO,BLUSÃO DE HELANCA,2,"$142,90",COMPANY BLUSÃO DE HELANCA | 02
COMPANY,AGASALHO,BLUSÃO DE HELANCA,4,"$145,90",COMPANY BLUSÃO DE HELANCA | 04
COMPANY,AGASALHO,BLUSÃO DE HELANCA,6,"$149,90",COMPANY BLUSÃO DE HELANCA | 06
COMPANY,AGASALHO,BLUSÃO DE HELANCA,8,"$154,90",COMPANY BLUSÃO DE HELANCA | 08
COMPANY,AGASALHO,BLUSÃO DE HELANCA,10,"$159,90",COMPANY BLUSÃO DE HELANCA | 10
COMPANY,AGASALHO,BLUSÃO DE HELANCA,12,"$162,90",COMPANY BLUSÃO DE HELANCA | 12
COMPANY,AGASALHO,BLUSÃO DE HELANCA,14,"$165,90",COMPANY BLUSÃO DE HELANCA | 14
COMPANY,AGASALHO,BLUSÃO DE HELANCA,P,"$169,90",COMPANY BLUSÃO DE HELANCA | P
COMPANY,AGASALHO,BLUSÃO DE HELANCA,M,"$175,90",COMPANY BLUSÃO DE HELANCA | M
COMPANY,AGASALHO,BLUSÃO DE HELANCA,G,"$179,90",COMPANY BLUSÃO DE HELANCA | G
COMPANY,AGASALHO,BLUSÃO DE HELANCA,GG,"$184,90",COMPANY BLUSÃO DE HELANCA | GG
COMPANY,AGASALHO,BLUSÃO DE HELANCA,EXG,"$195,90",COMPANY BLUSÃO DE HELANCA | EXG
COMPANY,AGASALHO,BLUSAO DE HELANCA FLANELADO,1,"$149,90",COMPANY BLUSAO DE HELANCA FLANELADO | 01
COMPANY,AGASALHO,BLUSAO DE HELANCA FLANELADO,2,"$152,90",COMPANY BLUSAO DE HELANCA FLANELADO | 02
COMPANY,AGASALHO,BLUSAO DE HELANCA FLANELADO,4,"$155,90",COMPANY BLUSAO DE HELANCA FLANELADO | 04
COMPANY,AGASALHO,BLUSAO DE HELANCA FLANELADO,6,"$159,90",COMPANY BLUSAO DE HELANCA FLANELADO | 06
COMPANY,AGASALHO,BLUSAO DE HELANCA FLANELADO,8,"$164,90",COMPANY BLUSAO DE HELANCA FLANELADO | 08
COMPANY,AGASALHO,BLUSAO DE HELANCA FLANELADO,10,"$169,90",COMPANY BLUSAO DE HELANCA FLANELADO | 10
COMPANY,AGASALHO,BLUSAO DE HELANCA FLANELADO,12,"$172,90",COMPANY BLUSAO DE HELANCA FLANELADO | 12
COMPANY,AGASALHO,BLUSAO DE HELANCA FLANELADO,14,"$175,90",COMPANY BLUSAO DE HELANCA FLANELADO | 14
COMPANY,AGASALHO,BLUSAO DE HELANCA FLANELADO,P,"$179,90",COMPANY BLUSAO DE HELANCA FLANELADO | P
COMPANY,AGASALHO,BLUSAO DE HELANCA FLANELADO,M,"$185,90",COMPANY BLUSAO DE HELANCA FLANELADO | M
COMPANY,AGASALHO,BLUSAO DE HELANCA FLANELADO,G,"$189,90",COMPANY BLUSAO DE HELANCA FLANELADO | G
COMPANY,AGASALHO,BLUSAO DE HELANCA FLANELADO,GG,"$194,90",COMPANY BLUSAO DE HELANCA FLANELADO | GG
COMPANY,AGASALHO,BLUSAO DE HELANCA FLANELADO,EXG,"$205,90",COMPANY BLUSAO DE HELANCA FLANELADO | EXG
COMPANY,CALÇA,CALÇA DE HELANCA,1,"$85,90",COMPANY CALÇA DE HELANCA | 01
COMPANY,CALÇA,CALÇA DE HELANCA,2,"$86,90",COMPANY CALÇA DE HELANCA | 02
COMPANY,CALÇA,CALÇA DE HELANCA,4,"$87,90",COMPANY CALÇA DE HELANCA | 04
COMPANY,CALÇA,CALÇA DE HELANCA,6,"$89,90",COMPANY CALÇA DE HELANCA | 06
COMPANY,CALÇA,CALÇA DE HELANCA,8,"$92,90",COMPANY CALÇA DE HELANCA | 08
COMPANY,CALÇA,CALÇA DE HELANCA,10,"$94,90",COMPANY CALÇA DE HELANCA | 10
COMPANY,CALÇA,CALÇA DE HELANCA,12,"$97,90",COMPANY CALÇA DE HELANCA | 12
COMPANY,CALÇA,CALÇA DE HELANCA,14,"$102,90",COMPANY CALÇA DE HELANCA | 14
COMPANY,CALÇA,CALÇA DE HELANCA,P,"$108,90",COMPANY CALÇA DE HELANCA | P
COMPANY,CALÇA,CALÇA DE HELANCA,M,"$116,90",COMPANY CALÇA DE HELANCA | M
COMPANY,CALÇA,CALÇA DE HELANCA,G,"$119,90",COMPANY CALÇA DE HELANCA | G
COMPANY,CALÇA,CALÇA DE HELANCA,GG,"$121,90",COMPANY CALÇA DE HELANCA | GG
COMPANY,CALÇA,CALÇA DE HELANCA,EXG,"$129,90",COMPANY CALÇA DE HELANCA | EXG
COMPANY,CALÇA,CALÇA DE HELANCA FLANELADA,1,"$95,90",COMPANY CALÇA DE HELANCA FLANELADA | 01
COMPANY,CALÇA,CALÇA DE HELANCA FLANELADA,2,"$96,90",COMPANY CALÇA DE HELANCA FLANELADA | 02
COMPANY,CALÇA,CALÇA DE HELANCA FLANELADA,4,"$97,90",COMPANY CALÇA DE HELANCA FLANELADA | 04
COMPANY,CALÇA,CALÇA DE HELANCA FLANELADA,6,"$99,90",COMPANY CALÇA DE HELANCA FLANELADA | 06
COMPANY,CALÇA,CALÇA DE HELANCA FLANELADA,8,"$102,90",COMPANY CALÇA DE HELANCA FLANELADA | 08
COMPANY,CALÇA,CALÇA DE HELANCA FLANELADA,10,"$104,90",COMPANY CALÇA DE HELANCA FLANELADA | 10
COMPANY,CALÇA,CALÇA DE HELANCA FLANELADA,12,"$107,70",COMPANY CALÇA DE HELANCA FLANELADA | 12
COMPANY,CALÇA,CALÇA DE HELANCA FLANELADA,14,"$112,10",COMPANY CALÇA DE HELANCA FLANELADA | 14
COMPANY,CALÇA,CALÇA DE HELANCA FLANELADA,P,"$118,90",COMPANY CALÇA DE HELANCA FLANELADA | P
COMPANY,CALÇA,CALÇA DE HELANCA FLANELADA,M,"$126,10",COMPANY CALÇA DE HELANCA FLANELADA | M
COMPANY,CALÇA,CALÇA DE HELANCA FLANELADA,G,"$129,90",COMPANY CALÇA DE HELANCA FLANELADA | G
COMPANY,CALÇA,CALÇA DE HELANCA FLANELADA,GG,"$131,90",COMPANY CALÇA DE HELANCA FLANELADA | GG
COMPANY,CALÇA,CALÇA DE HELANCA FLANELADA,EXG,"$139,90",COMPANY CALÇA DE HELANCA FLANELADA | EXG
COMPANY,CALÇA,CALÇA BAILARINA SUPLEX,1,"$86,90",COMPANY CALÇA.BAILARINA SUPLEX | 01
COMPANY,CALÇA,CALÇA BAILARINA SUPLEX,2,"$87,90",COMPANY CALÇA.BAILARINA SUPLEX | 02
COMPANY,CALÇA,CALÇA BAILARINA SUPLEX,4,"$89,90",COMPANY CALÇA.BAILARINA SUPLEX | 04
COMPANY,CALÇA,CALÇA BAILARINA SUPLEX,6,"$90,90",COMPANY CALÇA.BAILARINA SUPLEX | 06
COMPANY,CALÇA,CALÇA BAILARINA SUPLEX,8,"$94,90",COMPANY CALÇA.BAILARINA SUPLEX | 08
COMPANY,CALÇA,CALÇA BAILARINA SUPLEX,10,"$98,90",COMPANY CALÇA.BAILARINA SUPLEX | 10
COMPANY,CALÇA,CALÇA BAILARINA SUPLEX,12,"$102,90",COMPANY CALÇA.BAILARINA SUPLEX | 12
COMPANY,CALÇA,CALÇA BAILARINA SUPLEX,14,"$109,90",COMPANY CALÇA.BAILARINA SUPLEX | 14
COMPANY,CALÇA,CALÇA BAILARINA SUPLEX,P,"$117,90",COMPANY CALÇA.BAILARINA SUPLEX | P
COMPANY,CALÇA,CALÇA BAILARINA SUPLEX,M,"$119,90",COMPANY CALÇA.BAILARINA SUPLEX | M
COMPANY,CALÇA,CALÇA BAILARINA SUPLEX,G,"$124,90",COMPANY CALÇA.BAILARINA SUPLEX | G
COMPANY,CALÇA,CALÇA BAILARINA SUPLEX,GG,"$129,90",COMPANY CALÇA.BAILARINA SUPLEX | GG
COMPANY,CALÇA,CALÇA BAILARINA SUPLEX,EXG,"$139,90",COMPANY CALÇA.BAILARINA SUPLEX | EXG
COMPANY,CALÇA,CALÇA BAILARINA SUPLEX FLANELADA,1,"$96,90",COMPANY CALÇA.BAILARINA SUPLEX FLANELADA | 01
COMPANY,CALÇA,CALÇA BAILARINA SUPLEX FLANELADA,2,"$97,90",COMPANY CALÇA.BAILARINA SUPLEX FLANELADA | 02
COMPANY,CALÇA,CALÇA BAILARINA SUPLEX FLANELADA,4,"$99,90",COMPANY CALÇA.BAILARINA SUPLEX FLANELADA | 04
COMPANY,CALÇA,CALÇA BAILARINA SUPLEX FLANELADA,6,"$100,90",COMPANY CALÇA.BAILARINA SUPLEX FLANELADA | 06
COMPANY,CALÇA,CALÇA BAILARINA SUPLEX FLANELADA,8,"$104,90",COMPANY CALÇA.BAILARINA SUPLEX FLANELADA | 08
COMPANY,CALÇA,CALÇA BAILARINA SUPLEX FLANELADA,10,"$108,90",COMPANY CALÇA.BAILARINA SUPLEX FLANELADA | 10
COMPANY,CALÇA,CALÇA BAILARINA SUPLEX FLANELADA,12,"$112,90",COMPANY CALÇA.BAILARINA SUPLEX FLANELADA | 12
COMPANY,CALÇA,CALÇA BAILARINA SUPLEX FLANELADA,14,"$119,90",COMPANY CALÇA.BAILARINA SUPLEX FLANELADA | 14
COMPANY,CALÇA,CALÇA BAILARINA SUPLEX FLANELADA,P,"$127,90",COMPANY CALÇA.BAILARINA SUPLEX FLANELADA | P
COMPANY,CALÇA,CALÇA BAILARINA SUPLEX FLANELADA,M,"$129,90",COMPANY CALÇA.BAILARINA SUPLEX FLANELADA | M
COMPANY,CALÇA,CALÇA BAILARINA SUPLEX FLANELADA,G,"$134,90",COMPANY CALÇA.BAILARINA SUPLEX FLANELADA | G
COMPANY,CALÇA,CALÇA BAILARINA SUPLEX FLANELADA,GG,"$139,90",COMPANY CALÇA.BAILARINA SUPLEX FLANELADA | GG
COMPANY,CALÇA,CALÇA BAILARINA SUPLEX FLANELADA,EXG,"$149,90",COMPANY CALÇA.BAILARINA SUPLEX FLANELADA | EXG
COMPANY,CALÇA,CALÇA LEGGING - SUPLEX,1,"$81,90",COMPANY CALÇA.LEGGING - SUPLEX | 01
COMPANY,CALÇA,CALÇA LEGGING - SUPLEX,2,"$82,90",COMPANY CALÇA.LEGGING - SUPLEX | 02
COMPANY,CALÇA,CALÇA LEGGING - SUPLEX,4,"$84,90",COMPANY CALÇA.LEGGING - SUPLEX | 04
COMPANY,CALÇA,CALÇA LEGGING - SUPLEX,6,"$85,90",COMPANY CALÇA.LEGGING - SUPLEX | 06
COMPANY,CALÇA,CALÇA LEGGING - SUPLEX,8,"$89,90",COMPANY CALÇA.LEGGING - SUPLEX | 08
COMPANY,CALÇA,CALÇA LEGGING - SUPLEX,10,"$93,90",COMPANY CALÇA.LEGGING - SUPLEX | 10
COMPANY,CALÇA,CALÇA LEGGING - SUPLEX,12,"$97,90",COMPANY CALÇA.LEGGING - SUPLEX | 12
COMPANY,CALÇA,CALÇA LEGGING - SUPLEX,14,"$104,90",COMPANY CALÇA.LEGGING - SUPLEX | 14
COMPANY,CALÇA,CALÇA LEGGING - SUPLEX,P,"$112,90",COMPANY CALÇA.LEGGING - SUPLEX | P
COMPANY,CALÇA,CALÇA LEGGING - SUPLEX,M,"$114,90",COMPANY CALÇA.LEGGING - SUPLEX | M
COMPANY,CALÇA,CALÇA LEGGING - SUPLEX,G,"$119,90",COMPANY CALÇA.LEGGING - SUPLEX | G
COMPANY,CALÇA,CALÇA LEGGING - SUPLEX,GG,"$124,90",COMPANY CALÇA.LEGGING - SUPLEX | GG
COMPANY,CALÇA,CALÇA LEGGING - SUPLEX,EXG,"$134,90",COMPANY CALÇA.LEGGING - SUPLEX | EXG
COMPANY,CALÇA,CALÇA LEGGING SUPLEX FLANELADA,1,"$91,90",COMPANY CALÇA.LEGGING SUPLEX FLANELADA | 01
COMPANY,CALÇA,CALÇA LEGGING SUPLEX FLANELADA,2,"$92,90",COMPANY CALÇA.LEGGING SUPLEX FLANELADA | 02
COMPANY,CALÇA,CALÇA LEGGING SUPLEX FLANELADA,4,"$94,90",COMPANY CALÇA.LEGGING SUPLEX FLANELADA | 04
COMPANY,CALÇA,CALÇA LEGGING SUPLEX FLANELADA,6,"$95,90",COMPANY CALÇA.LEGGING SUPLEX FLANELADA | 06
COMPANY,CALÇA,CALÇA LEGGING SUPLEX FLANELADA,8,"$99,90",COMPANY CALÇA.LEGGING SUPLEX FLANELADA | 08
COMPANY,CALÇA,CALÇA LEGGING SUPLEX FLANELADA,10,"$103,90",COMPANY CALÇA.LEGGING SUPLEX FLANELADA | 10
COMPANY,CALÇA,CALÇA LEGGING SUPLEX FLANELADA,12,"$107,90",COMPANY CALÇA.LEGGING SUPLEX FLANELADA | 12
COMPANY,CALÇA,CALÇA LEGGING SUPLEX FLANELADA,14,"$114,90",COMPANY CALÇA.LEGGING SUPLEX FLANELADA | 14
COMPANY,CALÇA,CALÇA LEGGING SUPLEX FLANELADA,P,"$122,90",COMPANY CALÇA.LEGGING SUPLEX FLANELADA | P
COMPANY,CALÇA,CALÇA LEGGING SUPLEX FLANELADA,M,"$124,90",COMPANY CALÇA.LEGGING SUPLEX FLANELADA | M
COMPANY,CALÇA,CALÇA LEGGING SUPLEX FLANELADA,G,"$129,90",COMPANY CALÇA.LEGGING SUPLEX FLANELADA | G
COMPANY,CALÇA,CALÇA LEGGING SUPLEX FLANELADA,GG,"$134,90",COMPANY CALÇA.LEGGING SUPLEX FLANELADA | GG
COMPANY,CALÇA,CALÇA LEGGING SUPLEX FLANELADA,EXG,"$144,90",COMPANY CALÇA.LEGGING SUPLEX FLANELADA | EXG
COMPANY,CAMISETA,CAMISETA AZUL M.C.,1,"$51,90",COMPANY CAMISETA AZUL M.C. | 01
COMPANY,CAMISETA,CAMISETA AZUL M.C.,2,"$52,90",COMPANY CAMISETA AZUL M.C. | 02
COMPANY,CAMISETA,CAMISETA AZUL M.C.,4,"$53,90",COMPANY CAMISETA AZUL M.C. | 04
COMPANY,CAMISETA,CAMISETA AZUL M.C.,6,"$54,90",COMPANY CAMISETA AZUL M.C. | 06
COMPANY,CAMISETA,CAMISETA AZUL M.C.,8,"$55,90",COMPANY CAMISETA AZUL M.C. | 08
COMPANY,CAMISETA,CAMISETA AZUL M.C.,10,"$56,90",COMPANY CAMISETA AZUL M.C. | 10
COMPANY,CAMISETA,CAMISETA AZUL M.C.,12,"$57,90",COMPANY CAMISETA AZUL M.C. | 12
COMPANY,CAMISETA,CAMISETA AZUL M.C.,14,"$58,90",COMPANY CAMISETA AZUL M.C. | 14
COMPANY,CAMISETA,CAMISETA AZUL M.C.,P,"$60,90",COMPANY CAMISETA AZUL M.C. | P
COMPANY,CAMISETA,CAMISETA AZUL M.C.,M,"$62,90",COMPANY CAMISETA AZUL M.C. | M
COMPANY,CAMISETA,CAMISETA AZUL M.C.,G,"$64,90",COMPANY CAMISETA AZUL M.C. | G
COMPANY,CAMISETA,CAMISETA AZUL M.C.,GG,"$68,90",COMPANY CAMISETA AZUL M.C. | GG
COMPANY,CAMISETA,CAMISETA AZUL M.C.,EXG,"$78,90",COMPANY CAMISETA AZUL M.C. | EXG
COMPANY,CAMISETA,CAMISETA AZUL M.L.,1,"$54,90",COMPANY CAMISETA AZUL M.L. | 01
COMPANY,CAMISETA,CAMISETA AZUL M.L.,2,"$57,90",COMPANY CAMISETA AZUL M.L. | 02
COMPANY,CAMISETA,CAMISETA AZUL M.L.,4,"$58,90",COMPANY CAMISETA AZUL M.L. | 04
COMPANY,CAMISETA,CAMISETA AZUL M.L.,6,"$59,90",COMPANY CAMISETA AZUL M.L. | 06
COMPANY,CAMISETA,CAMISETA AZUL M.L.,8,"$60,90",COMPANY CAMISETA AZUL M.L. | 08
COMPANY,CAMISETA,CAMISETA AZUL M.L.,10,"$61,90",COMPANY CAMISETA AZUL M.L. | 10
COMPANY,CAMISETA,CAMISETA AZUL M.L.,12,"$62,90",COMPANY CAMISETA AZUL M.L. | 12
COMPANY,CAMISETA,CAMISETA AZUL M.L.,14,"$63,90",COMPANY CAMISETA AZUL M.L. | 14
COMPANY,CAMISETA,CAMISETA AZUL M.L.,P,"$65,90",COMPANY CAMISETA AZUL M.L. | P
COMPANY,CAMISETA,CAMISETA AZUL M.L.,M,"$67,90",COMPANY CAMISETA AZUL M.L. | M
COMPANY,CAMISETA,CAMISETA AZUL M.L.,G,"$69,90",COMPANY CAMISETA AZUL M.L. | G
COMPANY,CAMISETA,CAMISETA AZUL M.L.,GG,"$72,90",COMPANY CAMISETA AZUL M.L. | GG
COMPANY,CAMISETA,CAMISETA AZUL M.L.,EXG,"$82,90",COMPANY CAMISETA AZUL M.L. | EXG
COMPANY,CAMISETA,CAMISETA BRANCA M.C.,1,"$51,90",COMPANY CAMISETA BRANCA M.C. | 1
COMPANY,CAMISETA,CAMISETA BRANCA M.C.,2,"$52,90",COMPANY CAMISETA BRANCA M.C. | 2
COMPANY,CAMISETA,CAMISETA BRANCA M.C.,4,"$53,90",COMPANY CAMISETA BRANCA M.C. | 4
COMPANY,CAMISETA,CAMISETA BRANCA M.C.,6,"$54,90",COMPANY CAMISETA BRANCA M.C. | 6
COMPANY,CAMISETA,CAMISETA BRANCA M.C.,8,"$55,90",COMPANY CAMISETA BRANCA M.C. | 8
COMPANY,CAMISETA,CAMISETA BRANCA M.C.,10,"$56,90",COMPANY CAMISETA BRANCA M.C. | 10
COMPANY,CAMISETA,CAMISETA BRANCA M.C.,12,"$57,90",COMPANY CAMISETA BRANCA M.C. | 12
COMPANY,CAMISETA,CAMISETA BRANCA M.C.,14,"$58,90",COMPANY CAMISETA BRANCA M.C. | 14
COMPANY,CAMISETA,CAMISETA BRANCA M.C.,P,"$60,90",COMPANY CAMISETA BRANCA M.C. | P
COMPANY,CAMISETA,CAMISETA BRANCA M.C.,M,"$62,90",COMPANY CAMISETA BRANCA M.C. | M
COMPANY,CAMISETA,CAMISETA BRANCA M.C.,G,"$64,90",COMPANY CAMISETA BRANCA M.C. | G
COMPANY,CAMISETA,CAMISETA BRANCA M.C.,GG,"$68,90",COMPANY CAMISETA BRANCA M.C. | GG
COMPANY,CAMISETA,CAMISETA BRANCA M.C.,EXG,"$78,90",COMPANY CAMISETA BRANCA M.C. | EXG
COMPANY,CAMISETA,CAMISETA BRANCA M.L.,1,"$54,90",COMPANY CAMISETA BRANCA M.L. | 1
COMPANY,CAMISETA,CAMISETA BRANCA M.L.,2,"$57,90",COMPANY CAMISETA BRANCA M.L. | 2
COMPANY,CAMISETA,CAMISETA BRANCA M.L.,4,"$58,90",COMPANY CAMISETA BRANCA M.L. | 4
COMPANY,CAMISETA,CAMISETA BRANCA M.L.,6,"$59,90",COMPANY CAMISETA BRANCA M.L. | 6
COMPANY,CAMISETA,CAMISETA BRANCA M.L.,8,"$60,90",COMPANY CAMISETA BRANCA M.L. | 8
COMPANY,CAMISETA,CAMISETA BRANCA M.L.,10,"$61,90",COMPANY CAMISETA BRANCA M.L. | 10
COMPANY,CAMISETA,CAMISETA BRANCA M.L.,12,"$62,90",COMPANY CAMISETA BRANCA M.L. | 12
COMPANY,CAMISETA,CAMISETA BRANCA M.L.,14,"$63,90",COMPANY CAMISETA BRANCA M.L. | 14
COMPANY,CAMISETA,CAMISETA BRANCA M.L.,P,"$65,90",COMPANY CAMISETA BRANCA M.L. | P
COMPANY,CAMISETA,CAMISETA BRANCA M.L.,M,"$67,90",COMPANY CAMISETA BRANCA M.L. | M
COMPANY,CAMISETA,CAMISETA BRANCA M.L.,G,"$69,90",COMPANY CAMISETA BRANCA M.L. | G
COMPANY,CAMISETA,CAMISETA BRANCA M.L.,GG,"$72,90",COMPANY CAMISETA BRANCA M.L. | GG
COMPANY,CAMISETA,CAMISETA BRANCA M.L.,EXG,"$82,90",COMPANY CAMISETA BRANCA M.L. | EXG
COMPANY,OUTROS,REGATA AZUL MARINHO,1,"$50,90",COMPANY REGATA AZUL MARINHO | 01
COMPANY,OUTROS,REGATA AZUL MARINHO,2,"$51,90",COMPANY REGATA AZUL MARINHO | 02
COMPANY,OUTROS,REGATA AZUL MARINHO,4,"$52,90",COMPANY REGATA AZUL MARINHO | 04
COMPANY,OUTROS,REGATA AZUL MARINHO,6,"$53,90",COMPANY REGATA AZUL MARINHO | 06
COMPANY,OUTROS,REGATA AZUL MARINHO,8,"$54,90",COMPANY REGATA AZUL MARINHO | 08
COMPANY,OUTROS,REGATA AZUL MARINHO,10,"$55,90",COMPANY REGATA AZUL MARINHO | 10
COMPANY,OUTROS,REGATA AZUL MARINHO,12,"$56,90",COMPANY REGATA AZUL MARINHO | 12
COMPANY,OUTROS,REGATA AZUL MARINHO,14,"$57,90",COMPANY REGATA AZUL MARINHO | 14
COMPANY,OUTROS,REGATA AZUL MARINHO,P,"$59,90",COMPANY REGATA AZUL MARINHO | P
COMPANY,OUTROS,REGATA AZUL MARINHO,M,"$61,90",COMPANY REGATA AZUL MARINHO | M
COMPANY,OUTROS,REGATA AZUL MARINHO,G,"$63,90",COMPANY REGATA AZUL MARINHO | G
COMPANY,OUTROS,REGATA AZUL MARINHO,GG,"$67,90",COMPANY REGATA AZUL MARINHO | GG
COMPANY,OUTROS,REGATA AZUL MARINHO,EXG,"$77,90",COMPANY REGATA AZUL MARINHO | EXG
COMPANY,OUTROS,REGATA BRANCA,1,"$50,90",COMPANY REGATA BRANCA | 1
COMPANY,OUTROS,REGATA BRANCA,2,"$51,90",COMPANY REGATA BRANCA | 2
COMPANY,OUTROS,REGATA BRANCA,4,"$52,90",COMPANY REGATA BRANCA | 4
COMPANY,OUTROS,REGATA BRANCA,6,"$53,90",COMPANY REGATA BRANCA | 6
COMPANY,OUTROS,REGATA BRANCA,8,"$54,90",COMPANY REGATA BRANCA | 8
COMPANY,OUTROS,REGATA BRANCA,10,"$55,90",COMPANY REGATA BRANCA | 10
COMPANY,OUTROS,REGATA BRANCA,12,"$56,90",COMPANY REGATA BRANCA | 12
COMPANY,OUTROS,REGATA BRANCA,14,"$57,90",COMPANY REGATA BRANCA | 14
COMPANY,OUTROS,REGATA BRANCA,P,"$59,90",COMPANY REGATA BRANCA | P
COMPANY,OUTROS,REGATA BRANCA,M,"$61,90",COMPANY REGATA BRANCA | M
COMPANY,OUTROS,REGATA BRANCA,G,"$63,90",COMPANY REGATA BRANCA | G
COMPANY,OUTROS,REGATA BRANCA,GG,"$67,90",COMPANY REGATA BRANCA | GG
COMPANY,OUTROS,REGATA BRANCA,EXG,"$77,90",COMPANY REGATA BRANCA | EXG
COMPANY,OUTROS,REGATA NADADOR BRANCA,PP,"$49,90",COMPANY REGATA NADADOR BRANCA | PP
COMPANY,OUTROS,REGATA NADADOR BRANCA,P,"$50,90",COMPANY REGATA NADADOR BRANCA | P
COMPANY,OUTROS,REGATA NADADOR BRANCA,M,"$51,90",COMPANY REGATA NADADOR BRANCA | M
COMPANY,OUTROS,REGATA NADADOR BRANCA,G,"$53,90",COMPANY REGATA NADADOR BRANCA | G
COMPANY,OUTROS,REGATA NADADOR BRANCA,GG,"$54,90",COMPANY REGATA NADADOR BRANCA | GG
COMPANY,OUTROS,REGATA NADADOR BRANCA,PP ADULTO,"$55,90",COMPANY REGATA NADADOR BRANCA | PP ADULTO
COMPANY,OUTROS,REGATA NADADOR BRANCA,P ADULTO,"$58,90",COMPANY REGATA NADADOR BRANCA | P ADULTO
COMPANY,OUTROS,REGATA NADADOR BRANCA,M ADULTO,"$60,90",COMPANY REGATA NADADOR BRANCA | M ADULTO
COMPANY,OUTROS,REGATA NADADOR BRANCA,G ADULTO,"$62,90",COMPANY REGATA NADADOR BRANCA | G ADULTO
COMPANY,OUTROS,REGATA NADADOR BRANCA,GG ADULTO,"$64,90",COMPANY REGATA NADADOR BRANCA | GG ADULTO
COMPANY,OUTROS,REGATA NADADOR BRANCA,EXG ADULTO,"$74,90",COMPANY REGATA NADADOR BRANCA | EXG ADULTO
COMPANY,SAIA/SHORT,SHORT SAIA SUPLEX,1,"$76,90",COMPANY SHORT SAIA SUPLEX | 01
COMPANY,SAIA/SHORT,SHORT SAIA SUPLEX,2,"$77,90",COMPANY SHORT SAIA SUPLEX | 02
COMPANY,SAIA/SHORT,SHORT SAIA SUPLEX,4,"$79,90",COMPANY SHORT SAIA SUPLEX | 04
COMPANY,SAIA/SHORT,SHORT SAIA SUPLEX,6,"$82,90",COMPANY SHORT SAIA SUPLEX | 06
COMPANY,SAIA/SHORT,SHORT SAIA SUPLEX,8,"$83,90",COMPANY SHORT SAIA SUPLEX | 08
COMPANY,SAIA/SHORT,SHORT SAIA SUPLEX,10,"$84,90",COMPANY SHORT SAIA SUPLEX | 10
COMPANY,SAIA/SHORT,SHORT SAIA SUPLEX,12,"$85,90",COMPANY SHORT SAIA SUPLEX | 12
COMPANY,SAIA/SHORT,SHORT SAIA SUPLEX,14,"$86,90",COMPANY SHORT SAIA SUPLEX | 14
COMPANY,SAIA/SHORT,SHORT SAIA SUPLEX,P,"$87,90",COMPANY SHORT SAIA SUPLEX | P
COMPANY,SAIA/SHORT,SHORT SAIA SUPLEX,M,"$88,90",COMPANY SHORT SAIA SUPLEX | M
COMPANY,OUTROS,VESTIDO,PP,"$99,90",COMPANY VESTIDO | PP
COMPANY,OUTROS,VESTIDO,P,"$101,90",COMPANY VESTIDO | P
COMPANY,OUTROS,VESTIDO,M,"$103,90",COMPANY VESTIDO | M
COMPANY,OUTROS,VESTIDO,G,"$105,90",COMPANY VESTIDO | G
COMPANY,OUTROS,VESTIDO,GG,"$110,90",COMPANY VESTIDO | GG
COMPANY,OUTROS,VESTIDO,EXG,"$115,90",COMPANY VESTIDO | EXG
CRI CURUMIM,BERMUDA,BERMUDA CICLISTA SUPLEX,1,"$70,90",CRI CURUMIM BERMUDA CICLISTA SUPLEX | 01
CRI CURUMIM,BERMUDA,BERMUDA CICLISTA SUPLEX,2,"$72,90",CRI CURUMIM BERMUDA CICLISTA SUPLEX | 02
CRI CURUMIM,BERMUDA,BERMUDA CICLISTA SUPLEX,4,"$74,90",CRI CURUMIM BERMUDA CICLISTA SUPLEX | 04
CRI CURUMIM,BERMUDA,BERMUDA CICLISTA SUPLEX,6,"$75,90",CRI CURUMIM BERMUDA CICLISTA SUPLEX | 06
CRI CURUMIM,BERMUDA,BERMUDA CICLISTA SUPLEX,8,"$76,90",CRI CURUMIM BERMUDA CICLISTA SUPLEX | 08
CRI CURUMIM,BERMUDA,BERMUDA CICLISTA SUPLEX,10,"$77,90",CRI CURUMIM BERMUDA CICLISTA SUPLEX | 10
CRI CURUMIM,BERMUDA,BERMUDA CICLISTA SUPLEX,12,"$79,90",CRI CURUMIM BERMUDA CICLISTA SUPLEX | 12
CRI CURUMIM,BERMUDA,BERMUDA CICLISTA SUPLEX,14,"$82,90",CRI CURUMIM BERMUDA CICLISTA SUPLEX | 14
CRI CURUMIM,BERMUDA,BERMUDA HELANCA,1,"$65,90",CRI CURUMIM BERMUDA HELANCA | 01
CRI CURUMIM,BERMUDA,BERMUDA HELANCA,2,"$66,90",CRI CURUMIM BERMUDA HELANCA | 02
CRI CURUMIM,BERMUDA,BERMUDA HELANCA,4,"$67,90",CRI CURUMIM BERMUDA HELANCA | 04
CRI CURUMIM,BERMUDA,BERMUDA HELANCA,6,"$69,90",CRI CURUMIM BERMUDA HELANCA | 06
CRI CURUMIM,BERMUDA,BERMUDA HELANCA,8,"$70,90",CRI CURUMIM BERMUDA HELANCA | 08
CRI CURUMIM,BERMUDA,BERMUDA HELANCA,10,"$72,90",CRI CURUMIM BERMUDA HELANCA | 10
CRI CURUMIM,BERMUDA,BERMUDA HELANCA,12,"$74,90",CRI CURUMIM BERMUDA HELANCA | 12
CRI CURUMIM,BERMUDA,BERMUDA HELANCA,14,"$76,90",CRI CURUMIM BERMUDA HELANCA | 14
CRI CURUMIM,AGASALHO,BLUSAO DE HELANCA,1,"$139,90",CRI CURUMIM BLUSAO DE HELANCA | 01
CRI CURUMIM,AGASALHO,BLUSAO DE HELANCA,2,"$142,90",CRI CURUMIM BLUSAO DE HELANCA | 02
CRI CURUMIM,AGASALHO,BLUSAO DE HELANCA,4,"$145,90",CRI CURUMIM BLUSAO DE HELANCA | 04
CRI CURUMIM,AGASALHO,BLUSAO DE HELANCA,6,"$149,90",CRI CURUMIM BLUSAO DE HELANCA | 06
CRI CURUMIM,AGASALHO,BLUSAO DE HELANCA,8,"$154,90",CRI CURUMIM BLUSAO DE HELANCA | 08
CRI CURUMIM,AGASALHO,BLUSAO DE HELANCA,10,"$159,90",CRI CURUMIM BLUSAO DE HELANCA | 10
CRI CURUMIM,AGASALHO,BLUSAO DE HELANCA,12,"$162,90",CRI CURUMIM BLUSAO DE HELANCA | 12
CRI CURUMIM,AGASALHO,BLUSAO DE HELANCA,14,"$162,90",CRI CURUMIM BLUSAO DE HELANCA | 14
CRI CURUMIM,AGASALHO,BLUSAO DE HELANCA FLANELADO,1,"$149,90",CRI CURUMIM BLUSAO DE HELANCA FLANELADO | 1
CRI CURUMIM,AGASALHO,BLUSAO DE HELANCA FLANELADO,2,"$152,90",CRI CURUMIM BLUSAO DE HELANCA FLANELADO | 2
CRI CURUMIM,AGASALHO,BLUSAO DE HELANCA FLANELADO,4,"$155,90",CRI CURUMIM BLUSAO DE HELANCA FLANELADO | 4
CRI CURUMIM,AGASALHO,BLUSAO DE HELANCA FLANELADO,6,"$159,90",CRI CURUMIM BLUSAO DE HELANCA FLANELADO | 6
CRI CURUMIM,AGASALHO,BLUSAO DE HELANCA FLANELADO,8,"$164,90",CRI CURUMIM BLUSAO DE HELANCA FLANELADO | 8
CRI CURUMIM,AGASALHO,BLUSAO DE HELANCA FLANELADO,10,"$169,90",CRI CURUMIM BLUSAO DE HELANCA FLANELADO | 10
CRI CURUMIM,AGASALHO,BLUSAO DE HELANCA FLANELADO,12,"$172,90",CRI CURUMIM BLUSAO DE HELANCA FLANELADO | 12
CRI CURUMIM,AGASALHO,BLUSAO DE HELANCA FLANELADO,14,"$175,90",CRI CURUMIM BLUSAO DE HELANCA FLANELADO | 14
CRI CURUMIM,CALÇA,CALÇA DE HELANCA,1,"$85,90",CRI CURUMIM CALÇA DE HELANCA | 01
CRI CURUMIM,CALÇA,CALÇA DE HELANCA,2,"$86,90",CRI CURUMIM CALÇA DE HELANCA | 02
CRI CURUMIM,CALÇA,CALÇA DE HELANCA,4,"$87,90",CRI CURUMIM CALÇA DE HELANCA | 04
CRI CURUMIM,CALÇA,CALÇA DE HELANCA,6,"$89,90",CRI CURUMIM CALÇA DE HELANCA | 06
CRI CURUMIM,CALÇA,CALÇA DE HELANCA,8,"$92,90",CRI CURUMIM CALÇA DE HELANCA | 08
CRI CURUMIM,CALÇA,CALÇA DE HELANCA,10,"$94,90",CRI CURUMIM CALÇA DE HELANCA | 10
CRI CURUMIM,CALÇA,CALÇA DE HELANCA,12,"$97,90",CRI CURUMIM CALÇA DE HELANCA | 12
CRI CURUMIM,CALÇA,CALÇA DE HELANCA,14,"$102,10",CRI CURUMIM CALÇA DE HELANCA | 14
CRI CURUMIM,CALÇA,CALÇA DE HELANCA FLANELADA,1,"$95,90",CRI CURUMIM CALÇA DE HELANCA FLANELADA | 1
CRI CURUMIM,CALÇA,CALÇA DE HELANCA FLANELADA,2,"$96,90",CRI CURUMIM CALÇA DE HELANCA FLANELADA | 2
CRI CURUMIM,CALÇA,CALÇA DE HELANCA FLANELADA,4,"$97,90",CRI CURUMIM CALÇA DE HELANCA FLANELADA | 4
CRI CURUMIM,CALÇA,CALÇA DE HELANCA FLANELADA,6,"$99,90",CRI CURUMIM CALÇA DE HELANCA FLANELADA | 6
CRI CURUMIM,CALÇA,CALÇA DE HELANCA FLANELADA,8,"$102,90",CRI CURUMIM CALÇA DE HELANCA FLANELADA | 8
CRI CURUMIM,CALÇA,CALÇA DE HELANCA FLANELADA,10,"$104,90",CRI CURUMIM CALÇA DE HELANCA FLANELADA | 10
CRI CURUMIM,CALÇA,CALÇA DE HELANCA FLANELADA,12,"$107,70",CRI CURUMIM CALÇA DE HELANCA FLANELADA | 12
CRI CURUMIM,CALÇA,CALÇA DE HELANCA FLANELADA,14,"$112,10",CRI CURUMIM CALÇA DE HELANCA FLANELADA | 14
CRI CURUMIM,CALÇA,CALÇA LEGGING SUPLEX,1,"$81,90",CRI CURUMIM CALÇA LEGGING SUPLEX | 01
CRI CURUMIM,CALÇA,CALÇA LEGGING SUPLEX,2,"$82,90",CRI CURUMIM CALÇA LEGGING SUPLEX | 02
CRI CURUMIM,CALÇA,CALÇA LEGGING SUPLEX,4,"$84,90",CRI CURUMIM CALÇA LEGGING SUPLEX | 04
CRI CURUMIM,CALÇA,CALÇA LEGGING SUPLEX,6,"$85,90",CRI CURUMIM CALÇA LEGGING SUPLEX | 06
CRI CURUMIM,CALÇA,CALÇA LEGGING SUPLEX,8,"$89,90",CRI CURUMIM CALÇA LEGGING SUPLEX | 08
CRI CURUMIM,CALÇA,CALÇA LEGGING SUPLEX,10,"$93,90",CRI CURUMIM CALÇA LEGGING SUPLEX | 10
CRI CURUMIM,CALÇA,CALÇA LEGGING SUPLEX,12,"$97,90",CRI CURUMIM CALÇA LEGGING SUPLEX | 12
CRI CURUMIM,CALÇA,CALÇA LEGGING SUPLEX,14,"$104,90",CRI CURUMIM CALÇA LEGGING SUPLEX | 14
CRI CURUMIM,CAMISETA,CAMISETA BRANCA M.CURTA,1,"$51,90",CRI CURUMIM CAMISETA BRANCA M.CURTA | 01
CRI CURUMIM,CAMISETA,CAMISETA BRANCA M.CURTA,2,"$52,90",CRI CURUMIM CAMISETA BRANCA M.CURTA | 02
CRI CURUMIM,CAMISETA,CAMISETA BRANCA M.CURTA,4,"$53,90",CRI CURUMIM CAMISETA BRANCA M.CURTA | 04
CRI CURUMIM,CAMISETA,CAMISETA BRANCA M.CURTA,6,"$54,90",CRI CURUMIM CAMISETA BRANCA M.CURTA | 06
CRI CURUMIM,CAMISETA,CAMISETA BRANCA M.CURTA,8,"$55,90",CRI CURUMIM CAMISETA BRANCA M.CURTA | 08
CRI CURUMIM,CAMISETA,CAMISETA BRANCA M.CURTA,10,"$56,90",CRI CURUMIM CAMISETA BRANCA M.CURTA | 10
CRI CURUMIM,CAMISETA,CAMISETA BRANCA M.CURTA,12,"$57,90",CRI CURUMIM CAMISETA BRANCA M.CURTA | 12
CRI CURUMIM,CAMISETA,CAMISETA BRANCA M.CURTA,14,"$58,90",CRI CURUMIM CAMISETA BRANCA M.CURTA | 14
CRI CURUMIM,CAMISETA,CAMISETA BRANCA M.LONGA,1,"$54,90",CRI CURUMIM CAMISETA BRANCA M.LONGA | 01
CRI CURUMIM,CAMISETA,CAMISETA BRANCA M.LONGA,2,"$57,90",CRI CURUMIM CAMISETA BRANCA M.LONGA | 02
CRI CURUMIM,CAMISETA,CAMISETA BRANCA M.LONGA,4,"$58,90",CRI CURUMIM CAMISETA BRANCA M.LONGA | 04
CRI CURUMIM,CAMISETA,CAMISETA BRANCA M.LONGA,6,"$59,90",CRI CURUMIM CAMISETA BRANCA M.LONGA | 06
CRI CURUMIM,CAMISETA,CAMISETA BRANCA M.LONGA,8,"$60,90",CRI CURUMIM CAMISETA BRANCA M.LONGA | 08
CRI CURUMIM,CAMISETA,CAMISETA BRANCA M.LONGA,10,"$61,90",CRI CURUMIM CAMISETA BRANCA M.LONGA | 10
CRI CURUMIM,CAMISETA,CAMISETA BRANCA M.LONGA,12,"$62,90",CRI CURUMIM CAMISETA BRANCA M.LONGA | 12
CRI CURUMIM,CAMISETA,CAMISETA BRANCA M.LONGA,14,"$63,90",CRI CURUMIM CAMISETA BRANCA M.LONGA | 14
CRI CURUMIM,OUTROS,NADADOR,PP,"$49,90",CRI CURUMIM NADADOR | PP
CRI CURUMIM,OUTROS,NADADOR,P,"$50,90",CRI CURUMIM NADADOR | P
CRI CURUMIM,OUTROS,NADADOR,M,"$51,90",CRI CURUMIM NADADOR | M
CRI CURUMIM,OUTROS,NADADOR,G,"$53,90",CRI CURUMIM NADADOR | G
CRI CURUMIM,OUTROS,NADADOR,GG,"$54,90",CRI CURUMIM NADADOR | GG
CRI CURUMIM,OUTROS,REGATA MACHÃO BRANCA,1,"$50,90",CRI CURUMIM REGATA MACHÃO BRANCA | 01
CRI CURUMIM,OUTROS,REGATA MACHÃO BRANCA,2,"$51,90",CRI CURUMIM REGATA MACHÃO BRANCA | 02
CRI CURUMIM,OUTROS,REGATA MACHÃO BRANCA,4,"$52,90",CRI CURUMIM REGATA MACHÃO BRANCA | 04
CRI CURUMIM,OUTROS,REGATA MACHÃO BRANCA,6,"$53,90",CRI CURUMIM REGATA MACHÃO BRANCA | 06
CRI CURUMIM,OUTROS,REGATA MACHÃO BRANCA,8,"$54,90",CRI CURUMIM REGATA MACHÃO BRANCA | 08
CRI CURUMIM,OUTROS,REGATA MACHÃO BRANCA,10,"$55,90",CRI CURUMIM REGATA MACHÃO BRANCA | 10
CRI CURUMIM,OUTROS,REGATA MACHÃO BRANCA,12,"$56,90",CRI CURUMIM REGATA MACHÃO BRANCA | 12
CRI CURUMIM,OUTROS,REGATA MACHÃO BRANCA,14,"$57,90",CRI CURUMIM REGATA MACHÃO BRANCA | 14
CRI CURUMIM,SAIA/SHORT,SHORT SAIA SUPLEX,1,"$76,90",CRI CURUMIM SHORT SAIA SUPLEX | 01
CRI CURUMIM,SAIA/SHORT,SHORT SAIA SUPLEX,2,"$77,90",CRI CURUMIM SHORT SAIA SUPLEX | 02
CRI CURUMIM,SAIA/SHORT,SHORT SAIA SUPLEX,4,"$79,90",CRI CURUMIM SHORT SAIA SUPLEX | 04
CRI CURUMIM,SAIA/SHORT,SHORT SAIA SUPLEX,6,"$82,90",CRI CURUMIM SHORT SAIA SUPLEX | 06
CRI CURUMIM,SAIA/SHORT,SHORT SAIA SUPLEX,8,"$83,90",CRI CURUMIM SHORT SAIA SUPLEX | 08
CRI CURUMIM,SAIA/SHORT,SHORT SAIA SUPLEX,10,"$84,90",CRI CURUMIM SHORT SAIA SUPLEX | 10
CRI CURUMIM,SAIA/SHORT,SHORT SAIA SUPLEX,12,"$85,90",CRI CURUMIM SHORT SAIA SUPLEX | 12
CRI CURUMIM,SAIA/SHORT,SHORT SAIA SUPLEX,14,"$86,90",CRI CURUMIM SHORT SAIA SUPLEX | 14
CRIDEAL,BERMUDA,BERMUDA CICLISTA SUPLEX,1,"$70,90",CRIDEAL BERMUDA CICLISTA SUPLEX | 1
CRIDEAL,BERMUDA,BERMUDA CICLISTA SUPLEX,2,"$72,90",CRIDEAL BERMUDA CICLISTA SUPLEX | 2
CRIDEAL,BERMUDA,BERMUDA CICLISTA SUPLEX,4,"$74,90",CRIDEAL BERMUDA CICLISTA SUPLEX | 4
CRIDEAL,BERMUDA,BERMUDA CICLISTA SUPLEX,6,"$75,90",CRIDEAL BERMUDA CICLISTA SUPLEX | 6
CRIDEAL,BERMUDA,BERMUDA CICLISTA SUPLEX,8,"$76,90",CRIDEAL BERMUDA CICLISTA SUPLEX | 8
CRIDEAL,BERMUDA,BERMUDA CICLISTA SUPLEX,10,"$77,90",CRIDEAL BERMUDA CICLISTA SUPLEX | 10
CRIDEAL,BERMUDA,BERMUDA CICLISTA SUPLEX,12,"$79,90",CRIDEAL BERMUDA CICLISTA SUPLEX | 12
CRIDEAL,BERMUDA,BERMUDA CICLISTA SUPLEX,14,"$82,90",CRIDEAL BERMUDA CICLISTA SUPLEX | 14
CRIDEAL,BERMUDA,BERMUDA CICLISTA SUPLEX,M,"$86,90",CRIDEAL BERMUDA CICLISTA SUPLEX | M
CRIDEAL,BERMUDA,BERMUDA CICLISTA SUPLEX,G,"$92,90",CRIDEAL BERMUDA CICLISTA SUPLEX | G
CRIDEAL,BERMUDA,BERMUDA DE HELANCA,1,"$65,90",CRIDEAL BERMUDA DE HELANCA | 1
CRIDEAL,BERMUDA,BERMUDA DE HELANCA,2,"$66,90",CRIDEAL BERMUDA DE HELANCA | 2
CRIDEAL,BERMUDA,BERMUDA DE HELANCA,4,"$67,90",CRIDEAL BERMUDA DE HELANCA | 4
CRIDEAL,BERMUDA,BERMUDA DE HELANCA,6,"$69,90",CRIDEAL BERMUDA DE HELANCA | 6
CRIDEAL,BERMUDA,BERMUDA DE HELANCA,8,"$70,90",CRIDEAL BERMUDA DE HELANCA | 8
CRIDEAL,BERMUDA,BERMUDA DE HELANCA,10,"$72,90",CRIDEAL BERMUDA DE HELANCA | 10
CRIDEAL,BERMUDA,BERMUDA DE HELANCA,12,"$74,90",CRIDEAL BERMUDA DE HELANCA | 12
CRIDEAL,BERMUDA,BERMUDA DE HELANCA,14,"$76,90",CRIDEAL BERMUDA DE HELANCA | 14
CRIDEAL,AGASALHO,BLUSAO DE HELANCA FLANELADO (AZUL),1,"$149,90",CRIDEAL BLUSAO DE HELANCA FLANELADO (AZUL) | 01
CRIDEAL,AGASALHO,BLUSAO DE HELANCA FLANELADO (AZUL),2,"$152,90",CRIDEAL BLUSAO DE HELANCA FLANELADO (AZUL) | 02
CRIDEAL,AGASALHO,BLUSAO DE HELANCA FLANELADO (AZUL),4,"$155,90",CRIDEAL BLUSAO DE HELANCA FLANELADO (AZUL) | 04
CRIDEAL,AGASALHO,BLUSAO DE HELANCA FLANELADO (AZUL),6,"$159,90",CRIDEAL BLUSAO DE HELANCA FLANELADO (AZUL) | 06
CRIDEAL,AGASALHO,BLUSAO DE HELANCA FLANELADO (AZUL),8,"$164,90",CRIDEAL BLUSAO DE HELANCA FLANELADO (AZUL) | 08
CRIDEAL,AGASALHO,BLUSAO DE HELANCA FLANELADO (AZUL),10,"$169,90",CRIDEAL BLUSAO DE HELANCA FLANELADO (AZUL) | 10
CRIDEAL,AGASALHO,BLUSAO DE HELANCA FLANELADO (AZUL),12,"$172,90",CRIDEAL BLUSAO DE HELANCA FLANELADO (AZUL) | 12
CRIDEAL,AGASALHO,BLUSAO DE HELANCA FLANELADO (AZUL),14,"$175,90",CRIDEAL BLUSAO DE HELANCA FLANELADO (AZUL) | 14
CRIDEAL,AGASALHO,BLUSÃO DE HELANCA S/FLANELA (LARANJA),1,"$139,90",CRIDEAL BLUSÃO DE HELANCA S/FLANELA (LARANJA) | 1
CRIDEAL,AGASALHO,BLUSÃO DE HELANCA S/FLANELA (LARANJA),2,"$142,90",CRIDEAL BLUSÃO DE HELANCA S/FLANELA (LARANJA) | 2
CRIDEAL,AGASALHO,BLUSÃO DE HELANCA S/FLANELA (LARANJA),4,"$145,90",CRIDEAL BLUSÃO DE HELANCA S/FLANELA (LARANJA) | 4
CRIDEAL,AGASALHO,BLUSÃO DE HELANCA S/FLANELA (LARANJA),6,"$149,90",CRIDEAL BLUSÃO DE HELANCA S/FLANELA (LARANJA) | 6
CRIDEAL,AGASALHO,BLUSÃO DE HELANCA S/FLANELA (LARANJA),8,"$154,90",CRIDEAL BLUSÃO DE HELANCA S/FLANELA (LARANJA) | 8
CRIDEAL,AGASALHO,BLUSÃO DE HELANCA S/FLANELA (LARANJA),10,"$159,90",CRIDEAL BLUSÃO DE HELANCA S/FLANELA (LARANJA) | 10
CRIDEAL,AGASALHO,BLUSÃO DE HELANCA S/FLANELA (LARANJA),12,"$162,90",CRIDEAL BLUSÃO DE HELANCA S/FLANELA (LARANJA) | 12
CRIDEAL,AGASALHO,BLUSÃO DE HELANCA S/FLANELA (LARANJA),14,"$165,90",CRIDEAL BLUSÃO DE HELANCA S/FLANELA (LARANJA) | 14
CRIDEAL,CALÇA,CALÇA DE HELANCA (AZUL),1,"$85,90",CRIDEAL CALÇA DE HELANCA (AZUL) | 1
CRIDEAL,CALÇA,CALÇA DE HELANCA (AZUL),2,"$86,90",CRIDEAL CALÇA DE HELANCA (AZUL) | 2
CRIDEAL,CALÇA,CALÇA DE HELANCA (AZUL),4,"$87,90",CRIDEAL CALÇA DE HELANCA (AZUL) | 4
CRIDEAL,CALÇA,CALÇA DE HELANCA (AZUL),6,"$89,90",CRIDEAL CALÇA DE HELANCA (AZUL) | 6
CRIDEAL,CALÇA,CALÇA DE HELANCA (AZUL),8,"$92,90",CRIDEAL CALÇA DE HELANCA (AZUL) | 8
CRIDEAL,CALÇA,CALÇA DE HELANCA (AZUL),10,"$94,90",CRIDEAL CALÇA DE HELANCA (AZUL) | 10
CRIDEAL,CALÇA,CALÇA DE HELANCA (AZUL),12,"$97,90",CRIDEAL CALÇA DE HELANCA (AZUL) | 12
CRIDEAL,CALÇA,CALÇA DE HELANCA (AZUL),14,"$102,10",CRIDEAL CALÇA DE HELANCA (AZUL) | 14
CRIDEAL,CALÇA,CALÇA DE HELANCA FLANELADA (AZUL),1,"$95,90",CRIDEAL CALÇA DE HELANCA FLANELADA (AZUL) | 01
CRIDEAL,CALÇA,CALÇA DE HELANCA FLANELADA (AZUL),2,"$96,90",CRIDEAL CALÇA DE HELANCA FLANELADA (AZUL) | 02
CRIDEAL,CALÇA,CALÇA DE HELANCA FLANELADA (AZUL),4,"$97,90",CRIDEAL CALÇA DE HELANCA FLANELADA (AZUL) | 04
CRIDEAL,CALÇA,CALÇA DE HELANCA FLANELADA (AZUL),6,"$99,90",CRIDEAL CALÇA DE HELANCA FLANELADA (AZUL) | 06
CRIDEAL,CALÇA,CALÇA DE HELANCA FLANELADA (AZUL),8,"$102,90",CRIDEAL CALÇA DE HELANCA FLANELADA (AZUL) | 08
CRIDEAL,CALÇA,CALÇA DE HELANCA FLANELADA (AZUL),10,"$104,90",CRIDEAL CALÇA DE HELANCA FLANELADA (AZUL) | 10
CRIDEAL,CALÇA,CALÇA DE HELANCA FLANELADA (AZUL),12,"$107,70",CRIDEAL CALÇA DE HELANCA FLANELADA (AZUL) | 12
CRIDEAL,CALÇA,CALÇA DE HELANCA FLANELADA (AZUL),14,"$112,10",CRIDEAL CALÇA DE HELANCA FLANELADA (AZUL) | 14
CRIDEAL,CALÇA,CALÇA BAILARINA SUPLEX,1,"$86,90",CRIDEAL CALÇA.BAILARINA SUPLEX | 1
CRIDEAL,CALÇA,CALÇA BAILARINA SUPLEX,2,"$87,90",CRIDEAL CALÇA.BAILARINA SUPLEX | 2
CRIDEAL,CALÇA,CALÇA BAILARINA SUPLEX,4,"$89,90",CRIDEAL CALÇA.BAILARINA SUPLEX | 4
CRIDEAL,CALÇA,CALÇA BAILARINA SUPLEX,6,"$90,90",CRIDEAL CALÇA.BAILARINA SUPLEX | 6
CRIDEAL,CALÇA,CALÇA BAILARINA SUPLEX,8,"$94,90",CRIDEAL CALÇA.BAILARINA SUPLEX | 8
CRIDEAL,CALÇA,CALÇA BAILARINA SUPLEX,10,"$98,90",CRIDEAL CALÇA.BAILARINA SUPLEX | 10
CRIDEAL,CALÇA,CALÇA BAILARINA SUPLEX,12,"$102,90",CRIDEAL CALÇA.BAILARINA SUPLEX | 12
CRIDEAL,CALÇA,CALÇA BAILARINA SUPLEX,14,"$109,90",CRIDEAL CALÇA.BAILARINA SUPLEX | 14
CRIDEAL,CALÇA,CALÇA LEGGING SUPLEX,1,"$81,90",CRIDEAL CALÇA.LEGGING SUPLEX | 1
CRIDEAL,CALÇA,CALÇA LEGGING SUPLEX,2,"$82,90",CRIDEAL CALÇA.LEGGING SUPLEX | 2
CRIDEAL,CALÇA,CALÇA LEGGING SUPLEX,4,"$84,90",CRIDEAL CALÇA.LEGGING SUPLEX | 4
CRIDEAL,CALÇA,CALÇA LEGGING SUPLEX,6,"$85,90",CRIDEAL CALÇA.LEGGING SUPLEX | 6
CRIDEAL,CALÇA,CALÇA LEGGING SUPLEX,8,"$89,90",CRIDEAL CALÇA.LEGGING SUPLEX | 8
CRIDEAL,CALÇA,CALÇA LEGGING SUPLEX,10,"$93,90",CRIDEAL CALÇA.LEGGING SUPLEX | 10
CRIDEAL,CALÇA,CALÇA LEGGING SUPLEX,12,"$97,90",CRIDEAL CALÇA.LEGGING SUPLEX | 12
CRIDEAL,CALÇA,CALÇA LEGGING SUPLEX,14,"$104,90",CRIDEAL CALÇA.LEGGING SUPLEX | 14
CRIDEAL,CAMISETA,CAMISETA M.C.AZUL COM FAIXA LATERAL LARANJA,1,"$61,90",CRIDEAL CAMISETA M.C.AZUL COM FAIXA LATERAL LARANJA | 01
CRIDEAL,CAMISETA,CAMISETA M.C.AZUL COM FAIXA LATERAL LARANJA,2,"$62,90",CRIDEAL CAMISETA M.C.AZUL COM FAIXA LATERAL LARANJA | 02
CRIDEAL,CAMISETA,CAMISETA M.C.AZUL COM FAIXA LATERAL LARANJA,4,"$63,90",CRIDEAL CAMISETA M.C.AZUL COM FAIXA LATERAL LARANJA | 04
CRIDEAL,CAMISETA,CAMISETA M.C.AZUL COM FAIXA LATERAL LARANJA,6,"$64,90",CRIDEAL CAMISETA M.C.AZUL COM FAIXA LATERAL LARANJA | 06
CRIDEAL,CAMISETA,CAMISETA M.C.AZUL COM FAIXA LATERAL LARANJA,8,"$65,90",CRIDEAL CAMISETA M.C.AZUL COM FAIXA LATERAL LARANJA | 08
CRIDEAL,CAMISETA,CAMISETA M.C.AZUL COM FAIXA LATERAL LARANJA,10,"$66,90",CRIDEAL CAMISETA M.C.AZUL COM FAIXA LATERAL LARANJA | 10
CRIDEAL,CAMISETA,CAMISETA M.C.AZUL COM FAIXA LATERAL LARANJA,12,"$67,90",CRIDEAL CAMISETA M.C.AZUL COM FAIXA LATERAL LARANJA | 12
CRIDEAL,CAMISETA,CAMISETA M.C.AZUL COM FAIXA LATERAL LARANJA,14,"$68,90",CRIDEAL CAMISETA M.C.AZUL COM FAIXA LATERAL LARANJA | 14
CRIDEAL,CAMISETA,CAMISETA M.C.LARANJA,1,"$51,90",CRIDEAL CAMISETA M.C.LARANJA | 1
CRIDEAL,CAMISETA,CAMISETA M.C.LARANJA,2,"$52,90",CRIDEAL CAMISETA M.C.LARANJA | 2
CRIDEAL,CAMISETA,CAMISETA M.C.LARANJA,4,"$53,90",CRIDEAL CAMISETA M.C.LARANJA | 4
CRIDEAL,CAMISETA,CAMISETA M.C.LARANJA,6,"$54,90",CRIDEAL CAMISETA M.C.LARANJA | 6
CRIDEAL,CAMISETA,CAMISETA M.C.LARANJA,8,"$55,90",CRIDEAL CAMISETA M.C.LARANJA | 8
CRIDEAL,CAMISETA,CAMISETA M.C.LARANJA,10,"$56,90",CRIDEAL CAMISETA M.C.LARANJA | 10
CRIDEAL,CAMISETA,CAMISETA M.C.LARANJA,12,"$57,90",CRIDEAL CAMISETA M.C.LARANJA | 12
CRIDEAL,CAMISETA,CAMISETA M.C.LARANJA,14,"$58,90",CRIDEAL CAMISETA M.C.LARANJA | 14
CRIDEAL,CAMISETA,CAMISETA M.L.AZUL COM FAIXA LATERAL LARANJA,1,"$64,90",CRIDEAL CAMISETA M.L.AZUL COM FAIXA LATERAL LARANJA | 01
CRIDEAL,CAMISETA,CAMISETA M.L.AZUL COM FAIXA LATERAL LARANJA,2,"$67,90",CRIDEAL CAMISETA M.L.AZUL COM FAIXA LATERAL LARANJA | 02
CRIDEAL,CAMISETA,CAMISETA M.L.AZUL COM FAIXA LATERAL LARANJA,4,"$68,90",CRIDEAL CAMISETA M.L.AZUL COM FAIXA LATERAL LARANJA | 04
CRIDEAL,CAMISETA,CAMISETA M.L.AZUL COM FAIXA LATERAL LARANJA,6,"$69,90",CRIDEAL CAMISETA M.L.AZUL COM FAIXA LATERAL LARANJA | 06
CRIDEAL,CAMISETA,CAMISETA M.L.AZUL COM FAIXA LATERAL LARANJA,8,"$70,90",CRIDEAL CAMISETA M.L.AZUL COM FAIXA LATERAL LARANJA | 08
CRIDEAL,CAMISETA,CAMISETA M.L.AZUL COM FAIXA LATERAL LARANJA,10,"$71,90",CRIDEAL CAMISETA M.L.AZUL COM FAIXA LATERAL LARANJA | 10
CRIDEAL,CAMISETA,CAMISETA M.L.AZUL COM FAIXA LATERAL LARANJA,12,"$72,90",CRIDEAL CAMISETA M.L.AZUL COM FAIXA LATERAL LARANJA | 12
CRIDEAL,CAMISETA,CAMISETA M.L.AZUL COM FAIXA LATERAL LARANJA,14,"$73,90",CRIDEAL CAMISETA M.L.AZUL COM FAIXA LATERAL LARANJA | 14
CRIDEAL,CAMISETA,CAMISETA M.L.LARANJA,1,"$54,90",CRIDEAL CAMISETA M.L.LARANJA | 01
CRIDEAL,CAMISETA,CAMISETA M.L.LARANJA,2,"$57,90",CRIDEAL CAMISETA M.L.LARANJA | 02
CRIDEAL,CAMISETA,CAMISETA M.L.LARANJA,4,"$58,90",CRIDEAL CAMISETA M.L.LARANJA | 04
CRIDEAL,CAMISETA,CAMISETA M.L.LARANJA,6,"$59,90",CRIDEAL CAMISETA M.L.LARANJA | 06
CRIDEAL,CAMISETA,CAMISETA M.L.LARANJA,8,"$60,90",CRIDEAL CAMISETA M.L.LARANJA | 08
CRIDEAL,CAMISETA,CAMISETA M.L.LARANJA,10,"$61,90",CRIDEAL CAMISETA M.L.LARANJA | 10
CRIDEAL,CAMISETA,CAMISETA M.L.LARANJA,12,"$62,90",CRIDEAL CAMISETA M.L.LARANJA | 12
CRIDEAL,CAMISETA,CAMISETA M.L.LARANJA,14,"$63,90",CRIDEAL CAMISETA M.L.LARANJA | 14
CRIDEAL,OUTROS,REGATA AZUL,1,"$60,90",CRIDEAL REGATA AZUL | 01
CRIDEAL,OUTROS,REGATA AZUL,2,"$61,90",CRIDEAL REGATA AZUL | 02
CRIDEAL,OUTROS,REGATA AZUL,4,"$62,90",CRIDEAL REGATA AZUL | 04
CRIDEAL,OUTROS,REGATA AZUL,6,"$63,90",CRIDEAL REGATA AZUL | 06
CRIDEAL,OUTROS,REGATA AZUL,8,"$64,90",CRIDEAL REGATA AZUL | 08
CRIDEAL,OUTROS,REGATA AZUL,10,"$65,90",CRIDEAL REGATA AZUL | 10
CRIDEAL,OUTROS,REGATA AZUL,12,"$66,90",CRIDEAL REGATA AZUL | 12
CRIDEAL,OUTROS,REGATA AZUL,14,"$67,90",CRIDEAL REGATA AZUL | 14
CRIDEAL,OUTROS,REGATA LARANJA,1,"$50,90",CRIDEAL REGATA LARANJA | 01
CRIDEAL,OUTROS,REGATA LARANJA,2,"$51,90",CRIDEAL REGATA LARANJA | 02
CRIDEAL,OUTROS,REGATA LARANJA,4,"$52,90",CRIDEAL REGATA LARANJA | 04
CRIDEAL,OUTROS,REGATA LARANJA,6,"$52,90",CRIDEAL REGATA LARANJA | 06
CRIDEAL,OUTROS,REGATA LARANJA,8,"$54,90",CRIDEAL REGATA LARANJA | 08
CRIDEAL,OUTROS,REGATA LARANJA,10,"$55,90",CRIDEAL REGATA LARANJA | 10
CRIDEAL,OUTROS,REGATA LARANJA,12,"$56,90",CRIDEAL REGATA LARANJA | 12
CRIDEAL,OUTROS,REGATA LARANJA,14,"$57,90",CRIDEAL REGATA LARANJA | 14
CRIDEAL,SAIA/SHORT,SHORT SAIA,1,"$76,90",CRIDEAL SHORT SAIA | 1
CRIDEAL,SAIA/SHORT,SHORT SAIA,2,"$77,90",CRIDEAL SHORT SAIA | 2
CRIDEAL,SAIA/SHORT,SHORT SAIA,4,"$79,90",CRIDEAL SHORT SAIA | 4
CRIDEAL,SAIA/SHORT,SHORT SAIA,6,"$82,90",CRIDEAL SHORT SAIA | 6
CRIDEAL,SAIA/SHORT,SHORT SAIA,8,"$83,90",CRIDEAL SHORT SAIA | 8
CRIDEAL,SAIA/SHORT,SHORT SAIA,10,"$84,90",CRIDEAL SHORT SAIA | 10
CRIDEAL,SAIA/SHORT,SHORT SAIA,12,"$85,90",CRIDEAL SHORT SAIA | 12
CRIDEAL,SAIA/SHORT,SHORT SAIA,14,"$86,90",CRIDEAL SHORT SAIA | 14
CRIDEAL,SAIA/SHORT,VESTIDO COM SHORTS (SHORTS BORDADO),PP,"$119,90",CRIDEAL VESTIDO COM SHORTS (SHORTS BORDADO) | PP
CRIDEAL,SAIA/SHORT,VESTIDO COM SHORTS (SHORTS BORDADO),P,"$121,90",CRIDEAL VESTIDO COM SHORTS (SHORTS BORDADO) | P
CRIDEAL,SAIA/SHORT,VESTIDO COM SHORTS (SHORTS BORDADO),M,"$123,90",CRIDEAL VESTIDO COM SHORTS (SHORTS BORDADO) | M
CRIDEAL,SAIA/SHORT,VESTIDO COM SHORTS (SHORTS BORDADO),G,"$125,90",CRIDEAL VESTIDO COM SHORTS (SHORTS BORDADO) | G
CRIDEAL,SAIA/SHORT,VESTIDO COM SHORTS (SHORTS BORDADO),GG,"$130,90",CRIDEAL VESTIDO COM SHORTS (SHORTS BORDADO) | GG
CUNHA CARVALHO,BERMUDA,BERMUDA CICLISTA,6,"$75,90",CUNHA CARVALHO BERMUDA CICLISTA | 06
CUNHA CARVALHO,BERMUDA,BERMUDA CICLISTA,8,"$76,90",CUNHA CARVALHO BERMUDA CICLISTA | 08
CUNHA CARVALHO,BERMUDA,BERMUDA CICLISTA,10,"$77,90",CUNHA CARVALHO BERMUDA CICLISTA | 10
CUNHA CARVALHO,BERMUDA,BERMUDA CICLISTA,12,"$79,90",CUNHA CARVALHO BERMUDA CICLISTA | 12
CUNHA CARVALHO,BERMUDA,BERMUDA CICLISTA,14,"$82,90",CUNHA CARVALHO BERMUDA CICLISTA | 14
CUNHA CARVALHO,BERMUDA,BERMUDA CICLISTA,P,"$83,90",CUNHA CARVALHO BERMUDA CICLISTA | P
CUNHA CARVALHO,BERMUDA,BERMUDA CICLISTA,M,"$84,90",CUNHA CARVALHO BERMUDA CICLISTA | M
CUNHA CARVALHO,BERMUDA,BERMUDA CICLISTA,G,"$85,90",CUNHA CARVALHO BERMUDA CICLISTA | G
CUNHA CARVALHO,BERMUDA,BERMUDA CICLISTA,GG,"$89,90",CUNHA CARVALHO BERMUDA CICLISTA | GG
CUNHA CARVALHO,BERMUDA,BERMUDA CICLISTA,EXG,"$99,90",CUNHA CARVALHO BERMUDA CICLISTA | EXG
CUNHA CARVALHO,BERMUDA,BERMUDA DE HELANCA,6,"$69,90",CUNHA CARVALHO BERMUDA DE HELANCA | 06
CUNHA CARVALHO,BERMUDA,BERMUDA DE HELANCA,8,"$70,70",CUNHA CARVALHO BERMUDA DE HELANCA | 08
CUNHA CARVALHO,BERMUDA,BERMUDA DE HELANCA,10,"$72,90",CUNHA CARVALHO BERMUDA DE HELANCA | 10
CUNHA CARVALHO,BERMUDA,BERMUDA DE HELANCA,12,"$74,90",CUNHA CARVALHO BERMUDA DE HELANCA | 12
CUNHA CARVALHO,BERMUDA,BERMUDA DE HELANCA,14,"$76,50",CUNHA CARVALHO BERMUDA DE HELANCA | 14
CUNHA CARVALHO,BERMUDA,BERMUDA DE HELANCA,P,"$77,90",CUNHA CARVALHO BERMUDA DE HELANCA | P
CUNHA CARVALHO,BERMUDA,BERMUDA DE HELANCA,M,"$78,90",CUNHA CARVALHO BERMUDA DE HELANCA | M
CUNHA CARVALHO,BERMUDA,BERMUDA DE HELANCA,G,"$79,90",CUNHA CARVALHO BERMUDA DE HELANCA | G
CUNHA CARVALHO,BERMUDA,BERMUDA DE HELANCA,GG,"$84,90",CUNHA CARVALHO BERMUDA DE HELANCA | GG
CUNHA CARVALHO,BERMUDA,BERMUDA DE HELANCA,EXG,"$94,90",CUNHA CARVALHO BERMUDA DE HELANCA | EXG
CUNHA CARVALHO,AGASALHO,BLUSAO DE HELANCA,4,"$145,90",CUNHA CARVALHO BLUSAO DE HELANCA | 4
CUNHA CARVALHO,AGASALHO,BLUSAO DE HELANCA,6,"$149,90",CUNHA CARVALHO BLUSAO DE HELANCA | 06
CUNHA CARVALHO,AGASALHO,BLUSAO DE HELANCA,8,"$154,90",CUNHA CARVALHO BLUSAO DE HELANCA | 08
CUNHA CARVALHO,AGASALHO,BLUSAO DE HELANCA,10,"$159,90",CUNHA CARVALHO BLUSAO DE HELANCA | 10
CUNHA CARVALHO,AGASALHO,BLUSAO DE HELANCA,12,"$162,90",CUNHA CARVALHO BLUSAO DE HELANCA | 12
CUNHA CARVALHO,AGASALHO,BLUSAO DE HELANCA,14,"$165,90",CUNHA CARVALHO BLUSAO DE HELANCA | 14
CUNHA CARVALHO,AGASALHO,BLUSAO DE HELANCA,P,"$169,90",CUNHA CARVALHO BLUSAO DE HELANCA | P
CUNHA CARVALHO,AGASALHO,BLUSAO DE HELANCA,M,"$175,90",CUNHA CARVALHO BLUSAO DE HELANCA | M
CUNHA CARVALHO,AGASALHO,BLUSAO DE HELANCA,G,"$179,90",CUNHA CARVALHO BLUSAO DE HELANCA | G
CUNHA CARVALHO,AGASALHO,BLUSAO DE HELANCA,GG,"$184,90",CUNHA CARVALHO BLUSAO DE HELANCA | GG
CUNHA CARVALHO,AGASALHO,BLUSAO DE HELANCA,EXG,"$195,90",CUNHA CARVALHO BLUSAO DE HELANCA | EXG
CUNHA CARVALHO,AGASALHO,BLUSAO DE HELANCA FLANELADA,4,"$155,90",CUNHA CARVALHO BLUSAO DE HELANCA FLANELADA | 4
CUNHA CARVALHO,AGASALHO,BLUSAO DE HELANCA FLANELADA,6,"$159,90",CUNHA CARVALHO BLUSAO DE HELANCA FLANELADA | 06
CUNHA CARVALHO,AGASALHO,BLUSAO DE HELANCA FLANELADA,8,"$164,90",CUNHA CARVALHO BLUSAO DE HELANCA FLANELADA | 08
CUNHA CARVALHO,AGASALHO,BLUSAO DE HELANCA FLANELADA,10,"$169,90",CUNHA CARVALHO BLUSAO DE HELANCA FLANELADA | 10
CUNHA CARVALHO,AGASALHO,BLUSAO DE HELANCA FLANELADA,12,"$172,90",CUNHA CARVALHO BLUSAO DE HELANCA FLANELADA | 12
CUNHA CARVALHO,AGASALHO,BLUSAO DE HELANCA FLANELADA,14,"$175,90",CUNHA CARVALHO BLUSAO DE HELANCA FLANELADA | 14
CUNHA CARVALHO,AGASALHO,BLUSAO DE HELANCA FLANELADA,P,"$179,90",CUNHA CARVALHO BLUSAO DE HELANCA FLANELADA | P
CUNHA CARVALHO,AGASALHO,BLUSAO DE HELANCA FLANELADA,M,"$185,90",CUNHA CARVALHO BLUSAO DE HELANCA FLANELADA | M
CUNHA CARVALHO,AGASALHO,BLUSAO DE HELANCA FLANELADA,G,"$189,90",CUNHA CARVALHO BLUSAO DE HELANCA FLANELADA | G
CUNHA CARVALHO,AGASALHO,BLUSAO DE HELANCA FLANELADA,GG,"$194,90",CUNHA CARVALHO BLUSAO DE HELANCA FLANELADA | GG
CUNHA CARVALHO,AGASALHO,BLUSAO DE HELANCA FLANELADA,EXG,"$205,90",CUNHA CARVALHO BLUSAO DE HELANCA FLANELADA | EXG
CUNHA CARVALHO,CALÇA,CALÇA DE HELANCA,4,"$86,90",CUNHA CARVALHO CALÇA DE HELANCA | 4
CUNHA CARVALHO,CALÇA,CALÇA DE HELANCA,6,"$89,90",CUNHA CARVALHO CALÇA DE HELANCA | 06
CUNHA CARVALHO,CALÇA,CALÇA DE HELANCA,8,"$92,90",CUNHA CARVALHO CALÇA DE HELANCA | 08
CUNHA CARVALHO,CALÇA,CALÇA DE HELANCA,10,"$94,90",CUNHA CARVALHO CALÇA DE HELANCA | 10
CUNHA CARVALHO,CALÇA,CALÇA DE HELANCA,12,"$97,70",CUNHA CARVALHO CALÇA DE HELANCA | 12
CUNHA CARVALHO,CALÇA,CALÇA DE HELANCA,14,"$102,10",CUNHA CARVALHO CALÇA DE HELANCA | 14
CUNHA CARVALHO,CALÇA,CALÇA DE HELANCA,P,"$108,90",CUNHA CARVALHO CALÇA DE HELANCA | P
CUNHA CARVALHO,CALÇA,CALÇA DE HELANCA,M,"$116,90",CUNHA CARVALHO CALÇA DE HELANCA | M
CUNHA CARVALHO,CALÇA,CALÇA DE HELANCA,G,"$119,80",CUNHA CARVALHO CALÇA DE HELANCA | G
CUNHA CARVALHO,CALÇA,CALÇA DE HELANCA,GG,"$121,90",CUNHA CARVALHO CALÇA DE HELANCA | GG
CUNHA CARVALHO,CALÇA,CALÇA DE HELANCA,EXG,"$129,90",CUNHA CARVALHO CALÇA DE HELANCA | EXG
CUNHA CARVALHO,CALÇA,CALÇA DE HELANCA FLANELADA,6,"$99,90",CUNHA CARVALHO CALÇA DE HELANCA FLANELADA | 06
CUNHA CARVALHO,CALÇA,CALÇA DE HELANCA FLANELADA,8,"$102,90",CUNHA CARVALHO CALÇA DE HELANCA FLANELADA | 08
CUNHA CARVALHO,CALÇA,CALÇA DE HELANCA FLANELADA,10,"$104,90",CUNHA CARVALHO CALÇA DE HELANCA FLANELADA | 10
CUNHA CARVALHO,CALÇA,CALÇA DE HELANCA FLANELADA,12,"$107,70",CUNHA CARVALHO CALÇA DE HELANCA FLANELADA | 12
CUNHA CARVALHO,CALÇA,CALÇA DE HELANCA FLANELADA,14,"$112,10",CUNHA CARVALHO CALÇA DE HELANCA FLANELADA | 14
CUNHA CARVALHO,CALÇA,CALÇA DE HELANCA FLANELADA,P,"$118,90",CUNHA CARVALHO CALÇA DE HELANCA FLANELADA | P
CUNHA CARVALHO,CALÇA,CALÇA DE HELANCA FLANELADA,M,"$126,10",CUNHA CARVALHO CALÇA DE HELANCA FLANELADA | M
CUNHA CARVALHO,CALÇA,CALÇA DE HELANCA FLANELADA,G,"$129,90",CUNHA CARVALHO CALÇA DE HELANCA FLANELADA | G
CUNHA CARVALHO,CALÇA,CALÇA DE HELANCA FLANELADA,GG,"$131,90",CUNHA CARVALHO CALÇA DE HELANCA FLANELADA | GG
CUNHA CARVALHO,CALÇA,CALÇA DE HELANCA FLANELADA,EXG,"$139,90",CUNHA CARVALHO CALÇA DE HELANCA FLANELADA | EXG
CUNHA CARVALHO,CALÇA,CALÇA BAILARINA SUPLEX,2,"$88,90",CUNHA CARVALHO CALÇA.BAILARINA SUPLEX | 02
CUNHA CARVALHO,CALÇA,CALÇA BAILARINA SUPLEX,4,"$89,90",CUNHA CARVALHO CALÇA.BAILARINA SUPLEX | 04
CUNHA CARVALHO,CALÇA,CALÇA BAILARINA SUPLEX,6,"$90,90",CUNHA CARVALHO CALÇA.BAILARINA SUPLEX | 06
CUNHA CARVALHO,CALÇA,CALÇA BAILARINA SUPLEX,8,"$94,90",CUNHA CARVALHO CALÇA.BAILARINA SUPLEX | 08
CUNHA CARVALHO,CALÇA,CALÇA BAILARINA SUPLEX,10,"$98,90",CUNHA CARVALHO CALÇA.BAILARINA SUPLEX | 10
CUNHA CARVALHO,CALÇA,CALÇA BAILARINA SUPLEX,12,"$102,90",CUNHA CARVALHO CALÇA.BAILARINA SUPLEX | 12
CUNHA CARVALHO,CALÇA,CALÇA BAILARINA SUPLEX,14,"$109,90",CUNHA CARVALHO CALÇA.BAILARINA SUPLEX | 14
CUNHA CARVALHO,CALÇA,CALÇA BAILARINA SUPLEX,P,"$117,90",CUNHA CARVALHO CALÇA.BAILARINA SUPLEX | P
CUNHA CARVALHO,CALÇA,CALÇA BAILARINA SUPLEX,M,"$119,90",CUNHA CARVALHO CALÇA.BAILARINA SUPLEX | M
CUNHA CARVALHO,CALÇA,CALÇA BAILARINA SUPLEX,G,"$124,90",CUNHA CARVALHO CALÇA.BAILARINA SUPLEX | G
CUNHA CARVALHO,CALÇA,CALÇA BAILARINA SUPLEX,GG,"$129,90",CUNHA CARVALHO CALÇA.BAILARINA SUPLEX | GG
CUNHA CARVALHO,CALÇA,CALÇA BAILARINA SUPLEX,EXG,"$139,90",CUNHA CARVALHO CALÇA.BAILARINA SUPLEX | EXG
CUNHA CARVALHO,CALÇA,CALÇA BAILARINA SUPLEX FLANELADO,6,"$100,90",CUNHA CARVALHO CALÇA.BAILARINA SUPLEX FLANELADO | 06
CUNHA CARVALHO,CALÇA,CALÇA BAILARINA SUPLEX FLANELADO,8,"$104,90",CUNHA CARVALHO CALÇA.BAILARINA SUPLEX FLANELADO | 08
CUNHA CARVALHO,CALÇA,CALÇA BAILARINA SUPLEX FLANELADO,10,"$108,90",CUNHA CARVALHO CALÇA.BAILARINA SUPLEX FLANELADO | 10
CUNHA CARVALHO,CALÇA,CALÇA BAILARINA SUPLEX FLANELADO,12,"$112,90",CUNHA CARVALHO CALÇA.BAILARINA SUPLEX FLANELADO | 12
CUNHA CARVALHO,CALÇA,CALÇA BAILARINA SUPLEX FLANELADO,14,"$119,90",CUNHA CARVALHO CALÇA.BAILARINA SUPLEX FLANELADO | 14
CUNHA CARVALHO,CALÇA,CALÇA BAILARINA SUPLEX FLANELADO,P,"$127,90",CUNHA CARVALHO CALÇA.BAILARINA SUPLEX FLANELADO | P
CUNHA CARVALHO,CALÇA,CALÇA BAILARINA SUPLEX FLANELADO,M,"$129,90",CUNHA CARVALHO CALÇA.BAILARINA SUPLEX FLANELADO | M
CUNHA CARVALHO,CALÇA,CALÇA BAILARINA SUPLEX FLANELADO,G,"$134,90",CUNHA CARVALHO CALÇA.BAILARINA SUPLEX FLANELADO | G
CUNHA CARVALHO,CALÇA,CALÇA BAILARINA SUPLEX FLANELADO,GG,"$139,90",CUNHA CARVALHO CALÇA.BAILARINA SUPLEX FLANELADO | GG
CUNHA CARVALHO,CALÇA,CALÇA BAILARINA SUPLEX FLANELADO,EXG,"$149,90",CUNHA CARVALHO CALÇA.BAILARINA SUPLEX FLANELADO | EXG
CUNHA CARVALHO,CALÇA,CALÇA LEGGING SUPLEX,6,"$85,90",CUNHA CARVALHO CALÇA.LEGGING SUPLEX | 06
CUNHA CARVALHO,CALÇA,CALÇA LEGGING SUPLEX,8,"$89,90",CUNHA CARVALHO CALÇA.LEGGING SUPLEX | 08
CUNHA CARVALHO,CALÇA,CALÇA LEGGING SUPLEX,10,"$93,90",CUNHA CARVALHO CALÇA.LEGGING SUPLEX | 10
CUNHA CARVALHO,CALÇA,CALÇA LEGGING SUPLEX,12,"$97,90",CUNHA CARVALHO CALÇA.LEGGING SUPLEX | 12
CUNHA CARVALHO,CALÇA,CALÇA LEGGING SUPLEX,14,"$104,90",CUNHA CARVALHO CALÇA.LEGGING SUPLEX | 14
CUNHA CARVALHO,CALÇA,CALÇA LEGGING SUPLEX,P,"$112,90",CUNHA CARVALHO CALÇA.LEGGING SUPLEX | P
CUNHA CARVALHO,CALÇA,CALÇA LEGGING SUPLEX,M,"$114,90",CUNHA CARVALHO CALÇA.LEGGING SUPLEX | M
CUNHA CARVALHO,CALÇA,CALÇA LEGGING SUPLEX,G,"$119,90",CUNHA CARVALHO CALÇA.LEGGING SUPLEX | G
CUNHA CARVALHO,CALÇA,CALÇA LEGGING SUPLEX,GG,"$124,90",CUNHA CARVALHO CALÇA.LEGGING SUPLEX | GG
CUNHA CARVALHO,CALÇA,CALÇA LEGGING SUPLEX,EXG,"$134,90",CUNHA CARVALHO CALÇA.LEGGING SUPLEX | EXG
CUNHA CARVALHO,CALÇA,CALÇA LEGGING SUPLEX FLANELADO,6,"$95,90",CUNHA CARVALHO CALÇA.LEGGING SUPLEX FLANELADO | 06
CUNHA CARVALHO,CALÇA,CALÇA LEGGING SUPLEX FLANELADO,8,"$99,90",CUNHA CARVALHO CALÇA.LEGGING SUPLEX FLANELADO | 08
CUNHA CARVALHO,CALÇA,CALÇA LEGGING SUPLEX FLANELADO,10,"$103,90",CUNHA CARVALHO CALÇA.LEGGING SUPLEX FLANELADO | 10
CUNHA CARVALHO,CALÇA,CALÇA LEGGING SUPLEX FLANELADO,12,"$107,90",CUNHA CARVALHO CALÇA.LEGGING SUPLEX FLANELADO | 12
CUNHA CARVALHO,CALÇA,CALÇA LEGGING SUPLEX FLANELADO,14,"$114,90",CUNHA CARVALHO CALÇA.LEGGING SUPLEX FLANELADO | 14
CUNHA CARVALHO,CALÇA,CALÇA LEGGING SUPLEX FLANELADO,P,"$122,90",CUNHA CARVALHO CALÇA.LEGGING SUPLEX FLANELADO | P
CUNHA CARVALHO,CALÇA,CALÇA LEGGING SUPLEX FLANELADO,M,"$124,90",CUNHA CARVALHO CALÇA.LEGGING SUPLEX FLANELADO | M
CUNHA CARVALHO,CALÇA,CALÇA LEGGING SUPLEX FLANELADO,G,"$129,90",CUNHA CARVALHO CALÇA.LEGGING SUPLEX FLANELADO | G
CUNHA CARVALHO,CALÇA,CALÇA LEGGING SUPLEX FLANELADO,GG,"$134,90",CUNHA CARVALHO CALÇA.LEGGING SUPLEX FLANELADO | GG
CUNHA CARVALHO,CALÇA,CALÇA LEGGING SUPLEX FLANELADO,EXG,"$144,90",CUNHA CARVALHO CALÇA.LEGGING SUPLEX FLANELADO | EXG
CUNHA CARVALHO,CAMISETA,CAMISETA BABY LOOK M.C.PRETA,PP INFANTIL,"$54,90",CUNHA CARVALHO CAMISETA BABY LOOK M.C.PRETA | PP INFANTIL
CUNHA CARVALHO,CAMISETA,CAMISETA BABY LOOK M.C.PRETA,P INFANTIL,"$55,90",CUNHA CARVALHO CAMISETA BABY LOOK M.C.PRETA | P INFANTIL
CUNHA CARVALHO,CAMISETA,CAMISETA BABY LOOK M.C.PRETA,M INFANTIL,"$56,90",CUNHA CARVALHO CAMISETA BABY LOOK M.C.PRETA | M INFANTIL
CUNHA CARVALHO,CAMISETA,CAMISETA BABY LOOK M.C.PRETA,G INFANTIL,"$57,90",CUNHA CARVALHO CAMISETA BABY LOOK M.C.PRETA | G INFANTIL
CUNHA CARVALHO,CAMISETA,CAMISETA BABY LOOK M.C.PRETA,GG INFANTIL,"$58,90",CUNHA CARVALHO CAMISETA BABY LOOK M.C.PRETA | GG INFANTIL
CUNHA CARVALHO,CAMISETA,CAMISETA BABY LOOK M.C.PRETA,PP ADULTO,"$59,90",CUNHA CARVALHO CAMISETA BABY LOOK M.C.PRETA | PP ADULTO
CUNHA CARVALHO,CAMISETA,CAMISETA BABY LOOK M.C.PRETA,P ADULTO,"$63,90",CUNHA CARVALHO CAMISETA BABY LOOK M.C.PRETA | P ADULTO
CUNHA CARVALHO,CAMISETA,CAMISETA BABY LOOK M.C.PRETA,M ADULTO,"$65,90",CUNHA CARVALHO CAMISETA BABY LOOK M.C.PRETA | M ADULTO
CUNHA CARVALHO,CAMISETA,CAMISETA BABY LOOK M.C.PRETA,G ADULTO,"$67,90",CUNHA CARVALHO CAMISETA BABY LOOK M.C.PRETA | G ADULTO
CUNHA CARVALHO,CAMISETA,CAMISETA BABY LOOK M.C.PRETA,GG ADULTO,"$79,90",CUNHA CARVALHO CAMISETA BABY LOOK M.C.PRETA | GG ADULTO
CUNHA CARVALHO,CAMISETA,CAMISETA BABY LOOK M.C.PRETA,EXG ADULTO,"$79,90",CUNHA CARVALHO CAMISETA BABY LOOK M.C.PRETA | EXG ADULTO
CUNHA CARVALHO,CAMISETA,CAMISETA BABY LOOK M.L.PRETA,PP INFANTIL,"$59,90",CUNHA CARVALHO CAMISETA BABY LOOK M.L.PRETA | PP INFANTIL
CUNHA CARVALHO,CAMISETA,CAMISETA BABY LOOK M.L.PRETA,P INFANTIL,"$60,90",CUNHA CARVALHO CAMISETA BABY LOOK M.L.PRETA | P INFANTIL
CUNHA CARVALHO,CAMISETA,CAMISETA BABY LOOK M.L.PRETA,M INFANTIL,"$61,90",CUNHA CARVALHO CAMISETA BABY LOOK M.L.PRETA | M INFANTIL
CUNHA CARVALHO,CAMISETA,CAMISETA BABY LOOK M.L.PRETA,G INFANTIL,"$62,90",CUNHA CARVALHO CAMISETA BABY LOOK M.L.PRETA | G INFANTIL
CUNHA CARVALHO,CAMISETA,CAMISETA BABY LOOK M.L.PRETA,GG INFANTIL,"$63,90",CUNHA CARVALHO CAMISETA BABY LOOK M.L.PRETA | GG INFANTIL
CUNHA CARVALHO,CAMISETA,CAMISETA BABY LOOK M.L.PRETA,PP ADULTO,"$64,90",CUNHA CARVALHO CAMISETA BABY LOOK M.L.PRETA | PP ADULTO
CUNHA CARVALHO,CAMISETA,CAMISETA BABY LOOK M.L.PRETA,P ADULTO,"$68,90",CUNHA CARVALHO CAMISETA BABY LOOK M.L.PRETA | P ADULTO
CUNHA CARVALHO,CAMISETA,CAMISETA BABY LOOK M.L.PRETA,M ADULTO,"$70,90",CUNHA CARVALHO CAMISETA BABY LOOK M.L.PRETA | M ADULTO
CUNHA CARVALHO,CAMISETA,CAMISETA BABY LOOK M.L.PRETA,G ADULTO,"$72,90",CUNHA CARVALHO CAMISETA BABY LOOK M.L.PRETA | G ADULTO
CUNHA CARVALHO,CAMISETA,CAMISETA BABY LOOK M.L.PRETA,GG ADULTO,"$74,90",CUNHA CARVALHO CAMISETA BABY LOOK M.L.PRETA | GG ADULTO
CUNHA CARVALHO,CAMISETA,CAMISETA BABY LOOK M.L.PRETA,EXG ADULTO,"$84,90",CUNHA CARVALHO CAMISETA BABY LOOK M.L.PRETA | EXG ADULTO
CUNHA CARVALHO,CAMISETA,CAMISETA CINZA M.C.,4,"$53,90",CUNHA CARVALHO CAMISETA CINZA M.C. | 4
CUNHA CARVALHO,CAMISETA,CAMISETA CINZA M.C.,6,"$54,90",CUNHA CARVALHO CAMISETA CINZA M.C. | 06
CUNHA CARVALHO,CAMISETA,CAMISETA CINZA M.C.,8,"$55,90",CUNHA CARVALHO CAMISETA CINZA M.C. | 08
CUNHA CARVALHO,CAMISETA,CAMISETA CINZA M.C.,10,"$56,90",CUNHA CARVALHO CAMISETA CINZA M.C. | 10
CUNHA CARVALHO,CAMISETA,CAMISETA CINZA M.C.,12,"$57,90",CUNHA CARVALHO CAMISETA CINZA M.C. | 12
CUNHA CARVALHO,CAMISETA,CAMISETA CINZA M.C.,14,"$58,90",CUNHA CARVALHO CAMISETA CINZA M.C. | 14
CUNHA CARVALHO,CAMISETA,CAMISETA CINZA M.C.,P,"$60,90",CUNHA CARVALHO CAMISETA CINZA M.C. | P
CUNHA CARVALHO,CAMISETA,CAMISETA CINZA M.C.,M,"$62,90",CUNHA CARVALHO CAMISETA CINZA M.C. | M
CUNHA CARVALHO,CAMISETA,CAMISETA CINZA M.C.,G,"$64,90",CUNHA CARVALHO CAMISETA CINZA M.C. | G
CUNHA CARVALHO,CAMISETA,CAMISETA CINZA M.C.,GG,"$68,90",CUNHA CARVALHO CAMISETA CINZA M.C. | GG
CUNHA CARVALHO,CAMISETA,CAMISETA CINZA M.C.,EXG,"$78,90",CUNHA CARVALHO CAMISETA CINZA M.C. | EXG
CUNHA CARVALHO,CAMISETA,CAMISETA CINZA M.L.,4,"$58,90",CUNHA CARVALHO CAMISETA CINZA M.L. | 4
CUNHA CARVALHO,CAMISETA,CAMISETA CINZA M.L.,6,"$59,90",CUNHA CARVALHO CAMISETA CINZA M.L. | 06
CUNHA CARVALHO,CAMISETA,CAMISETA CINZA M.L.,8,"$60,90",CUNHA CARVALHO CAMISETA CINZA M.L. | 08
CUNHA CARVALHO,CAMISETA,CAMISETA CINZA M.L.,10,"$61,90",CUNHA CARVALHO CAMISETA CINZA M.L. | 10
CUNHA CARVALHO,CAMISETA,CAMISETA CINZA M.L.,12,"$62,90",CUNHA CARVALHO CAMISETA CINZA M.L. | 12
CUNHA CARVALHO,CAMISETA,CAMISETA CINZA M.L.,14,"$63,90",CUNHA CARVALHO CAMISETA CINZA M.L. | 14
CUNHA CARVALHO,CAMISETA,CAMISETA CINZA M.L.,P,"$65,90",CUNHA CARVALHO CAMISETA CINZA M.L. | P
CUNHA CARVALHO,CAMISETA,CAMISETA CINZA M.L.,M,"$67,90",CUNHA CARVALHO CAMISETA CINZA M.L. | M
CUNHA CARVALHO,CAMISETA,CAMISETA CINZA M.L.,G,"$69,90",CUNHA CARVALHO CAMISETA CINZA M.L. | G
CUNHA CARVALHO,CAMISETA,CAMISETA CINZA M.L.,GG,"$72,90",CUNHA CARVALHO CAMISETA CINZA M.L. | GG
CUNHA CARVALHO,CAMISETA,CAMISETA CINZA M.L.,EXG,"$82,90",CUNHA CARVALHO CAMISETA CINZA M.L. | EXG
CUNHA CARVALHO,CAMISETA,CAMISETA PRETA M.C.,4,"$53,90",CUNHA CARVALHO CAMISETA PRETA M.C. | 4
CUNHA CARVALHO,CAMISETA,CAMISETA PRETA M.C.,6,"$54,90",CUNHA CARVALHO CAMISETA PRETA M.C. | 06
CUNHA CARVALHO,CAMISETA,CAMISETA PRETA M.C.,8,"$55,90",CUNHA CARVALHO CAMISETA PRETA M.C. | 08
CUNHA CARVALHO,CAMISETA,CAMISETA PRETA M.C.,10,"$56,90",CUNHA CARVALHO CAMISETA PRETA M.C. | 10
CUNHA CARVALHO,CAMISETA,CAMISETA PRETA M.C.,12,"$57,90",CUNHA CARVALHO CAMISETA PRETA M.C. | 12
CUNHA CARVALHO,CAMISETA,CAMISETA PRETA M.C.,14,"$58,90",CUNHA CARVALHO CAMISETA PRETA M.C. | 14
CUNHA CARVALHO,CAMISETA,CAMISETA PRETA M.C.,P,"$60,90",CUNHA CARVALHO CAMISETA PRETA M.C. | P
CUNHA CARVALHO,CAMISETA,CAMISETA PRETA M.C.,M,"$62,90",CUNHA CARVALHO CAMISETA PRETA M.C. | M
CUNHA CARVALHO,CAMISETA,CAMISETA PRETA M.C.,G,"$64,90",CUNHA CARVALHO CAMISETA PRETA M.C. | G
CUNHA CARVALHO,CAMISETA,CAMISETA PRETA M.C.,GG,"$68,90",CUNHA CARVALHO CAMISETA PRETA M.C. | GG
CUNHA CARVALHO,CAMISETA,CAMISETA PRETA M.C.,EXG,"$78,90",CUNHA CARVALHO CAMISETA PRETA M.C. | EXG
CUNHA CARVALHO,CAMISETA,CAMISETA PRETA M.L.,4,"$58,90",CUNHA CARVALHO CAMISETA PRETA M.L. | 4
CUNHA CARVALHO,CAMISETA,CAMISETA PRETA M.L.,6,"$59,90",CUNHA CARVALHO CAMISETA PRETA M.L. | 06
CUNHA CARVALHO,CAMISETA,CAMISETA PRETA M.L.,8,"$60,90",CUNHA CARVALHO CAMISETA PRETA M.L. | 08
CUNHA CARVALHO,CAMISETA,CAMISETA PRETA M.L.,10,"$61,90",CUNHA CARVALHO CAMISETA PRETA M.L. | 10
CUNHA CARVALHO,CAMISETA,CAMISETA PRETA M.L.,12,"$62,90",CUNHA CARVALHO CAMISETA PRETA M.L. | 12
CUNHA CARVALHO,CAMISETA,CAMISETA PRETA M.L.,14,"$63,90",CUNHA CARVALHO CAMISETA PRETA M.L. | 14
CUNHA CARVALHO,CAMISETA,CAMISETA PRETA M.L.,P,"$65,90",CUNHA CARVALHO CAMISETA PRETA M.L. | P
CUNHA CARVALHO,CAMISETA,CAMISETA PRETA M.L.,M,"$67,90",CUNHA CARVALHO CAMISETA PRETA M.L. | M
CUNHA CARVALHO,CAMISETA,CAMISETA PRETA M.L.,G,"$69,90",CUNHA CARVALHO CAMISETA PRETA M.L. | G
CUNHA CARVALHO,CAMISETA,CAMISETA PRETA M.L.,GG,"$72,90",CUNHA CARVALHO CAMISETA PRETA M.L. | GG
CUNHA CARVALHO,CAMISETA,CAMISETA PRETA M.L.,EXG,"$82,90",CUNHA CARVALHO CAMISETA PRETA M.L. | EXG
CUNHA CARVALHO,OUTROS,NADADOR PRETA,PP INFANTIL,"$50,90",CUNHA CARVALHO NADADOR PRETA | PP INFANTIL
CUNHA CARVALHO,OUTROS,NADADOR PRETA,P INFANTIL,"$51,90",CUNHA CARVALHO NADADOR PRETA | P INFANTIL
CUNHA CARVALHO,OUTROS,NADADOR PRETA,M INFANTIL,"$52,90",CUNHA CARVALHO NADADOR PRETA | M INFANTIL
CUNHA CARVALHO,OUTROS,NADADOR PRETA,G INFANTIL,"$53,90",CUNHA CARVALHO NADADOR PRETA | G INFANTIL
CUNHA CARVALHO,OUTROS,NADADOR PRETA,GG INFANTIL,"$54,90",CUNHA CARVALHO NADADOR PRETA | GG INFANTIL
CUNHA CARVALHO,OUTROS,NADADOR PRETA,PP ADULTO,"$55,90",CUNHA CARVALHO NADADOR PRETA | PP ADULTO
CUNHA CARVALHO,OUTROS,NADADOR PRETA,P ADULTO,"$58,90",CUNHA CARVALHO NADADOR PRETA | P ADULTO
CUNHA CARVALHO,OUTROS,NADADOR PRETA,M ADULTO,"$60,90",CUNHA CARVALHO NADADOR PRETA | M ADULTO
CUNHA CARVALHO,OUTROS,NADADOR PRETA,G ADULTO,"$62,90",CUNHA CARVALHO NADADOR PRETA | G ADULTO
CUNHA CARVALHO,OUTROS,NADADOR PRETA,GG ADULTO,"$64,90",CUNHA CARVALHO NADADOR PRETA | GG ADULTO
CUNHA CARVALHO,OUTROS,NADADOR PRETA,EXG ADULTO,"$74,90",CUNHA CARVALHO NADADOR PRETA | EXG ADULTO
CUNHA CARVALHO,OUTROS,REGATA CINZA,4,"$52,90",CUNHA CARVALHO REGATA CINZA | 4
CUNHA CARVALHO,OUTROS,REGATA CINZA,6,"$53,90",CUNHA CARVALHO REGATA CINZA | 06
CUNHA CARVALHO,OUTROS,REGATA CINZA,8,"$54,90",CUNHA CARVALHO REGATA CINZA | 08
CUNHA CARVALHO,OUTROS,REGATA CINZA,10,"$55,90",CUNHA CARVALHO REGATA CINZA | 10
CUNHA CARVALHO,OUTROS,REGATA CINZA,12,"$56,90",CUNHA CARVALHO REGATA CINZA | 12
CUNHA CARVALHO,OUTROS,REGATA CINZA,14,"$57,90",CUNHA CARVALHO REGATA CINZA | 14
CUNHA CARVALHO,OUTROS,REGATA CINZA,P,"$59,90",CUNHA CARVALHO REGATA CINZA | P
CUNHA CARVALHO,OUTROS,REGATA CINZA,M,"$61,90",CUNHA CARVALHO REGATA CINZA | M
CUNHA CARVALHO,OUTROS,REGATA CINZA,G,"$63,90",CUNHA CARVALHO REGATA CINZA | G
CUNHA CARVALHO,OUTROS,REGATA CINZA,GG,"$67,90",CUNHA CARVALHO REGATA CINZA | GG
CUNHA CARVALHO,OUTROS,REGATA CINZA,EXG,"$77,90",CUNHA CARVALHO REGATA CINZA | EXG
CUNHA CARVALHO,OUTROS,REGATA PRETA,4,"$52,90",CUNHA CARVALHO REGATA PRETA | 4
CUNHA CARVALHO,OUTROS,REGATA PRETA,6,"$53,90",CUNHA CARVALHO REGATA PRETA | 06
CUNHA CARVALHO,OUTROS,REGATA PRETA,8,"$54,90",CUNHA CARVALHO REGATA PRETA | 08
CUNHA CARVALHO,OUTROS,REGATA PRETA,10,"$55,90",CUNHA CARVALHO REGATA PRETA | 10
CUNHA CARVALHO,OUTROS,REGATA PRETA,12,"$56,90",CUNHA CARVALHO REGATA PRETA | 12
CUNHA CARVALHO,OUTROS,REGATA PRETA,14,"$57,90",CUNHA CARVALHO REGATA PRETA | 14
CUNHA CARVALHO,OUTROS,REGATA PRETA,P,"$59,90",CUNHA CARVALHO REGATA PRETA | P
CUNHA CARVALHO,OUTROS,REGATA PRETA,M,"$61,90",CUNHA CARVALHO REGATA PRETA | M
CUNHA CARVALHO,OUTROS,REGATA PRETA,G,"$63,90",CUNHA CARVALHO REGATA PRETA | G
CUNHA CARVALHO,OUTROS,REGATA PRETA,GG,"$67,90",CUNHA CARVALHO REGATA PRETA | GG
CUNHA CARVALHO,OUTROS,REGATA PRETA,EXG,"$77,90",CUNHA CARVALHO REGATA PRETA | EXG
CUNHA CARVALHO,SAIA/SHORT,SHORT SAIA SUPLEX,4,"$80,90",CUNHA CARVALHO SHORT SAIA SUPLEX | 4
CUNHA CARVALHO,SAIA/SHORT,SHORT SAIA SUPLEX,6,"$82,90",CUNHA CARVALHO SHORT SAIA SUPLEX | 06
CUNHA CARVALHO,SAIA/SHORT,SHORT SAIA SUPLEX,8,"$83,90",CUNHA CARVALHO SHORT SAIA SUPLEX | 08
CUNHA CARVALHO,SAIA/SHORT,SHORT SAIA SUPLEX,10,"$84,90",CUNHA CARVALHO SHORT SAIA SUPLEX | 10
CUNHA CARVALHO,SAIA/SHORT,SHORT SAIA SUPLEX,12,"$85,90",CUNHA CARVALHO SHORT SAIA SUPLEX | 12
CUNHA CARVALHO,SAIA/SHORT,SHORT SAIA SUPLEX,14,"$86,90",CUNHA CARVALHO SHORT SAIA SUPLEX | 14
CUNHA CARVALHO,SAIA/SHORT,SHORT SAIA SUPLEX,P,"$87,90",CUNHA CARVALHO SHORT SAIA SUPLEX | P
CUNHA CARVALHO,SAIA/SHORT,SHORT SAIA SUPLEX,M,"$88,90",CUNHA CARVALHO SHORT SAIA SUPLEX | M
CUNHA CARVALHO,SAIA/SHORT,SHORT SAIA SUPLEX,G,"$89,90",CUNHA CARVALHO SHORT SAIA SUPLEX | G
CUNHA CARVALHO,SAIA/SHORT,SHORT SAIA SUPLEX,GG,"$94,90",CUNHA CARVALHO SHORT SAIA SUPLEX | GG
CUNHA CARVALHO,SAIA/SHORT,SHORT SAIA SUPLEX,EXG,"$104,90",CUNHA CARVALHO SHORT SAIA SUPLEX | EXG
DOM HENRIQUE,BERMUDA,BERMUDA CICLISTA SUPLEX,1,"$70,90",DOM HENRIQUE BERMUDA CICLISTA SUPLEX | 1
DOM HENRIQUE,BERMUDA,BERMUDA CICLISTA SUPLEX,2,"$72,90",DOM HENRIQUE BERMUDA CICLISTA SUPLEX | 2
DOM HENRIQUE,BERMUDA,BERMUDA CICLISTA SUPLEX,4,"$74,90",DOM HENRIQUE BERMUDA CICLISTA SUPLEX | 4
DOM HENRIQUE,BERMUDA,BERMUDA CICLISTA SUPLEX,6,"$75,90",DOM HENRIQUE BERMUDA CICLISTA SUPLEX | 6
DOM HENRIQUE,BERMUDA,BERMUDA CICLISTA SUPLEX,8,"$76,90",DOM HENRIQUE BERMUDA CICLISTA SUPLEX | 8
DOM HENRIQUE,BERMUDA,BERMUDA CICLISTA SUPLEX,10,"$77,90",DOM HENRIQUE BERMUDA CICLISTA SUPLEX | 10
DOM HENRIQUE,BERMUDA,BERMUDA CICLISTA SUPLEX,12,"$79,90",DOM HENRIQUE BERMUDA CICLISTA SUPLEX | 12
DOM HENRIQUE,BERMUDA,BERMUDA CICLISTA SUPLEX,14,"$82,90",DOM HENRIQUE BERMUDA CICLISTA SUPLEX | 14
DOM HENRIQUE,BERMUDA,BERMUDA CICLISTA SUPLEX,P,"$83,90",DOM HENRIQUE BERMUDA CICLISTA SUPLEX | P
DOM HENRIQUE,BERMUDA,BERMUDA CICLISTA SUPLEX,M,"$84,90",DOM HENRIQUE BERMUDA CICLISTA SUPLEX | M
DOM HENRIQUE,BERMUDA,BERMUDA CICLISTA SUPLEX,G,"$85,90",DOM HENRIQUE BERMUDA CICLISTA SUPLEX | G
DOM HENRIQUE,BERMUDA,BERMUDA CICLISTA SUPLEX,GG,"$89,90",DOM HENRIQUE BERMUDA CICLISTA SUPLEX | GG
DOM HENRIQUE,BERMUDA,BERMUDA CICLISTA SUPLEX,EXG,"$99,90",DOM HENRIQUE BERMUDA CICLISTA SUPLEX | EXG
DOM HENRIQUE,BERMUDA,BERMUDA DE HELANCA,1,"$65,90",DOM HENRIQUE BERMUDA DE HELANCA | 1
DOM HENRIQUE,BERMUDA,BERMUDA DE HELANCA,2,"$66,90",DOM HENRIQUE BERMUDA DE HELANCA | 2
DOM HENRIQUE,BERMUDA,BERMUDA DE HELANCA,4,"$67,90",DOM HENRIQUE BERMUDA DE HELANCA | 4
DOM HENRIQUE,BERMUDA,BERMUDA DE HELANCA,6,"$69,90",DOM HENRIQUE BERMUDA DE HELANCA | 6
DOM HENRIQUE,BERMUDA,BERMUDA DE HELANCA,8,"$70,90",DOM HENRIQUE BERMUDA DE HELANCA | 8
DOM HENRIQUE,BERMUDA,BERMUDA DE HELANCA,10,"$72,90",DOM HENRIQUE BERMUDA DE HELANCA | 10
DOM HENRIQUE,BERMUDA,BERMUDA DE HELANCA,12,"$74,90",DOM HENRIQUE BERMUDA DE HELANCA | 12
DOM HENRIQUE,BERMUDA,BERMUDA DE HELANCA,14,"$76,90",DOM HENRIQUE BERMUDA DE HELANCA | 14
DOM HENRIQUE,BERMUDA,BERMUDA DE HELANCA,P,"$77,90",DOM HENRIQUE BERMUDA DE HELANCA | P
DOM HENRIQUE,BERMUDA,BERMUDA DE HELANCA,M,"$78,90",DOM HENRIQUE BERMUDA DE HELANCA | M
DOM HENRIQUE,BERMUDA,BERMUDA DE HELANCA,G,"$79,90",DOM HENRIQUE BERMUDA DE HELANCA | G
DOM HENRIQUE,BERMUDA,BERMUDA DE HELANCA,GG,"$84,90",DOM HENRIQUE BERMUDA DE HELANCA | GG
DOM HENRIQUE,BERMUDA,BERMUDA DE HELANCA,EXG,"$94,90",DOM HENRIQUE BERMUDA DE HELANCA | EXG
DOM HENRIQUE,AGASALHO,BLUSAO DE HELANCA,1,"$139,90",DOM HENRIQUE BLUSAO DE HELANCA | 1
DOM HENRIQUE,AGASALHO,BLUSAO DE HELANCA,2,"$142,90",DOM HENRIQUE BLUSAO DE HELANCA | 2
DOM HENRIQUE,AGASALHO,BLUSAO DE HELANCA,4,"$145,90",DOM HENRIQUE BLUSAO DE HELANCA | 4
DOM HENRIQUE,AGASALHO,BLUSAO DE HELANCA,6,"$149,90",DOM HENRIQUE BLUSAO DE HELANCA | 6
DOM HENRIQUE,AGASALHO,BLUSAO DE HELANCA,8,"$154,90",DOM HENRIQUE BLUSAO DE HELANCA | 8
DOM HENRIQUE,AGASALHO,BLUSAO DE HELANCA,10,"$159,90",DOM HENRIQUE BLUSAO DE HELANCA | 10
DOM HENRIQUE,AGASALHO,BLUSAO DE HELANCA,12,"$162,90",DOM HENRIQUE BLUSAO DE HELANCA | 12
DOM HENRIQUE,AGASALHO,BLUSAO DE HELANCA,14,"$165,90",DOM HENRIQUE BLUSAO DE HELANCA | 14
DOM HENRIQUE,AGASALHO,BLUSAO DE HELANCA,P,"$169,90",DOM HENRIQUE BLUSAO DE HELANCA | P
DOM HENRIQUE,AGASALHO,BLUSAO DE HELANCA,M,"$175,90",DOM HENRIQUE BLUSAO DE HELANCA | M
DOM HENRIQUE,AGASALHO,BLUSAO DE HELANCA,G,"$179,90",DOM HENRIQUE BLUSAO DE HELANCA | G
DOM HENRIQUE,AGASALHO,BLUSAO DE HELANCA,GG,"$184,90",DOM HENRIQUE BLUSAO DE HELANCA | GG
DOM HENRIQUE,AGASALHO,BLUSAO DE HELANCA,EXG,"$195,90",DOM HENRIQUE BLUSAO DE HELANCA | EXG
DOM HENRIQUE,AGASALHO,BLUSAO DE HELANCA FLANELADO,1,"$149,90",DOM HENRIQUE BLUSAO DE HELANCA FLANELADO | 1
DOM HENRIQUE,AGASALHO,BLUSAO DE HELANCA FLANELADO,2,"$152,90",DOM HENRIQUE BLUSAO DE HELANCA FLANELADO | 2
DOM HENRIQUE,AGASALHO,BLUSAO DE HELANCA FLANELADO,4,"$155,90",DOM HENRIQUE BLUSAO DE HELANCA FLANELADO | 4
DOM HENRIQUE,AGASALHO,BLUSAO DE HELANCA FLANELADO,6,"$159,90",DOM HENRIQUE BLUSAO DE HELANCA FLANELADO | 6
DOM HENRIQUE,AGASALHO,BLUSAO DE HELANCA FLANELADO,8,"$164,90",DOM HENRIQUE BLUSAO DE HELANCA FLANELADO | 8
DOM HENRIQUE,AGASALHO,BLUSAO DE HELANCA FLANELADO,10,"$169,90",DOM HENRIQUE BLUSAO DE HELANCA FLANELADO | 10
DOM HENRIQUE,AGASALHO,BLUSAO DE HELANCA FLANELADO,12,"$172,90",DOM HENRIQUE BLUSAO DE HELANCA FLANELADO | 12
DOM HENRIQUE,AGASALHO,BLUSAO DE HELANCA FLANELADO,14,"$175,90",DOM HENRIQUE BLUSAO DE HELANCA FLANELADO | 14
DOM HENRIQUE,AGASALHO,BLUSAO DE HELANCA FLANELADO,P,"$179,90",DOM HENRIQUE BLUSAO DE HELANCA FLANELADO | P
DOM HENRIQUE,AGASALHO,BLUSAO DE HELANCA FLANELADO,M,"$185,90",DOM HENRIQUE BLUSAO DE HELANCA FLANELADO | M
DOM HENRIQUE,AGASALHO,BLUSAO DE HELANCA FLANELADO,G,"$189,90",DOM HENRIQUE BLUSAO DE HELANCA FLANELADO | G
DOM HENRIQUE,AGASALHO,BLUSAO DE HELANCA FLANELADO,GG,"$194,90",DOM HENRIQUE BLUSAO DE HELANCA FLANELADO | GG
DOM HENRIQUE,AGASALHO,BLUSAO DE HELANCA FLANELADO,EXG,"$205,90",DOM HENRIQUE BLUSAO DE HELANCA FLANELADO | EXG
DOM HENRIQUE,CALÇA,CALÇA DE HELANCA,1,"$85,90",DOM HENRIQUE CALÇA DE HELANCA | 1
DOM HENRIQUE,CALÇA,CALÇA DE HELANCA,2,"$86,90",DOM HENRIQUE CALÇA DE HELANCA | 2
DOM HENRIQUE,CALÇA,CALÇA DE HELANCA,4,"$87,90",DOM HENRIQUE CALÇA DE HELANCA | 4
DOM HENRIQUE,CALÇA,CALÇA DE HELANCA,6,"$89,90",DOM HENRIQUE CALÇA DE HELANCA | 6
DOM HENRIQUE,CALÇA,CALÇA DE HELANCA,8,"$92,90",DOM HENRIQUE CALÇA DE HELANCA | 8
DOM HENRIQUE,CALÇA,CALÇA DE HELANCA,10,"$94,90",DOM HENRIQUE CALÇA DE HELANCA | 10
DOM HENRIQUE,CALÇA,CALÇA DE HELANCA,12,"$97,90",DOM HENRIQUE CALÇA DE HELANCA | 12
DOM HENRIQUE,CALÇA,CALÇA DE HELANCA,14,"$102,10",DOM HENRIQUE CALÇA DE HELANCA | 14
DOM HENRIQUE,CALÇA,CALÇA DE HELANCA,P,"$108,90",DOM HENRIQUE CALÇA DE HELANCA | P
DOM HENRIQUE,CALÇA,CALÇA DE HELANCA,M,"$116,90",DOM HENRIQUE CALÇA DE HELANCA | M
DOM HENRIQUE,CALÇA,CALÇA DE HELANCA,G,"$119,90",DOM HENRIQUE CALÇA DE HELANCA | G
DOM HENRIQUE,CALÇA,CALÇA DE HELANCA,GG,"$121,90",DOM HENRIQUE CALÇA DE HELANCA | GG
DOM HENRIQUE,CALÇA,CALÇA DE HELANCA,EXG,"$129,90",DOM HENRIQUE CALÇA DE HELANCA | EXG
DOM HENRIQUE,CALÇA,CALÇA DE HELANCA FLANELADA,1,"$95,90",DOM HENRIQUE CALÇA DE HELANCA FLANELADA | 1
DOM HENRIQUE,CALÇA,CALÇA DE HELANCA FLANELADA,2,"$96,90",DOM HENRIQUE CALÇA DE HELANCA FLANELADA | 2
DOM HENRIQUE,CALÇA,CALÇA DE HELANCA FLANELADA,4,"$97,90",DOM HENRIQUE CALÇA DE HELANCA FLANELADA | 4
DOM HENRIQUE,CALÇA,CALÇA DE HELANCA FLANELADA,6,"$99,90",DOM HENRIQUE CALÇA DE HELANCA FLANELADA | 6
DOM HENRIQUE,CALÇA,CALÇA DE HELANCA FLANELADA,8,"$102,90",DOM HENRIQUE CALÇA DE HELANCA FLANELADA | 8
DOM HENRIQUE,CALÇA,CALÇA DE HELANCA FLANELADA,10,"$104,90",DOM HENRIQUE CALÇA DE HELANCA FLANELADA | 10
DOM HENRIQUE,CALÇA,CALÇA DE HELANCA FLANELADA,12,"$107,70",DOM HENRIQUE CALÇA DE HELANCA FLANELADA | 12
DOM HENRIQUE,CALÇA,CALÇA DE HELANCA FLANELADA,14,"$112,10",DOM HENRIQUE CALÇA DE HELANCA FLANELADA | 14
DOM HENRIQUE,CALÇA,CALÇA DE HELANCA FLANELADA,P,"$118,90",DOM HENRIQUE CALÇA DE HELANCA FLANELADA | P
DOM HENRIQUE,CALÇA,CALÇA DE HELANCA FLANELADA,M,"$126,10",DOM HENRIQUE CALÇA DE HELANCA FLANELADA | M
DOM HENRIQUE,CALÇA,CALÇA DE HELANCA FLANELADA,G,"$129,90",DOM HENRIQUE CALÇA DE HELANCA FLANELADA | G
DOM HENRIQUE,CALÇA,CALÇA DE HELANCA FLANELADA,GG,"$131,90",DOM HENRIQUE CALÇA DE HELANCA FLANELADA | GG
DOM HENRIQUE,CALÇA,CALÇA DE HELANCA FLANELADA,EXG,"$139,90",DOM HENRIQUE CALÇA DE HELANCA FLANELADA | EXG
DOM HENRIQUE,CALÇA,CALÇA BAILARINA SUPLEX,1,"$86,90",DOM HENRIQUE CALÇA.BAILARINA SUPLEX | 1
DOM HENRIQUE,CALÇA,CALÇA BAILARINA SUPLEX,2,"$87,90",DOM HENRIQUE CALÇA.BAILARINA SUPLEX | 2
DOM HENRIQUE,CALÇA,CALÇA BAILARINA SUPLEX,4,"$89,90",DOM HENRIQUE CALÇA.BAILARINA SUPLEX | 4
DOM HENRIQUE,CALÇA,CALÇA BAILARINA SUPLEX,6,"$90,90",DOM HENRIQUE CALÇA.BAILARINA SUPLEX | 6
DOM HENRIQUE,CALÇA,CALÇA BAILARINA SUPLEX,8,"$94,90",DOM HENRIQUE CALÇA.BAILARINA SUPLEX | 8
DOM HENRIQUE,CALÇA,CALÇA BAILARINA SUPLEX,10,"$98,90",DOM HENRIQUE CALÇA.BAILARINA SUPLEX | 10
DOM HENRIQUE,CALÇA,CALÇA BAILARINA SUPLEX,12,"$102,90",DOM HENRIQUE CALÇA.BAILARINA SUPLEX | 12
DOM HENRIQUE,CALÇA,CALÇA BAILARINA SUPLEX,14,"$109,90",DOM HENRIQUE CALÇA.BAILARINA SUPLEX | 14
DOM HENRIQUE,CALÇA,CALÇA BAILARINA SUPLEX,P,"$117,90",DOM HENRIQUE CALÇA.BAILARINA SUPLEX | P
DOM HENRIQUE,CALÇA,CALÇA BAILARINA SUPLEX,M,"$119,90",DOM HENRIQUE CALÇA.BAILARINA SUPLEX | M
DOM HENRIQUE,CALÇA,CALÇA BAILARINA SUPLEX,G,"$124,90",DOM HENRIQUE CALÇA.BAILARINA SUPLEX | G
DOM HENRIQUE,CALÇA,CALÇA BAILARINA SUPLEX,GG,"$129,90",DOM HENRIQUE CALÇA.BAILARINA SUPLEX | GG
DOM HENRIQUE,CALÇA,CALÇA BAILARINA SUPLEX,EXG,"$139,90",DOM HENRIQUE CALÇA.BAILARINA SUPLEX | EXG
DOM HENRIQUE,CALÇA,CALÇA BAILARINA SUPLEX FLANELADA,1,"$96,90",DOM HENRIQUE CALÇA.BAILARINA SUPLEX FLANELADA | 1
DOM HENRIQUE,CALÇA,CALÇA BAILARINA SUPLEX FLANELADA,2,"$97,90",DOM HENRIQUE CALÇA.BAILARINA SUPLEX FLANELADA | 2
DOM HENRIQUE,CALÇA,CALÇA BAILARINA SUPLEX FLANELADA,4,"$99,90",DOM HENRIQUE CALÇA.BAILARINA SUPLEX FLANELADA | 4
DOM HENRIQUE,CALÇA,CALÇA BAILARINA SUPLEX FLANELADA,6,"$100,90",DOM HENRIQUE CALÇA.BAILARINA SUPLEX FLANELADA | 6
DOM HENRIQUE,CALÇA,CALÇA BAILARINA SUPLEX FLANELADA,8,"$104,90",DOM HENRIQUE CALÇA.BAILARINA SUPLEX FLANELADA | 8
DOM HENRIQUE,CALÇA,CALÇA BAILARINA SUPLEX FLANELADA,10,"$108,90",DOM HENRIQUE CALÇA.BAILARINA SUPLEX FLANELADA | 10
DOM HENRIQUE,CALÇA,CALÇA BAILARINA SUPLEX FLANELADA,12,"$112,90",DOM HENRIQUE CALÇA.BAILARINA SUPLEX FLANELADA | 12
DOM HENRIQUE,CALÇA,CALÇA BAILARINA SUPLEX FLANELADA,14,"$119,90",DOM HENRIQUE CALÇA.BAILARINA SUPLEX FLANELADA | 14
DOM HENRIQUE,CALÇA,CALÇA BAILARINA SUPLEX FLANELADA,P,"$127,90",DOM HENRIQUE CALÇA.BAILARINA SUPLEX FLANELADA | P
DOM HENRIQUE,CALÇA,CALÇA BAILARINA SUPLEX FLANELADA,M,"$129,90",DOM HENRIQUE CALÇA.BAILARINA SUPLEX FLANELADA | M
DOM HENRIQUE,CALÇA,CALÇA BAILARINA SUPLEX FLANELADA,G,"$134,90",DOM HENRIQUE CALÇA.BAILARINA SUPLEX FLANELADA | G
DOM HENRIQUE,CALÇA,CALÇA BAILARINA SUPLEX FLANELADA,GG,"$139,90",DOM HENRIQUE CALÇA.BAILARINA SUPLEX FLANELADA | GG
DOM HENRIQUE,CALÇA,CALÇA BAILARINA SUPLEX FLANELADA,EXG,"$149,90",DOM HENRIQUE CALÇA.BAILARINA SUPLEX FLANELADA | EXG
DOM HENRIQUE,CALÇA,CALÇA LEGGING,1,"$81,90",DOM HENRIQUE CALÇA.LEGGING | 1
DOM HENRIQUE,CALÇA,CALÇA LEGGING,2,"$82,90",DOM HENRIQUE CALÇA.LEGGING | 2
DOM HENRIQUE,CALÇA,CALÇA LEGGING,4,"$84,90",DOM HENRIQUE CALÇA.LEGGING | 4
DOM HENRIQUE,CALÇA,CALÇA LEGGING,6,"$85,90",DOM HENRIQUE CALÇA.LEGGING | 6
DOM HENRIQUE,CALÇA,CALÇA LEGGING,8,"$89,90",DOM HENRIQUE CALÇA.LEGGING | 8
DOM HENRIQUE,CALÇA,CALÇA LEGGING,10,"$93,90",DOM HENRIQUE CALÇA.LEGGING | 10
DOM HENRIQUE,CALÇA,CALÇA LEGGING,12,"$97,90",DOM HENRIQUE CALÇA.LEGGING | 12
DOM HENRIQUE,CALÇA,CALÇA LEGGING,14,"$104,90",DOM HENRIQUE CALÇA.LEGGING | 14
DOM HENRIQUE,CALÇA,CALÇA LEGGING,P,"$112,90",DOM HENRIQUE CALÇA.LEGGING | P
DOM HENRIQUE,CALÇA,CALÇA LEGGING,M,"$114,90",DOM HENRIQUE CALÇA.LEGGING | M
DOM HENRIQUE,CALÇA,CALÇA LEGGING,G,"$119,90",DOM HENRIQUE CALÇA.LEGGING | G
DOM HENRIQUE,CALÇA,CALÇA LEGGING,GG,"$124,90",DOM HENRIQUE CALÇA.LEGGING | GG
DOM HENRIQUE,CALÇA,CALÇA LEGGING,EXG,"$134,90",DOM HENRIQUE CALÇA.LEGGING | EXG
DOM HENRIQUE,CALÇA,CALÇA LEGGING SUPLEX FLANELADA,1,"$91,90",DOM HENRIQUE CALÇA.LEGGING SUPLEX FLANELADA | 1
DOM HENRIQUE,CALÇA,CALÇA LEGGING SUPLEX FLANELADA,2,"$92,90",DOM HENRIQUE CALÇA.LEGGING SUPLEX FLANELADA | 2
DOM HENRIQUE,CALÇA,CALÇA LEGGING SUPLEX FLANELADA,4,"$94,90",DOM HENRIQUE CALÇA.LEGGING SUPLEX FLANELADA | 4
DOM HENRIQUE,CALÇA,CALÇA LEGGING SUPLEX FLANELADA,6,"$95,90",DOM HENRIQUE CALÇA.LEGGING SUPLEX FLANELADA | 6
DOM HENRIQUE,CALÇA,CALÇA LEGGING SUPLEX FLANELADA,8,"$99,90",DOM HENRIQUE CALÇA.LEGGING SUPLEX FLANELADA | 8
DOM HENRIQUE,CALÇA,CALÇA LEGGING SUPLEX FLANELADA,10,"$103,90",DOM HENRIQUE CALÇA.LEGGING SUPLEX FLANELADA | 10
DOM HENRIQUE,CALÇA,CALÇA LEGGING SUPLEX FLANELADA,12,"$107,90",DOM HENRIQUE CALÇA.LEGGING SUPLEX FLANELADA | 12
DOM HENRIQUE,CALÇA,CALÇA LEGGING SUPLEX FLANELADA,14,"$114,90",DOM HENRIQUE CALÇA.LEGGING SUPLEX FLANELADA | 14
DOM HENRIQUE,CALÇA,CALÇA LEGGING SUPLEX FLANELADA,P,"$122,90",DOM HENRIQUE CALÇA.LEGGING SUPLEX FLANELADA | P
DOM HENRIQUE,CALÇA,CALÇA LEGGING SUPLEX FLANELADA,M,"$124,90",DOM HENRIQUE CALÇA.LEGGING SUPLEX FLANELADA | M
DOM HENRIQUE,CALÇA,CALÇA LEGGING SUPLEX FLANELADA,G,"$129,90",DOM HENRIQUE CALÇA.LEGGING SUPLEX FLANELADA | G
DOM HENRIQUE,CALÇA,CALÇA LEGGING SUPLEX FLANELADA,GG,"$134,90",DOM HENRIQUE CALÇA.LEGGING SUPLEX FLANELADA | GG
DOM HENRIQUE,CALÇA,CALÇA LEGGING SUPLEX FLANELADA,EXG,"$144,90",DOM HENRIQUE CALÇA.LEGGING SUPLEX FLANELADA | EXG
DOM HENRIQUE,CAMISETA,CAMISETA M.C AZUL MARINHO (PV),1,"$51,90",DOM HENRIQUE CAMISETA M.C AZUL MARINHO (PV) | 1
DOM HENRIQUE,CAMISETA,CAMISETA M.C AZUL MARINHO (PV),2,"$52,90",DOM HENRIQUE CAMISETA M.C AZUL MARINHO (PV) | 2
DOM HENRIQUE,CAMISETA,CAMISETA M.C AZUL MARINHO (PV),4,"$53,90",DOM HENRIQUE CAMISETA M.C AZUL MARINHO (PV) | 4
DOM HENRIQUE,CAMISETA,CAMISETA M.C AZUL MARINHO (PV),6,"$54,90",DOM HENRIQUE CAMISETA M.C AZUL MARINHO (PV) | 6
DOM HENRIQUE,CAMISETA,CAMISETA M.C AZUL MARINHO (PV),8,"$55,90",DOM HENRIQUE CAMISETA M.C AZUL MARINHO (PV) | 8
DOM HENRIQUE,CAMISETA,CAMISETA M.C AZUL MARINHO (PV),10,"$56,90",DOM HENRIQUE CAMISETA M.C AZUL MARINHO (PV) | 10
DOM HENRIQUE,CAMISETA,CAMISETA M.C AZUL MARINHO (PV),12,"$57,90",DOM HENRIQUE CAMISETA M.C AZUL MARINHO (PV) | 12
DOM HENRIQUE,CAMISETA,CAMISETA M.C AZUL MARINHO (PV),14,"$58,90",DOM HENRIQUE CAMISETA M.C AZUL MARINHO (PV) | 14
DOM HENRIQUE,CAMISETA,CAMISETA M.C AZUL MARINHO (PV),P,"$60,90",DOM HENRIQUE CAMISETA M.C AZUL MARINHO (PV) | P
DOM HENRIQUE,CAMISETA,CAMISETA M.C AZUL MARINHO (PV),M,"$62,90",DOM HENRIQUE CAMISETA M.C AZUL MARINHO (PV) | M
DOM HENRIQUE,CAMISETA,CAMISETA M.C AZUL MARINHO (PV),G,"$64,90",DOM HENRIQUE CAMISETA M.C AZUL MARINHO (PV) | G
DOM HENRIQUE,CAMISETA,CAMISETA M.C AZUL MARINHO (PV),GG,"$68,90",DOM HENRIQUE CAMISETA M.C AZUL MARINHO (PV) | GG
DOM HENRIQUE,CAMISETA,CAMISETA M.C AZUL MARINHO (PV),EXG,"$78,90",DOM HENRIQUE CAMISETA M.C AZUL MARINHO (PV) | EXG
DOM HENRIQUE,CAMISETA,CAMISETA M.C.BRANCA (PA),1,"$51,90",DOM HENRIQUE CAMISETA M.C.BRANCA (PA) | 1
DOM HENRIQUE,CAMISETA,CAMISETA M.C.BRANCA (PA),2,"$52,90",DOM HENRIQUE CAMISETA M.C.BRANCA (PA) | 2
DOM HENRIQUE,CAMISETA,CAMISETA M.C.BRANCA (PA),4,"$53,90",DOM HENRIQUE CAMISETA M.C.BRANCA (PA) | 4
DOM HENRIQUE,CAMISETA,CAMISETA M.C.BRANCA (PA),6,"$54,90",DOM HENRIQUE CAMISETA M.C.BRANCA (PA) | 6
DOM HENRIQUE,CAMISETA,CAMISETA M.C.BRANCA (PA),8,"$55,90",DOM HENRIQUE CAMISETA M.C.BRANCA (PA) | 8
DOM HENRIQUE,CAMISETA,CAMISETA M.C.BRANCA (PA),10,"$56,90",DOM HENRIQUE CAMISETA M.C.BRANCA (PA) | 10
DOM HENRIQUE,CAMISETA,CAMISETA M.C.BRANCA (PA),12,"$57,90",DOM HENRIQUE CAMISETA M.C.BRANCA (PA) | 12
DOM HENRIQUE,CAMISETA,CAMISETA M.C.BRANCA (PA),14,"$58,90",DOM HENRIQUE CAMISETA M.C.BRANCA (PA) | 14
DOM HENRIQUE,CAMISETA,CAMISETA M.C.BRANCA (PA),P,"$60,90",DOM HENRIQUE CAMISETA M.C.BRANCA (PA) | P
DOM HENRIQUE,CAMISETA,CAMISETA M.C.BRANCA (PA),M,"$62,90",DOM HENRIQUE CAMISETA M.C.BRANCA (PA) | M
DOM HENRIQUE,CAMISETA,CAMISETA M.C.BRANCA (PA),G,"$64,90",DOM HENRIQUE CAMISETA M.C.BRANCA (PA) | G
DOM HENRIQUE,CAMISETA,CAMISETA M.C.BRANCA (PA),GG,"$68,90",DOM HENRIQUE CAMISETA M.C.BRANCA (PA) | GG
DOM HENRIQUE,CAMISETA,CAMISETA M.C.BRANCA (PA),EXG,"$78,90",DOM HENRIQUE CAMISETA M.C.BRANCA (PA) | EXG
DOM HENRIQUE,CAMISETA,CAMISETA M.L AZUL MARINHO (PV),1,"$54,90",DOM HENRIQUE CAMISETA M.L AZUL MARINHO (PV) | 1
DOM HENRIQUE,CAMISETA,CAMISETA M.L AZUL MARINHO (PV),2,"$57,90",DOM HENRIQUE CAMISETA M.L AZUL MARINHO (PV) | 2
DOM HENRIQUE,CAMISETA,CAMISETA M.L AZUL MARINHO (PV),4,"$58,90",DOM HENRIQUE CAMISETA M.L AZUL MARINHO (PV) | 4
DOM HENRIQUE,CAMISETA,CAMISETA M.L AZUL MARINHO (PV),6,"$59,90",DOM HENRIQUE CAMISETA M.L AZUL MARINHO (PV) | 6
DOM HENRIQUE,CAMISETA,CAMISETA M.L AZUL MARINHO (PV),8,"$60,90",DOM HENRIQUE CAMISETA M.L AZUL MARINHO (PV) | 8
DOM HENRIQUE,CAMISETA,CAMISETA M.L AZUL MARINHO (PV),10,"$61,90",DOM HENRIQUE CAMISETA M.L AZUL MARINHO (PV) | 10
DOM HENRIQUE,CAMISETA,CAMISETA M.L AZUL MARINHO (PV),12,"$62,90",DOM HENRIQUE CAMISETA M.L AZUL MARINHO (PV) | 12
DOM HENRIQUE,CAMISETA,CAMISETA M.L AZUL MARINHO (PV),14,"$63,90",DOM HENRIQUE CAMISETA M.L AZUL MARINHO (PV) | 14
DOM HENRIQUE,CAMISETA,CAMISETA M.L AZUL MARINHO (PV),P,"$65,90",DOM HENRIQUE CAMISETA M.L AZUL MARINHO (PV) | P
DOM HENRIQUE,CAMISETA,CAMISETA M.L AZUL MARINHO (PV),M,"$67,90",DOM HENRIQUE CAMISETA M.L AZUL MARINHO (PV) | M
DOM HENRIQUE,CAMISETA,CAMISETA M.L AZUL MARINHO (PV),G,"$69,90",DOM HENRIQUE CAMISETA M.L AZUL MARINHO (PV) | G
DOM HENRIQUE,CAMISETA,CAMISETA M.L AZUL MARINHO (PV),GG,"$72,90",DOM HENRIQUE CAMISETA M.L AZUL MARINHO (PV) | GG
DOM HENRIQUE,CAMISETA,CAMISETA M.L AZUL MARINHO (PV),EXG,"$82,90",DOM HENRIQUE CAMISETA M.L AZUL MARINHO (PV) | EXG
DOM HENRIQUE,CAMISETA,CAMISETA M.L BRANCA (PA),1,"$54,90",DOM HENRIQUE CAMISETA M.L BRANCA (PA) | 1
DOM HENRIQUE,CAMISETA,CAMISETA M.L BRANCA (PA),2,"$57,90",DOM HENRIQUE CAMISETA M.L BRANCA (PA) | 2
DOM HENRIQUE,CAMISETA,CAMISETA M.L BRANCA (PA),4,"$58,90",DOM HENRIQUE CAMISETA M.L BRANCA (PA) | 4
DOM HENRIQUE,CAMISETA,CAMISETA M.L BRANCA (PA),6,"$59,90",DOM HENRIQUE CAMISETA M.L BRANCA (PA) | 6
DOM HENRIQUE,CAMISETA,CAMISETA M.L BRANCA (PA),8,"$60,90",DOM HENRIQUE CAMISETA M.L BRANCA (PA) | 8
DOM HENRIQUE,CAMISETA,CAMISETA M.L BRANCA (PA),10,"$61,90",DOM HENRIQUE CAMISETA M.L BRANCA (PA) | 10
DOM HENRIQUE,CAMISETA,CAMISETA M.L BRANCA (PA),12,"$62,90",DOM HENRIQUE CAMISETA M.L BRANCA (PA) | 12
DOM HENRIQUE,CAMISETA,CAMISETA M.L BRANCA (PA),14,"$63,90",DOM HENRIQUE CAMISETA M.L BRANCA (PA) | 14
DOM HENRIQUE,CAMISETA,CAMISETA M.L BRANCA (PA),P,"$65,90",DOM HENRIQUE CAMISETA M.L BRANCA (PA) | P
DOM HENRIQUE,CAMISETA,CAMISETA M.L BRANCA (PA),M,"$67,90",DOM HENRIQUE CAMISETA M.L BRANCA (PA) | M
DOM HENRIQUE,CAMISETA,CAMISETA M.L BRANCA (PA),G,"$69,90",DOM HENRIQUE CAMISETA M.L BRANCA (PA) | G
DOM HENRIQUE,CAMISETA,CAMISETA M.L BRANCA (PA),GG,"$72,90",DOM HENRIQUE CAMISETA M.L BRANCA (PA) | GG
DOM HENRIQUE,CAMISETA,CAMISETA M.L BRANCA (PA),EXG,"$82,90",DOM HENRIQUE CAMISETA M.L BRANCA (PA) | EXG
DOM HENRIQUE,OUTROS,REGATA MACHÃO AZUL MARINHO (PV),1,"$50,90",DOM HENRIQUE REGATA MACHÃO AZUL MARINHO (PV) | 1
DOM HENRIQUE,OUTROS,REGATA MACHÃO AZUL MARINHO (PV),2,"$51,90",DOM HENRIQUE REGATA MACHÃO AZUL MARINHO (PV) | 2
DOM HENRIQUE,OUTROS,REGATA MACHÃO AZUL MARINHO (PV),4,"$52,90",DOM HENRIQUE REGATA MACHÃO AZUL MARINHO (PV) | 4
DOM HENRIQUE,OUTROS,REGATA MACHÃO AZUL MARINHO (PV),6,"$53,90",DOM HENRIQUE REGATA MACHÃO AZUL MARINHO (PV) | 6
DOM HENRIQUE,OUTROS,REGATA MACHÃO AZUL MARINHO (PV),8,"$54,90",DOM HENRIQUE REGATA MACHÃO AZUL MARINHO (PV) | 8
DOM HENRIQUE,OUTROS,REGATA MACHÃO AZUL MARINHO (PV),10,"$55,90",DOM HENRIQUE REGATA MACHÃO AZUL MARINHO (PV) | 10
DOM HENRIQUE,OUTROS,REGATA MACHÃO AZUL MARINHO (PV),12,"$56,90",DOM HENRIQUE REGATA MACHÃO AZUL MARINHO (PV) | 12
DOM HENRIQUE,OUTROS,REGATA MACHÃO AZUL MARINHO (PV),14,"$57,90",DOM HENRIQUE REGATA MACHÃO AZUL MARINHO (PV) | 14
DOM HENRIQUE,OUTROS,REGATA MACHÃO AZUL MARINHO (PV),P,"$59,90",DOM HENRIQUE REGATA MACHÃO AZUL MARINHO (PV) | P
DOM HENRIQUE,OUTROS,REGATA MACHÃO AZUL MARINHO (PV),M,"$61,90",DOM HENRIQUE REGATA MACHÃO AZUL MARINHO (PV) | M
DOM HENRIQUE,OUTROS,REGATA MACHÃO AZUL MARINHO (PV),G,"$63,90",DOM HENRIQUE REGATA MACHÃO AZUL MARINHO (PV) | G
DOM HENRIQUE,OUTROS,REGATA MACHÃO AZUL MARINHO (PV),GG,"$67,90",DOM HENRIQUE REGATA MACHÃO AZUL MARINHO (PV) | GG
DOM HENRIQUE,OUTROS,REGATA MACHÃO AZUL MARINHO (PV),EXG,"$77,90",DOM HENRIQUE REGATA MACHÃO AZUL MARINHO (PV) | EXG
DOM HENRIQUE,OUTROS,REGATA MACHÃO BRANCA (PA),1,"$50,90",DOM HENRIQUE REGATA MACHÃO BRANCA (PA) | 1
DOM HENRIQUE,OUTROS,REGATA MACHÃO BRANCA (PA),2,"$51,90",DOM HENRIQUE REGATA MACHÃO BRANCA (PA) | 2
DOM HENRIQUE,OUTROS,REGATA MACHÃO BRANCA (PA),4,"$52,90",DOM HENRIQUE REGATA MACHÃO BRANCA (PA) | 4
DOM HENRIQUE,OUTROS,REGATA MACHÃO BRANCA (PA),6,"$53,90",DOM HENRIQUE REGATA MACHÃO BRANCA (PA) | 6
DOM HENRIQUE,OUTROS,REGATA MACHÃO BRANCA (PA),8,"$54,90",DOM HENRIQUE REGATA MACHÃO BRANCA (PA) | 8
DOM HENRIQUE,OUTROS,REGATA MACHÃO BRANCA (PA),10,"$55,90",DOM HENRIQUE REGATA MACHÃO BRANCA (PA) | 10
DOM HENRIQUE,OUTROS,REGATA MACHÃO BRANCA (PA),12,"$56,90",DOM HENRIQUE REGATA MACHÃO BRANCA (PA) | 12
DOM HENRIQUE,OUTROS,REGATA MACHÃO BRANCA (PA),14,"$57,90",DOM HENRIQUE REGATA MACHÃO BRANCA (PA) | 14
DOM HENRIQUE,OUTROS,REGATA MACHÃO BRANCA (PA),P,"$59,90",DOM HENRIQUE REGATA MACHÃO BRANCA (PA) | P
DOM HENRIQUE,OUTROS,REGATA MACHÃO BRANCA (PA),M,"$61,90",DOM HENRIQUE REGATA MACHÃO BRANCA (PA) | M
DOM HENRIQUE,OUTROS,REGATA MACHÃO BRANCA (PA),G,"$63,90",DOM HENRIQUE REGATA MACHÃO BRANCA (PA) | G
DOM HENRIQUE,OUTROS,REGATA MACHÃO BRANCA (PA),GG,"$67,90",DOM HENRIQUE REGATA MACHÃO BRANCA (PA) | GG
DOM HENRIQUE,OUTROS,REGATA MACHÃO BRANCA (PA),EXG,"$77,90",DOM HENRIQUE REGATA MACHÃO BRANCA (PA) | EXG
DOM HENRIQUE,OUTROS,REGATA NADADOR INFANTIL BRANCA,PP INFANTIL,"$49,90",DOM HENRIQUE REGATA NADADOR INFANTIL BRANCA | PP INFANTIL
DOM HENRIQUE,OUTROS,REGATA NADADOR INFANTIL BRANCA,P INFANTIL,"$50,90",DOM HENRIQUE REGATA NADADOR INFANTIL BRANCA | P INFANTIL
DOM HENRIQUE,OUTROS,REGATA NADADOR INFANTIL BRANCA,M INFANTIL,"$51,90",DOM HENRIQUE REGATA NADADOR INFANTIL BRANCA | M INFANTIL
DOM HENRIQUE,OUTROS,REGATA NADADOR INFANTIL BRANCA,G INFANTIL,"$53,90",DOM HENRIQUE REGATA NADADOR INFANTIL BRANCA | G INFANTIL
DOM HENRIQUE,OUTROS,REGATA NADADOR INFANTIL BRANCA,GG INFANTIL,"$54,90",DOM HENRIQUE REGATA NADADOR INFANTIL BRANCA | GG INFANTIL
DOM HENRIQUE,OUTROS,REGATA NADADOR.ADULTO BRANCA,PP ADULTO,"$55,90",DOM HENRIQUE REGATA NADADOR.ADULTO BRANCA | PP ADULTO
DOM HENRIQUE,OUTROS,REGATA NADADOR.ADULTO BRANCA,P ADULTO,"$58,90",DOM HENRIQUE REGATA NADADOR.ADULTO BRANCA | P ADULTO
DOM HENRIQUE,OUTROS,REGATA NADADOR.ADULTO BRANCA,M ADULTO,"$60,90",DOM HENRIQUE REGATA NADADOR.ADULTO BRANCA | M ADULTO
DOM HENRIQUE,OUTROS,REGATA NADADOR.ADULTO BRANCA,G ADULTO,"$62,90",DOM HENRIQUE REGATA NADADOR.ADULTO BRANCA | G ADULTO
DOM HENRIQUE,OUTROS,REGATA NADADOR.ADULTO BRANCA,GG ADULTO,"$64,90",DOM HENRIQUE REGATA NADADOR.ADULTO BRANCA | GG ADULTO
DOM HENRIQUE,OUTROS,REGATA NADADOR.ADULTO BRANCA,EXG ADULTO,"$74,90",DOM HENRIQUE REGATA NADADOR.ADULTO BRANCA | EXG ADULTO
DOM HENRIQUE,SAIA/SHORT,SHORT SAIA,1,"$76,90",DOM HENRIQUE SHORT SAIA | 1
DOM HENRIQUE,SAIA/SHORT,SHORT SAIA,2,"$77,90",DOM HENRIQUE SHORT SAIA | 2
DOM HENRIQUE,SAIA/SHORT,SHORT SAIA,4,"$79,90",DOM HENRIQUE SHORT SAIA | 4
DOM HENRIQUE,SAIA/SHORT,SHORT SAIA,6,"$82,90",DOM HENRIQUE SHORT SAIA | 6
DOM HENRIQUE,SAIA/SHORT,SHORT SAIA,8,"$83,90",DOM HENRIQUE SHORT SAIA | 8
DOM HENRIQUE,SAIA/SHORT,SHORT SAIA,10,"$84,90",DOM HENRIQUE SHORT SAIA | 10
DOM HENRIQUE,SAIA/SHORT,SHORT SAIA,12,"$85,90",DOM HENRIQUE SHORT SAIA | 12
DOM HENRIQUE,SAIA/SHORT,SHORT SAIA,14,"$86,90",DOM HENRIQUE SHORT SAIA | 14
DOM HENRIQUE,SAIA/SHORT,SHORT SAIA,P,"$87,90",DOM HENRIQUE SHORT SAIA | P
DOM HENRIQUE,SAIA/SHORT,SHORT SAIA,M,"$88,90",DOM HENRIQUE SHORT SAIA | M
DOM HENRIQUE,OUTROS,VESTIDO INFANTIL,PP,"$119,90",DOM HENRIQUE VESTIDO INFANTIL | PP
DOM HENRIQUE,OUTROS,VESTIDO INFANTIL,P,"$121,90",DOM HENRIQUE VESTIDO INFANTIL | P
DOM HENRIQUE,OUTROS,VESTIDO INFANTIL,M,"$123,90",DOM HENRIQUE VESTIDO INFANTIL | M
DOM HENRIQUE,OUTROS,VESTIDO INFANTIL,G,"$125,90",DOM HENRIQUE VESTIDO INFANTIL | G
DOM HENRIQUE,OUTROS,VESTIDO INFANTIL,GG,"$130,90",DOM HENRIQUE VESTIDO INFANTIL | GG
DOM HENRIQUE,OUTROS,VESTIDO INFANTIL,EXG,"$135,90",DOM HENRIQUE VESTIDO INFANTIL | EXG
EDUCATIVA,BERMUDA,BERMUDA CICLISTA SUPLEX,1,"$70,90",EDUCATIVA BERMUDA CICLISTA SUPLEX | 1
EDUCATIVA,BERMUDA,BERMUDA CICLISTA SUPLEX,2,"$72,90",EDUCATIVA BERMUDA CICLISTA SUPLEX | 2
EDUCATIVA,BERMUDA,BERMUDA CICLISTA SUPLEX,4,"$74,90",EDUCATIVA BERMUDA CICLISTA SUPLEX | 4
EDUCATIVA,BERMUDA,BERMUDA CICLISTA SUPLEX,6,"$75,90",EDUCATIVA BERMUDA CICLISTA SUPLEX | 6
EDUCATIVA,BERMUDA,BERMUDA CICLISTA SUPLEX,8,"$76,90",EDUCATIVA BERMUDA CICLISTA SUPLEX | 8
EDUCATIVA,BERMUDA,BERMUDA CICLISTA SUPLEX,10,"$77,90",EDUCATIVA BERMUDA CICLISTA SUPLEX | 10
EDUCATIVA,BERMUDA,BERMUDA CICLISTA SUPLEX,12,"$79,90",EDUCATIVA BERMUDA CICLISTA SUPLEX | 12
EDUCATIVA,BERMUDA,BERMUDA CICLISTA SUPLEX,14,"$82,90",EDUCATIVA BERMUDA CICLISTA SUPLEX | 14
EDUCATIVA,BERMUDA,BERMUDA CICLISTA SUPLEX,P,"$83,90",EDUCATIVA BERMUDA CICLISTA SUPLEX | P
EDUCATIVA,BERMUDA,BERMUDA CICLISTA SUPLEX,M,"$84,90",EDUCATIVA BERMUDA CICLISTA SUPLEX | M
EDUCATIVA,BERMUDA,BERMUDA CICLISTA SUPLEX,G,"$85,90",EDUCATIVA BERMUDA CICLISTA SUPLEX | G
EDUCATIVA,BERMUDA,BERMUDA CICLISTA SUPLEX,GG,"$89,90",EDUCATIVA BERMUDA CICLISTA SUPLEX | GG
EDUCATIVA,BERMUDA,BERMUDA CICLISTA SUPLEX,EXG,"$99,90",EDUCATIVA BERMUDA CICLISTA SUPLEX | EXG
EDUCATIVA,BERMUDA,BERMUDA HELANCA,1,"$65,90",EDUCATIVA BERMUDA HELANCA | 1
EDUCATIVA,BERMUDA,BERMUDA HELANCA,2,"$66,90",EDUCATIVA BERMUDA HELANCA | 2
EDUCATIVA,BERMUDA,BERMUDA HELANCA,4,"$67,90",EDUCATIVA BERMUDA HELANCA | 4
EDUCATIVA,BERMUDA,BERMUDA HELANCA,6,"$69,90",EDUCATIVA BERMUDA HELANCA | 6
EDUCATIVA,BERMUDA,BERMUDA HELANCA,8,"$70,90",EDUCATIVA BERMUDA HELANCA | 8
EDUCATIVA,BERMUDA,BERMUDA HELANCA,10,"$72,90",EDUCATIVA BERMUDA HELANCA | 10
EDUCATIVA,BERMUDA,BERMUDA HELANCA,12,"$74,90",EDUCATIVA BERMUDA HELANCA | 12
EDUCATIVA,BERMUDA,BERMUDA HELANCA,14,"$76,90",EDUCATIVA BERMUDA HELANCA | 14
EDUCATIVA,BERMUDA,BERMUDA HELANCA,P,"$77,90",EDUCATIVA BERMUDA HELANCA | P
EDUCATIVA,BERMUDA,BERMUDA HELANCA,M,"$78,90",EDUCATIVA BERMUDA HELANCA | M
EDUCATIVA,BERMUDA,BERMUDA HELANCA,G,"$79,90",EDUCATIVA BERMUDA HELANCA | G
EDUCATIVA,BERMUDA,BERMUDA HELANCA,GG,"$84,90",EDUCATIVA BERMUDA HELANCA | GG
EDUCATIVA,BERMUDA,BERMUDA HELANCA,EXG,"$94,90",EDUCATIVA BERMUDA HELANCA | EXG
EDUCATIVA,AGASALHO,BLUSAO DE HELANCA,1,"$139,90",EDUCATIVA BLUSAO DE HELANCA | 1
EDUCATIVA,AGASALHO,BLUSAO DE HELANCA,2,"$142,90",EDUCATIVA BLUSAO DE HELANCA | 2
EDUCATIVA,AGASALHO,BLUSAO DE HELANCA,4,"$145,90",EDUCATIVA BLUSAO DE HELANCA | 4
EDUCATIVA,AGASALHO,BLUSAO DE HELANCA,6,"$149,90",EDUCATIVA BLUSAO DE HELANCA | 6
EDUCATIVA,AGASALHO,BLUSAO DE HELANCA,8,"$154,90",EDUCATIVA BLUSAO DE HELANCA | 8
EDUCATIVA,AGASALHO,BLUSAO DE HELANCA,10,"$159,90",EDUCATIVA BLUSAO DE HELANCA | 10
EDUCATIVA,AGASALHO,BLUSAO DE HELANCA,12,"$162,90",EDUCATIVA BLUSAO DE HELANCA | 12
EDUCATIVA,AGASALHO,BLUSAO DE HELANCA,14,"$165,90",EDUCATIVA BLUSAO DE HELANCA | 14
EDUCATIVA,AGASALHO,BLUSAO DE HELANCA,P,"$169,90",EDUCATIVA BLUSAO DE HELANCA | P
EDUCATIVA,AGASALHO,BLUSAO DE HELANCA,M,"$175,90",EDUCATIVA BLUSAO DE HELANCA | M
EDUCATIVA,AGASALHO,BLUSAO DE HELANCA,G,"$179,90",EDUCATIVA BLUSAO DE HELANCA | G
EDUCATIVA,AGASALHO,BLUSAO DE HELANCA,GG,"$184,90",EDUCATIVA BLUSAO DE HELANCA | GG
EDUCATIVA,AGASALHO,BLUSAO DE HELANCA,EXG,"$195,90",EDUCATIVA BLUSAO DE HELANCA | EXG
EDUCATIVA,AGASALHO,BLUSAO DE HELANCA FLANELADO,1,"$149,90",EDUCATIVA BLUSAO DE HELANCA FLANELADO | 1
EDUCATIVA,AGASALHO,BLUSAO DE HELANCA FLANELADO,2,"$152,90",EDUCATIVA BLUSAO DE HELANCA FLANELADO | 2
EDUCATIVA,AGASALHO,BLUSAO DE HELANCA FLANELADO,4,"$155,90",EDUCATIVA BLUSAO DE HELANCA FLANELADO | 4
EDUCATIVA,AGASALHO,BLUSAO DE HELANCA FLANELADO,6,"$159,90",EDUCATIVA BLUSAO DE HELANCA FLANELADO | 6
EDUCATIVA,AGASALHO,BLUSAO DE HELANCA FLANELADO,8,"$164,90",EDUCATIVA BLUSAO DE HELANCA FLANELADO | 8
EDUCATIVA,AGASALHO,BLUSAO DE HELANCA FLANELADO,10,"$169,90",EDUCATIVA BLUSAO DE HELANCA FLANELADO | 10
EDUCATIVA,AGASALHO,BLUSAO DE HELANCA FLANELADO,12,"$172,90",EDUCATIVA BLUSAO DE HELANCA FLANELADO | 12
EDUCATIVA,AGASALHO,BLUSAO DE HELANCA FLANELADO,14,"$175,90",EDUCATIVA BLUSAO DE HELANCA FLANELADO | 14
EDUCATIVA,AGASALHO,BLUSAO DE HELANCA FLANELADO,P,"$179,90",EDUCATIVA BLUSAO DE HELANCA FLANELADO | P
EDUCATIVA,AGASALHO,BLUSAO DE HELANCA FLANELADO,M,"$185,90",EDUCATIVA BLUSAO DE HELANCA FLANELADO | M
EDUCATIVA,AGASALHO,BLUSAO DE HELANCA FLANELADO,G,"$189,90",EDUCATIVA BLUSAO DE HELANCA FLANELADO | G
EDUCATIVA,AGASALHO,BLUSAO DE HELANCA FLANELADO,GG,"$194,90",EDUCATIVA BLUSAO DE HELANCA FLANELADO | GG
EDUCATIVA,AGASALHO,BLUSAO DE HELANCA FLANELADO,EXG,"$205,90",EDUCATIVA BLUSAO DE HELANCA FLANELADO | EXG
EDUCATIVA,CALÇA,CALÇA DE HELANCA,1,"$85,90",EDUCATIVA CALÇA DE HELANCA | 1
EDUCATIVA,CALÇA,CALÇA DE HELANCA,2,"$86,90",EDUCATIVA CALÇA DE HELANCA | 2
EDUCATIVA,CALÇA,CALÇA DE HELANCA,4,"$87,90",EDUCATIVA CALÇA DE HELANCA | 4
EDUCATIVA,CALÇA,CALÇA DE HELANCA,6,"$89,90",EDUCATIVA CALÇA DE HELANCA | 6
EDUCATIVA,CALÇA,CALÇA DE HELANCA,8,"$92,90",EDUCATIVA CALÇA DE HELANCA | 8
EDUCATIVA,CALÇA,CALÇA DE HELANCA,10,"$94,90",EDUCATIVA CALÇA DE HELANCA | 10
EDUCATIVA,CALÇA,CALÇA DE HELANCA,12,"$97,90",EDUCATIVA CALÇA DE HELANCA | 12
EDUCATIVA,CALÇA,CALÇA DE HELANCA,14,"$102,10",EDUCATIVA CALÇA DE HELANCA | 14
EDUCATIVA,CALÇA,CALÇA DE HELANCA,P,"$108,90",EDUCATIVA CALÇA DE HELANCA | P
EDUCATIVA,CALÇA,CALÇA DE HELANCA,M,"$116,90",EDUCATIVA CALÇA DE HELANCA | M
EDUCATIVA,CALÇA,CALÇA DE HELANCA,G,"$119,90",EDUCATIVA CALÇA DE HELANCA | G
EDUCATIVA,CALÇA,CALÇA DE HELANCA,GG,"$121,90",EDUCATIVA CALÇA DE HELANCA | GG
EDUCATIVA,CALÇA,CALÇA DE HELANCA,EXG,"$129,90",EDUCATIVA CALÇA DE HELANCA | EXG
EDUCATIVA,CALÇA,CALÇA DE HELANCA FLANELADA,1,"$95,90",EDUCATIVA CALÇA DE HELANCA FLANELADA | 1
EDUCATIVA,CALÇA,CALÇA DE HELANCA FLANELADA,2,"$96,90",EDUCATIVA CALÇA DE HELANCA FLANELADA | 2
EDUCATIVA,CALÇA,CALÇA DE HELANCA FLANELADA,4,"$97,90",EDUCATIVA CALÇA DE HELANCA FLANELADA | 4
EDUCATIVA,CALÇA,CALÇA DE HELANCA FLANELADA,6,"$99,90",EDUCATIVA CALÇA DE HELANCA FLANELADA | 6
EDUCATIVA,CALÇA,CALÇA DE HELANCA FLANELADA,8,"$102,90",EDUCATIVA CALÇA DE HELANCA FLANELADA | 8
EDUCATIVA,CALÇA,CALÇA DE HELANCA FLANELADA,10,"$104,90",EDUCATIVA CALÇA DE HELANCA FLANELADA | 10
EDUCATIVA,CALÇA,CALÇA DE HELANCA FLANELADA,12,"$107,70",EDUCATIVA CALÇA DE HELANCA FLANELADA | 12
EDUCATIVA,CALÇA,CALÇA DE HELANCA FLANELADA,14,"$112,10",EDUCATIVA CALÇA DE HELANCA FLANELADA | 14
EDUCATIVA,CALÇA,CALÇA DE HELANCA FLANELADA,P,"$118,90",EDUCATIVA CALÇA DE HELANCA FLANELADA | P
EDUCATIVA,CALÇA,CALÇA DE HELANCA FLANELADA,M,"$126,10",EDUCATIVA CALÇA DE HELANCA FLANELADA | M
EDUCATIVA,CALÇA,CALÇA DE HELANCA FLANELADA,G,"$129,90",EDUCATIVA CALÇA DE HELANCA FLANELADA | G
EDUCATIVA,CALÇA,CALÇA DE HELANCA FLANELADA,GG,"$131,90",EDUCATIVA CALÇA DE HELANCA FLANELADA | GG
EDUCATIVA,CALÇA,CALÇA DE HELANCA FLANELADA,EXG,"$139,90",EDUCATIVA CALÇA DE HELANCA FLANELADA | EXG
EDUCATIVA,CALÇA,CALÇA BAILARINA SUPLEX,1,"$86,90",EDUCATIVA CALÇA. BAILARINA SUPLEX | 1
EDUCATIVA,CALÇA,CALÇA BAILARINA SUPLEX,2,"$87,90",EDUCATIVA CALÇA. BAILARINA SUPLEX | 2
EDUCATIVA,CALÇA,CALÇA BAILARINA SUPLEX,4,"$89,90",EDUCATIVA CALÇA. BAILARINA SUPLEX | 4
EDUCATIVA,CALÇA,CALÇA BAILARINA SUPLEX,6,"$90,90",EDUCATIVA CALÇA. BAILARINA SUPLEX | 6
EDUCATIVA,CALÇA,CALÇA BAILARINA SUPLEX,8,"$94,90",EDUCATIVA CALÇA. BAILARINA SUPLEX | 8
EDUCATIVA,CALÇA,CALÇA BAILARINA SUPLEX,10,"$98,90",EDUCATIVA CALÇA. BAILARINA SUPLEX | 10
EDUCATIVA,CALÇA,CALÇA BAILARINA SUPLEX,12,"$102,90",EDUCATIVA CALÇA. BAILARINA SUPLEX | 12
EDUCATIVA,CALÇA,CALÇA BAILARINA SUPLEX,14,"$109,90",EDUCATIVA CALÇA. BAILARINA SUPLEX | 14
EDUCATIVA,CALÇA,CALÇA BAILARINA SUPLEX,P,"$117,90",EDUCATIVA CALÇA. BAILARINA SUPLEX | P
EDUCATIVA,CALÇA,CALÇA BAILARINA SUPLEX,M,"$119,90",EDUCATIVA CALÇA. BAILARINA SUPLEX | M
EDUCATIVA,CALÇA,CALÇA BAILARINA SUPLEX,G,"$124,90",EDUCATIVA CALÇA. BAILARINA SUPLEX | G
EDUCATIVA,CALÇA,CALÇA BAILARINA SUPLEX,GG,"$129,90",EDUCATIVA CALÇA. BAILARINA SUPLEX | GG
EDUCATIVA,CALÇA,CALÇA BAILARINA SUPLEX,EXG,"$139,90",EDUCATIVA CALÇA. BAILARINA SUPLEX | EXG
EDUCATIVA,CALÇA,CALÇA LEGGING SUPLEX,1,"$81,90",EDUCATIVA CALÇA. LEGGING SUPLEX | 1
EDUCATIVA,CALÇA,CALÇA LEGGING SUPLEX,2,"$82,90",EDUCATIVA CALÇA. LEGGING SUPLEX | 2
EDUCATIVA,CALÇA,CALÇA LEGGING SUPLEX,4,"$84,90",EDUCATIVA CALÇA. LEGGING SUPLEX | 4
EDUCATIVA,CALÇA,CALÇA LEGGING SUPLEX,6,"$85,90",EDUCATIVA CALÇA. LEGGING SUPLEX | 6
EDUCATIVA,CALÇA,CALÇA LEGGING SUPLEX,8,"$89,90",EDUCATIVA CALÇA. LEGGING SUPLEX | 8
EDUCATIVA,CALÇA,CALÇA LEGGING SUPLEX,10,"$93,90",EDUCATIVA CALÇA. LEGGING SUPLEX | 10
EDUCATIVA,CALÇA,CALÇA LEGGING SUPLEX,12,"$97,90",EDUCATIVA CALÇA. LEGGING SUPLEX | 12
EDUCATIVA,CALÇA,CALÇA LEGGING SUPLEX,14,"$104,90",EDUCATIVA CALÇA. LEGGING SUPLEX | 14
EDUCATIVA,CALÇA,CALÇA LEGGING SUPLEX,P,"$112,90",EDUCATIVA CALÇA. LEGGING SUPLEX | P
EDUCATIVA,CALÇA,CALÇA LEGGING SUPLEX,M,"$114,90",EDUCATIVA CALÇA. LEGGING SUPLEX | M
EDUCATIVA,CALÇA,CALÇA LEGGING SUPLEX,G,"$119,90",EDUCATIVA CALÇA. LEGGING SUPLEX | G
EDUCATIVA,CALÇA,CALÇA LEGGING SUPLEX,GG,"$124,90",EDUCATIVA CALÇA. LEGGING SUPLEX | GG
EDUCATIVA,CALÇA,CALÇA LEGGING SUPLEX,EXG,"$134,90",EDUCATIVA CALÇA. LEGGING SUPLEX | EXG
EDUCATIVA,CAMISETA,CAMISETA M.C.BRANCA,1,"$51,90",EDUCATIVA CAMISETA M.C.BRANCA | 1
EDUCATIVA,CAMISETA,CAMISETA M.C.BRANCA,2,"$52,90",EDUCATIVA CAMISETA M.C.BRANCA | 2
EDUCATIVA,CAMISETA,CAMISETA M.C.BRANCA,4,"$53,90",EDUCATIVA CAMISETA M.C.BRANCA | 4
EDUCATIVA,CAMISETA,CAMISETA M.C.BRANCA,6,"$54,90",EDUCATIVA CAMISETA M.C.BRANCA | 6
EDUCATIVA,CAMISETA,CAMISETA M.C.BRANCA,8,"$55,90",EDUCATIVA CAMISETA M.C.BRANCA | 8
EDUCATIVA,CAMISETA,CAMISETA M.C.BRANCA,10,"$56,90",EDUCATIVA CAMISETA M.C.BRANCA | 10
EDUCATIVA,CAMISETA,CAMISETA M.C.BRANCA,12,"$57,90",EDUCATIVA CAMISETA M.C.BRANCA | 12
EDUCATIVA,CAMISETA,CAMISETA M.C.BRANCA,14,"$58,90",EDUCATIVA CAMISETA M.C.BRANCA | 14
EDUCATIVA,CAMISETA,CAMISETA M.C.BRANCA,P,"$60,90",EDUCATIVA CAMISETA M.C.BRANCA | P
EDUCATIVA,CAMISETA,CAMISETA M.C.BRANCA,M,"$62,90",EDUCATIVA CAMISETA M.C.BRANCA | M
EDUCATIVA,CAMISETA,CAMISETA M.C.BRANCA,G,"$64,90",EDUCATIVA CAMISETA M.C.BRANCA | G
EDUCATIVA,CAMISETA,CAMISETA M.C.BRANCA,GG,"$68,90",EDUCATIVA CAMISETA M.C.BRANCA | GG
EDUCATIVA,CAMISETA,CAMISETA M.C.BRANCA,EXG,"$78,90",EDUCATIVA CAMISETA M.C.BRANCA | EXG
EDUCATIVA,CAMISETA,CAMISETA M.C.CINZA,1,"$51,90",EDUCATIVA CAMISETA M.C.CINZA | 1
EDUCATIVA,CAMISETA,CAMISETA M.C.CINZA,2,"$52,90",EDUCATIVA CAMISETA M.C.CINZA | 2
EDUCATIVA,CAMISETA,CAMISETA M.C.CINZA,4,"$53,90",EDUCATIVA CAMISETA M.C.CINZA | 4
EDUCATIVA,CAMISETA,CAMISETA M.C.CINZA,6,"$54,90",EDUCATIVA CAMISETA M.C.CINZA | 6
EDUCATIVA,CAMISETA,CAMISETA M.C.CINZA,8,"$55,90",EDUCATIVA CAMISETA M.C.CINZA | 8
EDUCATIVA,CAMISETA,CAMISETA M.C.CINZA,10,"$56,90",EDUCATIVA CAMISETA M.C.CINZA | 10
EDUCATIVA,CAMISETA,CAMISETA M.C.CINZA,12,"$57,90",EDUCATIVA CAMISETA M.C.CINZA | 12
EDUCATIVA,CAMISETA,CAMISETA M.C.CINZA,14,"$58,90",EDUCATIVA CAMISETA M.C.CINZA | 14
EDUCATIVA,CAMISETA,CAMISETA M.C.CINZA,P,"$60,90",EDUCATIVA CAMISETA M.C.CINZA | P
EDUCATIVA,CAMISETA,CAMISETA M.C.CINZA,M,"$62,90",EDUCATIVA CAMISETA M.C.CINZA | M
EDUCATIVA,CAMISETA,CAMISETA M.C.CINZA,G,"$64,90",EDUCATIVA CAMISETA M.C.CINZA | G
EDUCATIVA,CAMISETA,CAMISETA M.C.CINZA,GG,"$68,90",EDUCATIVA CAMISETA M.C.CINZA | GG
EDUCATIVA,CAMISETA,CAMISETA M.C.CINZA,EXG,"$78,90",EDUCATIVA CAMISETA M.C.CINZA | EXG
EDUCATIVA,CAMISETA,CAMISETA M.L.BRANCA,1,"$54,90",EDUCATIVA CAMISETA M.L.BRANCA | 1
EDUCATIVA,CAMISETA,CAMISETA M.L.BRANCA,2,"$57,90",EDUCATIVA CAMISETA M.L.BRANCA | 2
EDUCATIVA,CAMISETA,CAMISETA M.L.BRANCA,4,"$58,90",EDUCATIVA CAMISETA M.L.BRANCA | 4
EDUCATIVA,CAMISETA,CAMISETA M.L.BRANCA,6,"$59,90",EDUCATIVA CAMISETA M.L.BRANCA | 6
EDUCATIVA,CAMISETA,CAMISETA M.L.BRANCA,8,"$60,90",EDUCATIVA CAMISETA M.L.BRANCA | 8
EDUCATIVA,CAMISETA,CAMISETA M.L.BRANCA,10,"$61,90",EDUCATIVA CAMISETA M.L.BRANCA | 10
EDUCATIVA,CAMISETA,CAMISETA M.L.BRANCA,12,"$62,90",EDUCATIVA CAMISETA M.L.BRANCA | 12
EDUCATIVA,CAMISETA,CAMISETA M.L.BRANCA,14,"$63,90",EDUCATIVA CAMISETA M.L.BRANCA | 14
EDUCATIVA,CAMISETA,CAMISETA M.L.BRANCA,P,"$65,90",EDUCATIVA CAMISETA M.L.BRANCA | P
EDUCATIVA,CAMISETA,CAMISETA M.L.BRANCA,M,"$67,90",EDUCATIVA CAMISETA M.L.BRANCA | M
EDUCATIVA,CAMISETA,CAMISETA M.L.BRANCA,G,"$69,90",EDUCATIVA CAMISETA M.L.BRANCA | G
EDUCATIVA,CAMISETA,CAMISETA M.L.BRANCA,GG,"$72,90",EDUCATIVA CAMISETA M.L.BRANCA | GG
EDUCATIVA,CAMISETA,CAMISETA M.L.BRANCA,EXG,"$82,90",EDUCATIVA CAMISETA M.L.BRANCA | EXG
EDUCATIVA,CAMISETA,CAMISETA M.L.CINZA,1,"$54,90",EDUCATIVA CAMISETA M.L.CINZA | 1
EDUCATIVA,CAMISETA,CAMISETA M.L.CINZA,2,"$57,90",EDUCATIVA CAMISETA M.L.CINZA | 2
EDUCATIVA,CAMISETA,CAMISETA M.L.CINZA,4,"$58,90",EDUCATIVA CAMISETA M.L.CINZA | 4
EDUCATIVA,CAMISETA,CAMISETA M.L.CINZA,6,"$59,90",EDUCATIVA CAMISETA M.L.CINZA | 6
EDUCATIVA,CAMISETA,CAMISETA M.L.CINZA,8,"$60,90",EDUCATIVA CAMISETA M.L.CINZA | 8
EDUCATIVA,CAMISETA,CAMISETA M.L.CINZA,10,"$61,90",EDUCATIVA CAMISETA M.L.CINZA | 10
EDUCATIVA,CAMISETA,CAMISETA M.L.CINZA,12,"$62,90",EDUCATIVA CAMISETA M.L.CINZA | 12
EDUCATIVA,CAMISETA,CAMISETA M.L.CINZA,14,"$63,90",EDUCATIVA CAMISETA M.L.CINZA | 14
EDUCATIVA,CAMISETA,CAMISETA M.L.CINZA,P,"$65,90",EDUCATIVA CAMISETA M.L.CINZA | P
EDUCATIVA,CAMISETA,CAMISETA M.L.CINZA,M,"$67,90",EDUCATIVA CAMISETA M.L.CINZA | M
EDUCATIVA,CAMISETA,CAMISETA M.L.CINZA,G,"$69,90",EDUCATIVA CAMISETA M.L.CINZA | G
EDUCATIVA,CAMISETA,CAMISETA M.L.CINZA,GG,"$72,90",EDUCATIVA CAMISETA M.L.CINZA | GG
EDUCATIVA,CAMISETA,CAMISETA M.L.CINZA,EXG,"$82,90",EDUCATIVA CAMISETA M.L.CINZA | EXG
EDUCATIVA,OUTROS,NADADOR BRANCA,PP,"$49,90",EDUCATIVA NADADOR BRANCA | PP
EDUCATIVA,OUTROS,NADADOR BRANCA,P,"$50,90",EDUCATIVA NADADOR BRANCA | P
EDUCATIVA,OUTROS,NADADOR BRANCA,M,"$51,90",EDUCATIVA NADADOR BRANCA | M
EDUCATIVA,OUTROS,NADADOR BRANCA,G,"$53,90",EDUCATIVA NADADOR BRANCA | G
EDUCATIVA,OUTROS,NADADOR BRANCA,GG,"$54,90",EDUCATIVA NADADOR BRANCA | GG
EDUCATIVA,OUTROS,NADADOR BRANCA,PP ADULTO,"$55,90",EDUCATIVA NADADOR BRANCA | PP ADULTO
EDUCATIVA,OUTROS,NADADOR BRANCA,P ADULTO,"$58,90",EDUCATIVA NADADOR BRANCA | P ADULTO
EDUCATIVA,OUTROS,NADADOR BRANCA,M ADULTO,"$60,90",EDUCATIVA NADADOR BRANCA | M ADULTO
EDUCATIVA,OUTROS,NADADOR BRANCA,G ADULTO,"$62,90",EDUCATIVA NADADOR BRANCA | G ADULTO
EDUCATIVA,OUTROS,NADADOR BRANCA,GG ADULTO,"$64,90",EDUCATIVA NADADOR BRANCA | GG ADULTO
EDUCATIVA,OUTROS,NADADOR BRANCA,EXG ADULTO,"$74,90",EDUCATIVA NADADOR BRANCA | EXG ADULTO
EDUCATIVA,OUTROS,REGATA MACHÃO BRANCA,1,"$50,90",EDUCATIVA REGATA MACHÃO BRANCA | 1
EDUCATIVA,OUTROS,REGATA MACHÃO BRANCA,2,"$51,90",EDUCATIVA REGATA MACHÃO BRANCA | 2
EDUCATIVA,OUTROS,REGATA MACHÃO BRANCA,4,"$52,90",EDUCATIVA REGATA MACHÃO BRANCA | 4
EDUCATIVA,OUTROS,REGATA MACHÃO BRANCA,6,"$53,90",EDUCATIVA REGATA MACHÃO BRANCA | 6
EDUCATIVA,OUTROS,REGATA MACHÃO BRANCA,8,"$54,90",EDUCATIVA REGATA MACHÃO BRANCA | 8
EDUCATIVA,OUTROS,REGATA MACHÃO BRANCA,10,"$55,90",EDUCATIVA REGATA MACHÃO BRANCA | 10
EDUCATIVA,OUTROS,REGATA MACHÃO BRANCA,12,"$56,90",EDUCATIVA REGATA MACHÃO BRANCA | 12
EDUCATIVA,OUTROS,REGATA MACHÃO BRANCA,14,"$57,90",EDUCATIVA REGATA MACHÃO BRANCA | 14
EDUCATIVA,OUTROS,REGATA MACHÃO BRANCA,P,"$59,90",EDUCATIVA REGATA MACHÃO BRANCA | P
EDUCATIVA,OUTROS,REGATA MACHÃO BRANCA,M,"$61,90",EDUCATIVA REGATA MACHÃO BRANCA | M
EDUCATIVA,OUTROS,REGATA MACHÃO BRANCA,G,"$63,90",EDUCATIVA REGATA MACHÃO BRANCA | G
EDUCATIVA,OUTROS,REGATA MACHÃO BRANCA,GG,"$67,90",EDUCATIVA REGATA MACHÃO BRANCA | GG
EDUCATIVA,OUTROS,REGATA MACHÃO BRANCA,EXG,"$77,90",EDUCATIVA REGATA MACHÃO BRANCA | EXG
EDUCATIVA,OUTROS,REGATA MACHÃO CINZA,1,"$50,90",EDUCATIVA REGATA MACHÃO CINZA | 1
EDUCATIVA,OUTROS,REGATA MACHÃO CINZA,2,"$51,90",EDUCATIVA REGATA MACHÃO CINZA | 2
EDUCATIVA,OUTROS,REGATA MACHÃO CINZA,4,"$52,90",EDUCATIVA REGATA MACHÃO CINZA | 4
EDUCATIVA,OUTROS,REGATA MACHÃO CINZA,6,"$53,90",EDUCATIVA REGATA MACHÃO CINZA | 6
EDUCATIVA,OUTROS,REGATA MACHÃO CINZA,8,"$54,90",EDUCATIVA REGATA MACHÃO CINZA | 8
EDUCATIVA,OUTROS,REGATA MACHÃO CINZA,10,"$55,90",EDUCATIVA REGATA MACHÃO CINZA | 10
EDUCATIVA,OUTROS,REGATA MACHÃO CINZA,12,"$56,90",EDUCATIVA REGATA MACHÃO CINZA | 12
EDUCATIVA,OUTROS,REGATA MACHÃO CINZA,14,"$57,90",EDUCATIVA REGATA MACHÃO CINZA | 14
EDUCATIVA,OUTROS,REGATA MACHÃO CINZA,P,"$59,90",EDUCATIVA REGATA MACHÃO CINZA | P
EDUCATIVA,OUTROS,REGATA MACHÃO CINZA,M,"$61,90",EDUCATIVA REGATA MACHÃO CINZA | M
EDUCATIVA,OUTROS,REGATA MACHÃO CINZA,G,"$63,90",EDUCATIVA REGATA MACHÃO CINZA | G
EDUCATIVA,OUTROS,REGATA MACHÃO CINZA,GG,"$67,90",EDUCATIVA REGATA MACHÃO CINZA | GG
EDUCATIVA,OUTROS,REGATA MACHÃO CINZA,EXG,"$77,90",EDUCATIVA REGATA MACHÃO CINZA | EXG
EDUCATIVA,SAIA/SHORT,SHORT SAIA SUPLEX,1,"$76,90",EDUCATIVA SHORT SAIA SUPLEX | 1
EDUCATIVA,SAIA/SHORT,SHORT SAIA SUPLEX,2,"$77,90",EDUCATIVA SHORT SAIA SUPLEX | 2
EDUCATIVA,SAIA/SHORT,SHORT SAIA SUPLEX,4,"$79,90",EDUCATIVA SHORT SAIA SUPLEX | 4
EDUCATIVA,SAIA/SHORT,SHORT SAIA SUPLEX,6,"$82,90",EDUCATIVA SHORT SAIA SUPLEX | 6
EDUCATIVA,SAIA/SHORT,SHORT SAIA SUPLEX,8,"$83,90",EDUCATIVA SHORT SAIA SUPLEX | 8
EDUCATIVA,SAIA/SHORT,SHORT SAIA SUPLEX,10,"$84,90",EDUCATIVA SHORT SAIA SUPLEX | 10
EDUCATIVA,SAIA/SHORT,SHORT SAIA SUPLEX,12,"$85,90",EDUCATIVA SHORT SAIA SUPLEX | 12
EDUCATIVA,SAIA/SHORT,SHORT SAIA SUPLEX,14,"$86,90",EDUCATIVA SHORT SAIA SUPLEX | 14
EDUCATIVA,SAIA/SHORT,SHORT SAIA SUPLEX,P,"$87,90",EDUCATIVA SHORT SAIA SUPLEX | P
EDUCATIVA,SAIA/SHORT,SHORT SAIA SUPLEX,M,"$88,90",EDUCATIVA SHORT SAIA SUPLEX | M
EDUCATIVA,OUTROS,VESTIDO,PP,"$99,90",EDUCATIVA VESTIDO | PP
EDUCATIVA,OUTROS,VESTIDO,P,"$101,90",EDUCATIVA VESTIDO | P
EDUCATIVA,OUTROS,VESTIDO,M,"$103,90",EDUCATIVA VESTIDO | M
EDUCATIVA,OUTROS,VESTIDO,G,"$105,90",EDUCATIVA VESTIDO | G
EDUCATIVA,OUTROS,VESTIDO,GG,"$110,90",EDUCATIVA VESTIDO | GG
HELOISA,BERMUDA,BERMUDA CICLISTA SUPLEX,6,"$55,90",HELOISA BERMUDA CICLISTA SUPLEX | 6
HELOISA,BERMUDA,BERMUDA CICLISTA SUPLEX,8,"$58,50",HELOISA BERMUDA CICLISTA SUPLEX | 8
HELOISA,BERMUDA,BERMUDA CICLISTA SUPLEX,10,"$60,90",HELOISA BERMUDA CICLISTA SUPLEX | 10
HELOISA,BERMUDA,BERMUDA CICLISTA SUPLEX,12,"$62,90",HELOISA BERMUDA CICLISTA SUPLEX | 12
HELOISA,BERMUDA,BERMUDA CICLISTA SUPLEX,14,"$66,20",HELOISA BERMUDA CICLISTA SUPLEX | 14
HELOISA,BERMUDA,BERMUDA CICLISTA SUPLEX,P,"$69,90",HELOISA BERMUDA CICLISTA SUPLEX | P
HELOISA,BERMUDA,BERMUDA CICLISTA SUPLEX,M,"$73,90",HELOISA BERMUDA CICLISTA SUPLEX | M
HELOISA,BERMUDA,BERMUDA CICLISTA SUPLEX,G,"$75,90",HELOISA BERMUDA CICLISTA SUPLEX | G
HELOISA,BERMUDA,BERMUDA CICLISTA SUPLEX,GG,"$79,90",HELOISA BERMUDA CICLISTA SUPLEX | GG
HELOISA,BERMUDA,BERMUDA CICLISTA SUPLEX,EXG,"$95,90",HELOISA BERMUDA CICLISTA SUPLEX | EXG
HELOISA,BERMUDA,BERMUDA DE HELANCA,6,"$55,90",HELOISA BERMUDA DE HELANCA | 6
HELOISA,BERMUDA,BERMUDA DE HELANCA,8,"$58,90",HELOISA BERMUDA DE HELANCA | 8
HELOISA,BERMUDA,BERMUDA DE HELANCA,10,"$60,90",HELOISA BERMUDA DE HELANCA | 10
HELOISA,BERMUDA,BERMUDA DE HELANCA,12,"$62,90",HELOISA BERMUDA DE HELANCA | 12
HELOISA,BERMUDA,BERMUDA DE HELANCA,14,"$64,90",HELOISA BERMUDA DE HELANCA | 14
HELOISA,BERMUDA,BERMUDA DE HELANCA,P,"$69,90",HELOISA BERMUDA DE HELANCA | P
HELOISA,BERMUDA,BERMUDA DE HELANCA,M,"$73,90",HELOISA BERMUDA DE HELANCA | M
HELOISA,BERMUDA,BERMUDA DE HELANCA,G,"$75,90",HELOISA BERMUDA DE HELANCA | G
HELOISA,BERMUDA,BERMUDA DE HELANCA,GG,"$79,90",HELOISA BERMUDA DE HELANCA | GG
HELOISA,BERMUDA,BERMUDA DE HELANCA,EXG,"$89,90",HELOISA BERMUDA DE HELANCA | EXG
HELOISA,AGASALHO,BLUSAO DE HELANCA,6,"$99,90",HELOISA BLUSAO DE HELANCA | 6
HELOISA,AGASALHO,BLUSAO DE HELANCA,8,"$104,90",HELOISA BLUSAO DE HELANCA | 8
HELOISA,AGASALHO,BLUSAO DE HELANCA,10,"$109,90",HELOISA BLUSAO DE HELANCA | 10
HELOISA,AGASALHO,BLUSAO DE HELANCA,12,"$113,50",HELOISA BLUSAO DE HELANCA | 12
HELOISA,AGASALHO,BLUSAO DE HELANCA,14,"$117,90",HELOISA BLUSAO DE HELANCA | 14
HELOISA,AGASALHO,BLUSAO DE HELANCA,P,"$123,50",HELOISA BLUSAO DE HELANCA | P
HELOISA,AGASALHO,BLUSAO DE HELANCA,M,"$129,80",HELOISA BLUSAO DE HELANCA | M
HELOISA,AGASALHO,BLUSAO DE HELANCA,G,"$132,90",HELOISA BLUSAO DE HELANCA | G
HELOISA,AGASALHO,BLUSAO DE HELANCA,GG,"$139,90",HELOISA BLUSAO DE HELANCA | GG
HELOISA,AGASALHO,BLUSAO DE HELANCA,EXG,"$149,90",HELOISA BLUSAO DE HELANCA | EXG
HELOISA,AGASALHO,BLUSAO DE HELANCA FLANELADO,6,"$110,50",HELOISA BLUSAO DE HELANCA FLANELADO | 6
HELOISA,AGASALHO,BLUSAO DE HELANCA FLANELADO,8,"$114,90",HELOISA BLUSAO DE HELANCA FLANELADO | 8
HELOISA,AGASALHO,BLUSAO DE HELANCA FLANELADO,10,"$119,90",HELOISA BLUSAO DE HELANCA FLANELADO | 10
HELOISA,AGASALHO,BLUSAO DE HELANCA FLANELADO,12,"$123,50",HELOISA BLUSAO DE HELANCA FLANELADO | 12
HELOISA,AGASALHO,BLUSAO DE HELANCA FLANELADO,14,"$127,50",HELOISA BLUSAO DE HELANCA FLANELADO | 14
HELOISA,AGASALHO,BLUSAO DE HELANCA FLANELADO,P,"$133,90",HELOISA BLUSAO DE HELANCA FLANELADO | P
HELOISA,AGASALHO,BLUSAO DE HELANCA FLANELADO,M,"$139,90",HELOISA BLUSAO DE HELANCA FLANELADO | M
HELOISA,AGASALHO,BLUSAO DE HELANCA FLANELADO,G,"$142,90",HELOISA BLUSAO DE HELANCA FLANELADO | G
HELOISA,AGASALHO,BLUSAO DE HELANCA FLANELADO,GG,"$149,90",HELOISA BLUSAO DE HELANCA FLANELADO | GG
HELOISA,AGASALHO,BLUSAO DE HELANCA FLANELADO,EXG,"$159,90",HELOISA BLUSAO DE HELANCA FLANELADO | EXG
HELOISA,CALÇA,CALÇA DE HELANCA,6,"$67,50",HELOISA CALÇA DE HELANCA | 6
HELOISA,CALÇA,CALÇA DE HELANCA,8,"$69,20",HELOISA CALÇA DE HELANCA | 8
HELOISA,CALÇA,CALÇA DE HELANCA,10,"$73,90",HELOISA CALÇA DE HELANCA | 10
HELOISA,CALÇA,CALÇA DE HELANCA,12,"$75,90",HELOISA CALÇA DE HELANCA | 12
HELOISA,CALÇA,CALÇA DE HELANCA,14,"$79,90",HELOISA CALÇA DE HELANCA | 14
HELOISA,CALÇA,CALÇA DE HELANCA,P,"$83,50",HELOISA CALÇA DE HELANCA | P
HELOISA,CALÇA,CALÇA DE HELANCA,M,"$87,90",HELOISA CALÇA DE HELANCA | M
HELOISA,CALÇA,CALÇA DE HELANCA,G,"$89,90",HELOISA CALÇA DE HELANCA | G
HELOISA,CALÇA,CALÇA DE HELANCA,GG,"$92,90",HELOISA CALÇA DE HELANCA | GG
HELOISA,CALÇA,CALÇA DE HELANCA,EXG,"$102,90",HELOISA CALÇA DE HELANCA | EXG
HELOISA,CALÇA,CALÇA DE HELANCA FLANELADA,6,"$77,50",HELOISA CALÇA DE HELANCA FLANELADA | 6
HELOISA,CALÇA,CALÇA DE HELANCA FLANELADA,8,"$79,90",HELOISA CALÇA DE HELANCA FLANELADA | 8
HELOISA,CALÇA,CALÇA DE HELANCA FLANELADA,10,"$83,90",HELOISA CALÇA DE HELANCA FLANELADA | 10
HELOISA,CALÇA,CALÇA DE HELANCA FLANELADA,12,"$85,90",HELOISA CALÇA DE HELANCA FLANELADA | 12
HELOISA,CALÇA,CALÇA DE HELANCA FLANELADA,14,"$89,90",HELOISA CALÇA DE HELANCA FLANELADA | 14
HELOISA,CALÇA,CALÇA DE HELANCA FLANELADA,P,"$93,50",HELOISA CALÇA DE HELANCA FLANELADA | P
HELOISA,CALÇA,CALÇA DE HELANCA FLANELADA,M,"$97,90",HELOISA CALÇA DE HELANCA FLANELADA | M
HELOISA,CALÇA,CALÇA DE HELANCA FLANELADA,G,"$99,90",HELOISA CALÇA DE HELANCA FLANELADA | G
HELOISA,CALÇA,CALÇA DE HELANCA FLANELADA,GG,"$102,90",HELOISA CALÇA DE HELANCA FLANELADA | GG
HELOISA,CALÇA,CALÇA DE HELANCA FLANELADA,EXG,"$112,90",HELOISA CALÇA DE HELANCA FLANELADA | EXG
HELOISA,CALÇA,CALÇA LEGGING SUPLEX,6,"$65,90",HELOISA CALÇA LEGGING SUPLEX | 6
HELOISA,CALÇA,CALÇA LEGGING SUPLEX,8,"$70,50",HELOISA CALÇA LEGGING SUPLEX | 8
HELOISA,CALÇA,CALÇA LEGGING SUPLEX,10,"$76,00",HELOISA CALÇA LEGGING SUPLEX | 10
HELOISA,CALÇA,CALÇA LEGGING SUPLEX,12,"$80,20",HELOISA CALÇA LEGGING SUPLEX | 12
HELOISA,CALÇA,CALÇA LEGGING SUPLEX,14,"$86,90",HELOISA CALÇA LEGGING SUPLEX | 14
HELOISA,CALÇA,CALÇA LEGGING SUPLEX,P,"$90,30",HELOISA CALÇA LEGGING SUPLEX | P
HELOISA,CALÇA,CALÇA LEGGING SUPLEX,M,"$91,90",HELOISA CALÇA LEGGING SUPLEX | M
HELOISA,CALÇA,CALÇA LEGGING SUPLEX,G,"$93,70",HELOISA CALÇA LEGGING SUPLEX | G
HELOISA,CALÇA,CALÇA LEGGING SUPLEX,GG,"$102,50",HELOISA CALÇA LEGGING SUPLEX | GG
HELOISA,CALÇA,CALÇA LEGGING SUPLEX,EXG,"$112,90",HELOISA CALÇA LEGGING SUPLEX | EXG
HELOISA,CAMISETA,CAMISETA M.CURTA AZUL MARINHO,8,"$41,90",HELOISA CAMISETA M.CURTA AZUL MARINHO | 8
HELOISA,CAMISETA,CAMISETA M.CURTA AZUL MARINHO,10,"$43,90",HELOISA CAMISETA M.CURTA AZUL MARINHO | 10
HELOISA,CAMISETA,CAMISETA M.CURTA AZUL MARINHO,12,"$45,90",HELOISA CAMISETA M.CURTA AZUL MARINHO | 12
HELOISA,CAMISETA,CAMISETA M.CURTA AZUL MARINHO,14,"$47,90",HELOISA CAMISETA M.CURTA AZUL MARINHO | 14
HELOISA,CAMISETA,CAMISETA M.CURTA AZUL MARINHO,P,"$49,90",HELOISA CAMISETA M.CURTA AZUL MARINHO | P
HELOISA,CAMISETA,CAMISETA M.CURTA AZUL MARINHO,M,"$50,90",HELOISA CAMISETA M.CURTA AZUL MARINHO | M
HELOISA,CAMISETA,CAMISETA M.CURTA AZUL MARINHO,G,"$53,90",HELOISA CAMISETA M.CURTA AZUL MARINHO | G
HELOISA,CAMISETA,CAMISETA M.CURTA AZUL MARINHO,GG,"$56,90",HELOISA CAMISETA M.CURTA AZUL MARINHO | GG
HELOISA,CAMISETA,CAMISETA M.CURTA AZUL MARINHO,EXG,"$61,90",HELOISA CAMISETA M.CURTA AZUL MARINHO | EXG
HELOISA,CAMISETA,CAMISETA M.CURTA BRANCA,6,"$40,90",HELOISA CAMISETA M.CURTA BRANCA | 6
HELOISA,CAMISETA,CAMISETA M.CURTA BRANCA,8,"$41,90",HELOISA CAMISETA M.CURTA BRANCA | 8
HELOISA,CAMISETA,CAMISETA M.CURTA BRANCA,10,"$43,90",HELOISA CAMISETA M.CURTA BRANCA | 10
HELOISA,CAMISETA,CAMISETA M.CURTA BRANCA,12,"$45,90",HELOISA CAMISETA M.CURTA BRANCA | 12
HELOISA,CAMISETA,CAMISETA M.CURTA BRANCA,14,"$47,90",HELOISA CAMISETA M.CURTA BRANCA | 14
HELOISA,CAMISETA,CAMISETA M.CURTA BRANCA,P,"$49,90",HELOISA CAMISETA M.CURTA BRANCA | P
HELOISA,CAMISETA,CAMISETA M.CURTA BRANCA,M,"$50,90",HELOISA CAMISETA M.CURTA BRANCA | M
HELOISA,CAMISETA,CAMISETA M.CURTA BRANCA,G,"$53,90",HELOISA CAMISETA M.CURTA BRANCA | G
HELOISA,CAMISETA,CAMISETA M.CURTA BRANCA,GG,"$56,90",HELOISA CAMISETA M.CURTA BRANCA | GG
HELOISA,CAMISETA,CAMISETA M.CURTA BRANCA,EXG,"$61,90",HELOISA CAMISETA M.CURTA BRANCA | EXG
HELOISA,CAMISETA,CAMISETA M.CURTA PRETA,8,"$41,90",HELOISA CAMISETA M.CURTA PRETA | 8
HELOISA,CAMISETA,CAMISETA M.CURTA PRETA,10,"$43,90",HELOISA CAMISETA M.CURTA PRETA | 10
HELOISA,CAMISETA,CAMISETA M.CURTA PRETA,12,"$45,90",HELOISA CAMISETA M.CURTA PRETA | 12
HELOISA,CAMISETA,CAMISETA M.CURTA PRETA,14,"$47,90",HELOISA CAMISETA M.CURTA PRETA | 14
HELOISA,CAMISETA,CAMISETA M.CURTA PRETA,P,"$49,90",HELOISA CAMISETA M.CURTA PRETA | P
HELOISA,CAMISETA,CAMISETA M.CURTA PRETA,M,"$50,90",HELOISA CAMISETA M.CURTA PRETA | M
HELOISA,CAMISETA,CAMISETA M.CURTA PRETA,G,"$53,90",HELOISA CAMISETA M.CURTA PRETA | G
HELOISA,CAMISETA,CAMISETA M.CURTA PRETA,GG,"$56,90",HELOISA CAMISETA M.CURTA PRETA | GG
HELOISA,CAMISETA,CAMISETA M.CURTA PRETA,EXG,"$61,90",HELOISA CAMISETA M.CURTA PRETA | EXG
HELOISA,CAMISETA,CAMISETA M.LONGA AZUL MARINNHO,6,"$47,90",HELOISA CAMISETA M.LONGA AZUL MARINNHO | 6
HELOISA,CAMISETA,CAMISETA M.LONGA AZUL MARINNHO,8,"$48,90",HELOISA CAMISETA M.LONGA AZUL MARINNHO | 8
HELOISA,CAMISETA,CAMISETA M.LONGA AZUL MARINNHO,10,"$50,90",HELOISA CAMISETA M.LONGA AZUL MARINNHO | 10
HELOISA,CAMISETA,CAMISETA M.LONGA AZUL MARINNHO,12,"$52,90",HELOISA CAMISETA M.LONGA AZUL MARINNHO | 12
HELOISA,CAMISETA,CAMISETA M.LONGA AZUL MARINNHO,14,"$54,90",HELOISA CAMISETA M.LONGA AZUL MARINNHO | 14
HELOISA,CAMISETA,CAMISETA M.LONGA AZUL MARINNHO,P,"$56,90",HELOISA CAMISETA M.LONGA AZUL MARINNHO | P
HELOISA,CAMISETA,CAMISETA M.LONGA AZUL MARINNHO,M,"$58,50",HELOISA CAMISETA M.LONGA AZUL MARINNHO | M
HELOISA,CAMISETA,CAMISETA M.LONGA AZUL MARINNHO,G,"$62,90",HELOISA CAMISETA M.LONGA AZUL MARINNHO | G
HELOISA,CAMISETA,CAMISETA M.LONGA AZUL MARINNHO,GG,"$64,90",HELOISA CAMISETA M.LONGA AZUL MARINNHO | GG
HELOISA,CAMISETA,CAMISETA M.LONGA AZUL MARINNHO,EXG,"$70,90",HELOISA CAMISETA M.LONGA AZUL MARINNHO | EXG
HELOISA,CAMISETA,CAMISETA M.LONGA BRANCA,6,"$47,90",HELOISA CAMISETA M.LONGA BRANCA | 6
HELOISA,CAMISETA,CAMISETA M.LONGA BRANCA,8,"$48,90",HELOISA CAMISETA M.LONGA BRANCA | 8
HELOISA,CAMISETA,CAMISETA M.LONGA BRANCA,10,"$50,90",HELOISA CAMISETA M.LONGA BRANCA | 10
HELOISA,CAMISETA,CAMISETA M.LONGA BRANCA,12,"$52,90",HELOISA CAMISETA M.LONGA BRANCA | 12
HELOISA,CAMISETA,CAMISETA M.LONGA BRANCA,14,"$54,90",HELOISA CAMISETA M.LONGA BRANCA | 14
HELOISA,CAMISETA,CAMISETA M.LONGA BRANCA,P,"$56,90",HELOISA CAMISETA M.LONGA BRANCA | P
HELOISA,CAMISETA,CAMISETA M.LONGA BRANCA,M,"$58,50",HELOISA CAMISETA M.LONGA BRANCA | M
HELOISA,CAMISETA,CAMISETA M.LONGA BRANCA,G,"$62,90",HELOISA CAMISETA M.LONGA BRANCA | G
HELOISA,CAMISETA,CAMISETA M.LONGA BRANCA,GG,"$64,90",HELOISA CAMISETA M.LONGA BRANCA | GG
HELOISA,CAMISETA,CAMISETA M.LONGA BRANCA,EXG,"$70,90",HELOISA CAMISETA M.LONGA BRANCA | EXG
HELOISA,CAMISETA,CAMISETA M.LONGA PRETA,6,"$47,90",HELOISA CAMISETA M.LONGA PRETA | 6
HELOISA,CAMISETA,CAMISETA M.LONGA PRETA,8,"$48,90",HELOISA CAMISETA M.LONGA PRETA | 8
HELOISA,CAMISETA,CAMISETA M.LONGA PRETA,10,"$50,90",HELOISA CAMISETA M.LONGA PRETA | 10
HELOISA,CAMISETA,CAMISETA M.LONGA PRETA,12,"$52,90",HELOISA CAMISETA M.LONGA PRETA | 12
HELOISA,CAMISETA,CAMISETA M.LONGA PRETA,14,"$54,90",HELOISA CAMISETA M.LONGA PRETA | 14
HELOISA,CAMISETA,CAMISETA M.LONGA PRETA,P,"$56,90",HELOISA CAMISETA M.LONGA PRETA | P
HELOISA,CAMISETA,CAMISETA M.LONGA PRETA,M,"$58,50",HELOISA CAMISETA M.LONGA PRETA | M
HELOISA,CAMISETA,CAMISETA M.LONGA PRETA,G,"$62,90",HELOISA CAMISETA M.LONGA PRETA | G
HELOISA,CAMISETA,CAMISETA M.LONGA PRETA,GG,"$64,90",HELOISA CAMISETA M.LONGA PRETA | GG
HELOISA,CAMISETA,CAMISETA M.LONGA PRETA,EXG,"$70,90",HELOISA CAMISETA M.LONGA PRETA | EXG
HELOISA,CAMISETA,CAMISETA REGATA AZUL MARINHO( MACHÃO),6,"$39,90",HELOISA CAMISETA REGATA AZUL MARINHO( MACHÃO) | 06
HELOISA,CAMISETA,CAMISETA REGATA AZUL MARINHO( MACHÃO),8,"$40,90",HELOISA CAMISETA REGATA AZUL MARINHO( MACHÃO) | 08
HELOISA,CAMISETA,CAMISETA REGATA AZUL MARINHO( MACHÃO),10,"$42,90",HELOISA CAMISETA REGATA AZUL MARINHO( MACHÃO) | 10
HELOISA,CAMISETA,CAMISETA REGATA AZUL MARINHO( MACHÃO),12,"$44,90",HELOISA CAMISETA REGATA AZUL MARINHO( MACHÃO) | 12
HELOISA,CAMISETA,CAMISETA REGATA AZUL MARINHO( MACHÃO),14,"$46,90",HELOISA CAMISETA REGATA AZUL MARINHO( MACHÃO) | 14
HELOISA,CAMISETA,CAMISETA REGATA AZUL MARINHO( MACHÃO),P,"$48,90",HELOISA CAMISETA REGATA AZUL MARINHO( MACHÃO) | P
HELOISA,CAMISETA,CAMISETA REGATA AZUL MARINHO( MACHÃO),M,"$49,90",HELOISA CAMISETA REGATA AZUL MARINHO( MACHÃO) | M
HELOISA,CAMISETA,CAMISETA REGATA AZUL MARINHO( MACHÃO),G,"$52,90",HELOISA CAMISETA REGATA AZUL MARINHO( MACHÃO) | G
HELOISA,CAMISETA,CAMISETA REGATA AZUL MARINHO( MACHÃO),GG,"$55,90",HELOISA CAMISETA REGATA AZUL MARINHO( MACHÃO) | GG
HELOISA,CAMISETA,CAMISETA REGATA AZUL MARINHO( MACHÃO),EXG,"$60,90",HELOISA CAMISETA REGATA AZUL MARINHO( MACHÃO) | EXG
HELOISA,CAMISETA,CAMISETA REGATA BRANCA( MACHÃO),6,"$39,90",HELOISA CAMISETA REGATA BRANCA( MACHÃO) | 06
HELOISA,CAMISETA,CAMISETA REGATA BRANCA( MACHÃO),8,"$40,90",HELOISA CAMISETA REGATA BRANCA( MACHÃO) | 08
HELOISA,CAMISETA,CAMISETA REGATA BRANCA( MACHÃO),10,"$42,90",HELOISA CAMISETA REGATA BRANCA( MACHÃO) | 10
HELOISA,CAMISETA,CAMISETA REGATA BRANCA( MACHÃO),12,"$44,90",HELOISA CAMISETA REGATA BRANCA( MACHÃO) | 12
HELOISA,CAMISETA,CAMISETA REGATA BRANCA( MACHÃO),14,"$46,90",HELOISA CAMISETA REGATA BRANCA( MACHÃO) | 14
HELOISA,CAMISETA,CAMISETA REGATA BRANCA( MACHÃO),P,"$48,90",HELOISA CAMISETA REGATA BRANCA( MACHÃO) | P
HELOISA,CAMISETA,CAMISETA REGATA BRANCA( MACHÃO),M,"$49,90",HELOISA CAMISETA REGATA BRANCA( MACHÃO) | M
HELOISA,CAMISETA,CAMISETA REGATA BRANCA( MACHÃO),G,"$52,90",HELOISA CAMISETA REGATA BRANCA( MACHÃO) | G
HELOISA,CAMISETA,CAMISETA REGATA BRANCA( MACHÃO),GG,"$55,90",HELOISA CAMISETA REGATA BRANCA( MACHÃO) | GG
HELOISA,CAMISETA,CAMISETA REGATA BRANCA( MACHÃO),EXG,"$60,90",HELOISA CAMISETA REGATA BRANCA( MACHÃO) | EXG
HELOISA,CAMISETA,CAMISETA REGATA PRETA( MACHÃO),6,"$39,90",HELOISA CAMISETA REGATA PRETA( MACHÃO) | 06
HELOISA,CAMISETA,CAMISETA REGATA PRETA( MACHÃO),8,"$40,90",HELOISA CAMISETA REGATA PRETA( MACHÃO) | 08
HELOISA,CAMISETA,CAMISETA REGATA PRETA( MACHÃO),10,"$42,90",HELOISA CAMISETA REGATA PRETA( MACHÃO) | 10
HELOISA,CAMISETA,CAMISETA REGATA PRETA( MACHÃO),12,"$44,90",HELOISA CAMISETA REGATA PRETA( MACHÃO) | 12
HELOISA,CAMISETA,CAMISETA REGATA PRETA( MACHÃO),14,"$46,90",HELOISA CAMISETA REGATA PRETA( MACHÃO) | 14
HELOISA,CAMISETA,CAMISETA REGATA PRETA( MACHÃO),P,"$48,90",HELOISA CAMISETA REGATA PRETA( MACHÃO) | P
HELOISA,CAMISETA,CAMISETA REGATA PRETA( MACHÃO),M,"$49,90",HELOISA CAMISETA REGATA PRETA( MACHÃO) | M
HELOISA,CAMISETA,CAMISETA REGATA PRETA( MACHÃO),G,"$52,90",HELOISA CAMISETA REGATA PRETA( MACHÃO) | G
HELOISA,CAMISETA,CAMISETA REGATA PRETA( MACHÃO),GG,"$55,90",HELOISA CAMISETA REGATA PRETA( MACHÃO) | GG
HELOISA,CAMISETA,CAMISETA REGATA PRETA( MACHÃO),EXG,"$60,90",HELOISA CAMISETA REGATA PRETA( MACHÃO) | EXG
KIDDIES WORLD,BERMUDA,BERMUDA CICLISTA - SUPLEX,1,"$70,90",KW BERMUDA CICLISTA - SUPLEX | 01
KIDDIES WORLD,BERMUDA,BERMUDA CICLISTA - SUPLEX,2,"$72,90",KW BERMUDA CICLISTA - SUPLEX | 02
KIDDIES WORLD,BERMUDA,BERMUDA CICLISTA - SUPLEX,4,"$74,90",KW BERMUDA CICLISTA - SUPLEX | 04
KIDDIES WORLD,BERMUDA,BERMUDA CICLISTA - SUPLEX,6,"$75,90",KW BERMUDA CICLISTA - SUPLEX | 06
KIDDIES WORLD,BERMUDA,BERMUDA CICLISTA - SUPLEX,8,"$76,90",KW BERMUDA CICLISTA - SUPLEX | 08
KIDDIES WORLD,BERMUDA,BERMUDA CICLISTA - SUPLEX,10,"$77,90",KW BERMUDA CICLISTA - SUPLEX | 10
KIDDIES WORLD,BERMUDA,BERMUDA CICLISTA - SUPLEX,12,"$79,90",KW BERMUDA CICLISTA - SUPLEX | 12
KIDDIES WORLD,BERMUDA,BERMUDA CICLISTA - SUPLEX,14,"$82,90",KW BERMUDA CICLISTA - SUPLEX | 14
KIDDIES WORLD,BERMUDA,BERMUDA DE HELANCA,1,"$65,90",KW BERMUDA DE HELANCA | 1
KIDDIES WORLD,BERMUDA,BERMUDA DE HELANCA,2,"$66,90",KW BERMUDA DE HELANCA | 2
KIDDIES WORLD,BERMUDA,BERMUDA DE HELANCA,4,"$67,90",KW BERMUDA DE HELANCA | 4
KIDDIES WORLD,BERMUDA,BERMUDA DE HELANCA,6,"$69,90",KW BERMUDA DE HELANCA | 6
KIDDIES WORLD,BERMUDA,BERMUDA DE HELANCA,8,"$70,90",KW BERMUDA DE HELANCA | 8
KIDDIES WORLD,BERMUDA,BERMUDA DE HELANCA,10,"$72,90",KW BERMUDA DE HELANCA | 10
KIDDIES WORLD,BERMUDA,BERMUDA DE HELANCA,12,"$74,90",KW BERMUDA DE HELANCA | 12
KIDDIES WORLD,BERMUDA,BERMUDA DE HELANCA,14,"$76,90",KW BERMUDA DE HELANCA | 14
KIDDIES WORLD,AGASALHO,BLUSÃO DE HELANCA,1,"$139,90",KW BLUSÃO DE HELANCA | 1
KIDDIES WORLD,AGASALHO,BLUSÃO DE HELANCA,2,"$142,90",KW BLUSÃO DE HELANCA | 2
KIDDIES WORLD,AGASALHO,BLUSÃO DE HELANCA,4,"$145,90",KW BLUSÃO DE HELANCA | 4
KIDDIES WORLD,AGASALHO,BLUSÃO DE HELANCA,6,"$149,90",KW BLUSÃO DE HELANCA | 6
KIDDIES WORLD,AGASALHO,BLUSÃO DE HELANCA,8,"$154,90",KW BLUSÃO DE HELANCA | 8
KIDDIES WORLD,AGASALHO,BLUSÃO DE HELANCA,10,"$159,90",KW BLUSÃO DE HELANCA | 10
KIDDIES WORLD,AGASALHO,BLUSÃO DE HELANCA,12,"$162,90",KW BLUSÃO DE HELANCA | 12
KIDDIES WORLD,AGASALHO,BLUSÃO DE HELANCA,14,"$165,90",KW BLUSÃO DE HELANCA | 14
KIDDIES WORLD,AGASALHO,BLUSÃO DE HELANCA,P,"$139,90",KW BLUSÃO DE HELANCA | P
KIDDIES WORLD,AGASALHO,BLUSÃO DE HELANCA,M,"$139,90",KW BLUSÃO DE HELANCA | M
KIDDIES WORLD,AGASALHO,BLUSÃO DE HELANCA,G,"$139,90",KW BLUSÃO DE HELANCA | G
KIDDIES WORLD,AGASALHO,BLUSÃO DE HELANCA FLANELADO,1,"$149,90",KW BLUSÃO DE HELANCA FLANELADO | 1
KIDDIES WORLD,AGASALHO,BLUSÃO DE HELANCA FLANELADO,2,"$152,90",KW BLUSÃO DE HELANCA FLANELADO | 2
KIDDIES WORLD,AGASALHO,BLUSÃO DE HELANCA FLANELADO,4,"$155,90",KW BLUSÃO DE HELANCA FLANELADO | 4
KIDDIES WORLD,AGASALHO,BLUSÃO DE HELANCA FLANELADO,6,"$159,90",KW BLUSÃO DE HELANCA FLANELADO | 6
KIDDIES WORLD,AGASALHO,BLUSÃO DE HELANCA FLANELADO,8,"$164,90",KW BLUSÃO DE HELANCA FLANELADO | 8
KIDDIES WORLD,AGASALHO,BLUSÃO DE HELANCA FLANELADO,10,"$169,90",KW BLUSÃO DE HELANCA FLANELADO | 10
KIDDIES WORLD,AGASALHO,BLUSÃO DE HELANCA FLANELADO,12,"$172,90",KW BLUSÃO DE HELANCA FLANELADO | 12
KIDDIES WORLD,AGASALHO,BLUSÃO DE HELANCA FLANELADO,14,"$175,90",KW BLUSÃO DE HELANCA FLANELADO | 14
KIDDIES WORLD,CALÇA,CALÇA DE HELANCA,1,"$85,90",KW CALÇA DE HELANCA | 1
KIDDIES WORLD,CALÇA,CALÇA DE HELANCA,2,"$86,90",KW CALÇA DE HELANCA | 2
KIDDIES WORLD,CALÇA,CALÇA DE HELANCA,4,"$87,90",KW CALÇA DE HELANCA | 4
KIDDIES WORLD,CALÇA,CALÇA DE HELANCA,6,"$89,90",KW CALÇA DE HELANCA | 6
KIDDIES WORLD,CALÇA,CALÇA DE HELANCA,8,"$92,90",KW CALÇA DE HELANCA | 8
KIDDIES WORLD,CALÇA,CALÇA DE HELANCA,10,"$94,90",KW CALÇA DE HELANCA | 10
KIDDIES WORLD,CALÇA,CALÇA DE HELANCA,12,"$97,90",KW CALÇA DE HELANCA | 12
KIDDIES WORLD,CALÇA,CALÇA DE HELANCA,14,"$102,90",KW CALÇA DE HELANCA | 14
KIDDIES WORLD,CALÇA,CALÇA DE HELANCA FLANELADA,1,"$95,90",KW CALÇA DE HELANCA FLANELADA | 1
KIDDIES WORLD,CALÇA,CALÇA DE HELANCA FLANELADA,2,"$96,90",KW CALÇA DE HELANCA FLANELADA | 2
KIDDIES WORLD,CALÇA,CALÇA DE HELANCA FLANELADA,4,"$97,90",KW CALÇA DE HELANCA FLANELADA | 4
KIDDIES WORLD,CALÇA,CALÇA DE HELANCA FLANELADA,6,"$99,90",KW CALÇA DE HELANCA FLANELADA | 6
KIDDIES WORLD,CALÇA,CALÇA DE HELANCA FLANELADA,8,"$102,90",KW CALÇA DE HELANCA FLANELADA | 8
KIDDIES WORLD,CALÇA,CALÇA DE HELANCA FLANELADA,10,"$104,90",KW CALÇA DE HELANCA FLANELADA | 10
KIDDIES WORLD,CALÇA,CALÇA DE HELANCA FLANELADA,12,"$107,90",KW CALÇA DE HELANCA FLANELADA | 12
KIDDIES WORLD,CALÇA,CALÇA DE HELANCA FLANELADA,14,"$112,90",KW CALÇA DE HELANCA FLANELADA | 14
KIDDIES WORLD,CALÇA,CALÇA BAILARINA SUPLEX,1,"$86,90",KW CALÇA.BAILARINA SUPLEX | 1
KIDDIES WORLD,CALÇA,CALÇA BAILARINA SUPLEX,2,"$87,90",KW CALÇA.BAILARINA SUPLEX | 2
KIDDIES WORLD,CALÇA,CALÇA BAILARINA SUPLEX,4,"$89,90",KW CALÇA.BAILARINA SUPLEX | 4
KIDDIES WORLD,CALÇA,CALÇA BAILARINA SUPLEX,6,"$90,90",KW CALÇA.BAILARINA SUPLEX | 6
KIDDIES WORLD,CALÇA,CALÇA BAILARINA SUPLEX,8,"$94,90",KW CALÇA.BAILARINA SUPLEX | 8
KIDDIES WORLD,CALÇA,CALÇA BAILARINA SUPLEX,10,"$98,90",KW CALÇA.BAILARINA SUPLEX | 10
KIDDIES WORLD,CALÇA,CALÇA BAILARINA SUPLEX,12,"$102,90",KW CALÇA.BAILARINA SUPLEX | 12
KIDDIES WORLD,CALÇA,CALÇA BAILARINA SUPLEX,14,"$109,90",KW CALÇA.BAILARINA SUPLEX | 14
KIDDIES WORLD,CALÇA,CALÇA BAILARINA SUPLEX FLANELADA,1,"$96,90",KW CALÇA.BAILARINA SUPLEX FLANELADA | 1
KIDDIES WORLD,CALÇA,CALÇA BAILARINA SUPLEX FLANELADA,2,"$97,90",KW CALÇA.BAILARINA SUPLEX FLANELADA | 2
KIDDIES WORLD,CALÇA,CALÇA BAILARINA SUPLEX FLANELADA,4,"$99,90",KW CALÇA.BAILARINA SUPLEX FLANELADA | 4
KIDDIES WORLD,CALÇA,CALÇA BAILARINA SUPLEX FLANELADA,6,"$100,90",KW CALÇA.BAILARINA SUPLEX FLANELADA | 6
KIDDIES WORLD,CALÇA,CALÇA BAILARINA SUPLEX FLANELADA,8,"$104,90",KW CALÇA.BAILARINA SUPLEX FLANELADA | 8
KIDDIES WORLD,CALÇA,CALÇA BAILARINA SUPLEX FLANELADA,10,"$108,90",KW CALÇA.BAILARINA SUPLEX FLANELADA | 10
KIDDIES WORLD,CALÇA,CALÇA BAILARINA SUPLEX FLANELADA,12,"$112,90",KW CALÇA.BAILARINA SUPLEX FLANELADA | 12
KIDDIES WORLD,CALÇA,CALÇA BAILARINA SUPLEX FLANELADA,14,"$119,90",KW CALÇA.BAILARINA SUPLEX FLANELADA | 14
KIDDIES WORLD,CALÇA,CALÇA LEGGING SUPLEX,1,"$81,90",KW CALÇA.LEGGING SUPLEX | 01
KIDDIES WORLD,CALÇA,CALÇA LEGGING SUPLEX,2,"$82,90",KW CALÇA.LEGGING SUPLEX | 02
KIDDIES WORLD,CALÇA,CALÇA LEGGING SUPLEX,4,"$84,90",KW CALÇA.LEGGING SUPLEX | 04
KIDDIES WORLD,CALÇA,CALÇA LEGGING SUPLEX,6,"$85,90",KW CALÇA.LEGGING SUPLEX | 06
KIDDIES WORLD,CALÇA,CALÇA LEGGING SUPLEX,8,"$89,90",KW CALÇA.LEGGING SUPLEX | 08
KIDDIES WORLD,CALÇA,CALÇA LEGGING SUPLEX,10,"$93,90",KW CALÇA.LEGGING SUPLEX | 10
KIDDIES WORLD,CALÇA,CALÇA LEGGING SUPLEX,12,"$97,90",KW CALÇA.LEGGING SUPLEX | 12
KIDDIES WORLD,CALÇA,CALÇA LEGGING SUPLEX,14,"$104,90",KW CALÇA.LEGGING SUPLEX | 14
KIDDIES WORLD,CALÇA,CALÇA LEGGING SUPLEX FLANELADO,1,"$91,90",KW CALÇA.LEGGING SUPLEX FLANELADO | 01
KIDDIES WORLD,CALÇA,CALÇA LEGGING SUPLEX FLANELADO,2,"$92,90",KW CALÇA.LEGGING SUPLEX FLANELADO | 02
KIDDIES WORLD,CALÇA,CALÇA LEGGING SUPLEX FLANELADO,4,"$94,90",KW CALÇA.LEGGING SUPLEX FLANELADO | 04
KIDDIES WORLD,CALÇA,CALÇA LEGGING SUPLEX FLANELADO,6,"$95,90",KW CALÇA.LEGGING SUPLEX FLANELADO | 06
KIDDIES WORLD,CALÇA,CALÇA LEGGING SUPLEX FLANELADO,8,"$99,90",KW CALÇA.LEGGING SUPLEX FLANELADO | 08
KIDDIES WORLD,CALÇA,CALÇA LEGGING SUPLEX FLANELADO,10,"$103,90",KW CALÇA.LEGGING SUPLEX FLANELADO | 10
KIDDIES WORLD,CALÇA,CALÇA LEGGING SUPLEX FLANELADO,12,"$107,90",KW CALÇA.LEGGING SUPLEX FLANELADO | 12
KIDDIES WORLD,CALÇA,CALÇA LEGGING SUPLEX FLANELADO,14,"$114,90",KW CALÇA.LEGGING SUPLEX FLANELADO | 14
KIDDIES WORLD,CAMISETA,CAMISETA M.CURTA AZUL,1,"$51,90",KW CAMISETA M.CURTA AZUL | 1
KIDDIES WORLD,CAMISETA,CAMISETA M.CURTA AZUL,2,"$52,90",KW CAMISETA M.CURTA AZUL | 2
KIDDIES WORLD,CAMISETA,CAMISETA M.CURTA AZUL,4,"$53,90",KW CAMISETA M.CURTA AZUL | 4
KIDDIES WORLD,CAMISETA,CAMISETA M.CURTA AZUL,6,"$54,90",KW CAMISETA M.CURTA AZUL | 6
KIDDIES WORLD,CAMISETA,CAMISETA M.CURTA AZUL,8,"$55,90",KW CAMISETA M.CURTA AZUL | 8
KIDDIES WORLD,CAMISETA,CAMISETA M.CURTA AZUL,10,"$56,90",KW CAMISETA M.CURTA AZUL | 10
KIDDIES WORLD,CAMISETA,CAMISETA M.CURTA AZUL,12,"$57,90",KW CAMISETA M.CURTA AZUL | 12
KIDDIES WORLD,CAMISETA,CAMISETA M.CURTA AZUL,14,"$58,90",KW CAMISETA M.CURTA AZUL | 14
KIDDIES WORLD,CAMISETA,CAMISETA M.CURTA BRANCA,1,"$51,90",KW CAMISETA M.CURTA BRANCA | 1
KIDDIES WORLD,CAMISETA,CAMISETA M.CURTA BRANCA,2,"$52,90",KW CAMISETA M.CURTA BRANCA | 2
KIDDIES WORLD,CAMISETA,CAMISETA M.CURTA BRANCA,4,"$53,90",KW CAMISETA M.CURTA BRANCA | 4
KIDDIES WORLD,CAMISETA,CAMISETA M.CURTA BRANCA,6,"$54,90",KW CAMISETA M.CURTA BRANCA | 6
KIDDIES WORLD,CAMISETA,CAMISETA M.CURTA BRANCA,8,"$55,90",KW CAMISETA M.CURTA BRANCA | 8
KIDDIES WORLD,CAMISETA,CAMISETA M.CURTA BRANCA,10,"$56,90",KW CAMISETA M.CURTA BRANCA | 10
KIDDIES WORLD,CAMISETA,CAMISETA M.CURTA BRANCA,12,"$57,90",KW CAMISETA M.CURTA BRANCA | 12
KIDDIES WORLD,CAMISETA,CAMISETA M.CURTA BRANCA,14,"$58,90",KW CAMISETA M.CURTA BRANCA | 14
KIDDIES WORLD,CAMISETA,CAMISETA M.CURTA VERDE,1,"$51,90",KW CAMISETA M.CURTA VERDE | 1
KIDDIES WORLD,CAMISETA,CAMISETA M.CURTA VERDE,2,"$52,90",KW CAMISETA M.CURTA VERDE | 2
KIDDIES WORLD,CAMISETA,CAMISETA M.CURTA VERDE,4,"$53,90",KW CAMISETA M.CURTA VERDE | 4
KIDDIES WORLD,CAMISETA,CAMISETA M.CURTA VERDE,6,"$54,90",KW CAMISETA M.CURTA VERDE | 6
KIDDIES WORLD,CAMISETA,CAMISETA M.CURTA VERDE,8,"$55,90",KW CAMISETA M.CURTA VERDE | 8
KIDDIES WORLD,CAMISETA,CAMISETA M.CURTA VERDE,10,"$56,90",KW CAMISETA M.CURTA VERDE | 10
KIDDIES WORLD,CAMISETA,CAMISETA M.CURTA VERDE,12,"$57,90",KW CAMISETA M.CURTA VERDE | 12
KIDDIES WORLD,CAMISETA,CAMISETA M.CURTA VERDE,14,"$58,90",KW CAMISETA M.CURTA VERDE | 14
KIDDIES WORLD,CAMISETA,CAMISETA M.LONGA AZUL,1,"$54,90",KW CAMISETA M.LONGA AZUL | 1
KIDDIES WORLD,CAMISETA,CAMISETA M.LONGA AZUL,2,"$57,90",KW CAMISETA M.LONGA AZUL | 2
KIDDIES WORLD,CAMISETA,CAMISETA M.LONGA AZUL,4,"$58,90",KW CAMISETA M.LONGA AZUL | 4
KIDDIES WORLD,CAMISETA,CAMISETA M.LONGA AZUL,6,"$59,90",KW CAMISETA M.LONGA AZUL | 6
KIDDIES WORLD,CAMISETA,CAMISETA M.LONGA AZUL,8,"$60,90",KW CAMISETA M.LONGA AZUL | 8
KIDDIES WORLD,CAMISETA,CAMISETA M.LONGA AZUL,10,"$61,90",KW CAMISETA M.LONGA AZUL | 10
KIDDIES WORLD,CAMISETA,CAMISETA M.LONGA AZUL,12,"$62,90",KW CAMISETA M.LONGA AZUL | 12
KIDDIES WORLD,CAMISETA,CAMISETA M.LONGA AZUL,14,"$63,90",KW CAMISETA M.LONGA AZUL | 14
KIDDIES WORLD,CAMISETA,CAMISETA M.LONGA BRANCA,1,"$54,90",KW CAMISETA M.LONGA BRANCA | 1
KIDDIES WORLD,CAMISETA,CAMISETA M.LONGA BRANCA,2,"$57,90",KW CAMISETA M.LONGA BRANCA | 2
KIDDIES WORLD,CAMISETA,CAMISETA M.LONGA BRANCA,4,"$58,90",KW CAMISETA M.LONGA BRANCA | 4
KIDDIES WORLD,CAMISETA,CAMISETA M.LONGA BRANCA,6,"$59,90",KW CAMISETA M.LONGA BRANCA | 6
KIDDIES WORLD,CAMISETA,CAMISETA M.LONGA BRANCA,8,"$60,90",KW CAMISETA M.LONGA BRANCA | 8
KIDDIES WORLD,CAMISETA,CAMISETA M.LONGA BRANCA,10,"$61,90",KW CAMISETA M.LONGA BRANCA | 10
KIDDIES WORLD,CAMISETA,CAMISETA M.LONGA BRANCA,12,"$58,90",KW CAMISETA M.LONGA BRANCA | 12
KIDDIES WORLD,CAMISETA,CAMISETA M.LONGA BRANCA,14,"$63,90",KW CAMISETA M.LONGA BRANCA | 14
KIDDIES WORLD,CAMISETA,CAMISETA M.LONGA VERDE,1,"$54,90",KW CAMISETA M.LONGA VERDE | 1
KIDDIES WORLD,CAMISETA,CAMISETA M.LONGA VERDE,2,"$57,90",KW CAMISETA M.LONGA VERDE | 2
KIDDIES WORLD,CAMISETA,CAMISETA M.LONGA VERDE,4,"$58,90",KW CAMISETA M.LONGA VERDE | 4
KIDDIES WORLD,CAMISETA,CAMISETA M.LONGA VERDE,6,"$59,90",KW CAMISETA M.LONGA VERDE | 6
KIDDIES WORLD,CAMISETA,CAMISETA M.LONGA VERDE,8,"$60,90",KW CAMISETA M.LONGA VERDE | 8
KIDDIES WORLD,CAMISETA,CAMISETA M.LONGA VERDE,10,"$61,90",KW CAMISETA M.LONGA VERDE | 10
KIDDIES WORLD,CAMISETA,CAMISETA M.LONGA VERDE,12,"$62,90",KW CAMISETA M.LONGA VERDE | 12
KIDDIES WORLD,CAMISETA,CAMISETA M.LONGA VERDE,14,"$63,90",KW CAMISETA M.LONGA VERDE | 14
KIDDIES WORLD,OUTROS,REGATA MACHAO AZUL,1,"$50,90",KW REGATA MACHAO AZUL | 1
KIDDIES WORLD,OUTROS,REGATA MACHAO AZUL,2,"$51,90",KW REGATA MACHAO AZUL | 2
KIDDIES WORLD,OUTROS,REGATA MACHAO AZUL,4,"$52,90",KW REGATA MACHAO AZUL | 4
KIDDIES WORLD,OUTROS,REGATA MACHAO AZUL,6,"$53,90",KW REGATA MACHAO AZUL | 6
KIDDIES WORLD,OUTROS,REGATA MACHAO AZUL,8,"$54,90",KW REGATA MACHAO AZUL | 8
KIDDIES WORLD,OUTROS,REGATA MACHAO AZUL,10,"$55,90",KW REGATA MACHAO AZUL | 10
KIDDIES WORLD,OUTROS,REGATA MACHAO AZUL,12,"$56,90",KW REGATA MACHAO AZUL | 12
KIDDIES WORLD,OUTROS,REGATA MACHAO AZUL,14,"$57,90",KW REGATA MACHAO AZUL | 14
KIDDIES WORLD,OUTROS,REGATA MACHAO BRANCA,1,"$50,90",KW REGATA MACHAO BRANCA | 1
KIDDIES WORLD,OUTROS,REGATA MACHAO BRANCA,2,"$51,90",KW REGATA MACHAO BRANCA | 2
KIDDIES WORLD,OUTROS,REGATA MACHAO BRANCA,4,"$52,90",KW REGATA MACHAO BRANCA | 4
KIDDIES WORLD,OUTROS,REGATA MACHAO BRANCA,6,"$53,90",KW REGATA MACHAO BRANCA | 6
KIDDIES WORLD,OUTROS,REGATA MACHAO BRANCA,8,"$54,90",KW REGATA MACHAO BRANCA | 8
KIDDIES WORLD,OUTROS,REGATA MACHAO BRANCA,10,"$55,90",KW REGATA MACHAO BRANCA | 10
KIDDIES WORLD,OUTROS,REGATA MACHAO BRANCA,12,"$56,90",KW REGATA MACHAO BRANCA | 12
KIDDIES WORLD,OUTROS,REGATA MACHAO BRANCA,14,"$57,90",KW REGATA MACHAO BRANCA | 14
KIDDIES WORLD,OUTROS,REGATA MACHAO VERDE,1,"$50,90",KW REGATA MACHAO VERDE | 1
KIDDIES WORLD,OUTROS,REGATA MACHAO VERDE,2,"$51,90",KW REGATA MACHAO VERDE | 2
KIDDIES WORLD,OUTROS,REGATA MACHAO VERDE,4,"$52,90",KW REGATA MACHAO VERDE | 4
KIDDIES WORLD,OUTROS,REGATA MACHAO VERDE,6,"$53,90",KW REGATA MACHAO VERDE | 6
KIDDIES WORLD,OUTROS,REGATA MACHAO VERDE,8,"$54,90",KW REGATA MACHAO VERDE | 8
KIDDIES WORLD,OUTROS,REGATA MACHAO VERDE,10,"$55,90",KW REGATA MACHAO VERDE | 10
KIDDIES WORLD,OUTROS,REGATA MACHAO VERDE,12,"$56,90",KW REGATA MACHAO VERDE | 12
KIDDIES WORLD,OUTROS,REGATA MACHAO VERDE,14,"$57,90",KW REGATA MACHAO VERDE | 14
KIDDIES WORLD,SAIA/SHORT,SHORT SAIA SUPLEX,1,"$76,90",KW SHORT SAIA SUPLEX | 1
KIDDIES WORLD,SAIA/SHORT,SHORT SAIA SUPLEX,2,"$77,90",KW SHORT SAIA SUPLEX | 2
KIDDIES WORLD,SAIA/SHORT,SHORT SAIA SUPLEX,4,"$79,90",KW SHORT SAIA SUPLEX | 4
KIDDIES WORLD,SAIA/SHORT,SHORT SAIA SUPLEX,6,"$82,90",KW SHORT SAIA SUPLEX | 6
KIDDIES WORLD,SAIA/SHORT,SHORT SAIA SUPLEX,8,"$83,90",KW SHORT SAIA SUPLEX | 8
KIDDIES WORLD,SAIA/SHORT,SHORT SAIA SUPLEX,10,"$84,90",KW SHORT SAIA SUPLEX | 10
KIDDIES WORLD,SAIA/SHORT,SHORT SAIA SUPLEX,12,"$85,90",KW SHORT SAIA SUPLEX | 12
KIDDIES WORLD,SAIA/SHORT,SHORT SAIA SUPLEX,14,"$86,90",KW SHORT SAIA SUPLEX | 14
KIDDIES WORLD,OUTROS,VESTIDO,PP,"$99,90",KW VESTIDO | PP
KIDDIES WORLD,OUTROS,VESTIDO,P,"$101,90",KW VESTIDO | P
KIDDIES WORLD,OUTROS,VESTIDO,M,"$103,90",KW VESTIDO | M
KIDDIES WORLD,OUTROS,VESTIDO,G,"$105,90",KW VESTIDO | G
KIDDIES WORLD,OUTROS,VESTIDO,GG,"$110,90",KW VESTIDO | GG
MAJOR TELMO,BERMUDA,BERMUDA CICLISTA,6,"$55,90",MAJOR TELMO BERMUDA CICLISTA | 6
MAJOR TELMO,BERMUDA,BERMUDA CICLISTA,8,"$58,90",MAJOR TELMO BERMUDA CICLISTA | 8
MAJOR TELMO,BERMUDA,BERMUDA CICLISTA,10,"$60,90",MAJOR TELMO BERMUDA CICLISTA | 10
MAJOR TELMO,BERMUDA,BERMUDA CICLISTA,12,"$62,90",MAJOR TELMO BERMUDA CICLISTA | 12
MAJOR TELMO,BERMUDA,BERMUDA CICLISTA,14,"$66,20",MAJOR TELMO BERMUDA CICLISTA | 14
MAJOR TELMO,BERMUDA,BERMUDA CICLISTA,P,"$69,90",MAJOR TELMO BERMUDA CICLISTA | P
MAJOR TELMO,BERMUDA,BERMUDA CICLISTA,M,"$73,90",MAJOR TELMO BERMUDA CICLISTA | M
MAJOR TELMO,BERMUDA,BERMUDA CICLISTA,G,"$75,90",MAJOR TELMO BERMUDA CICLISTA | G
MAJOR TELMO,BERMUDA,BERMUDA CICLISTA,GG,"$79,90",MAJOR TELMO BERMUDA CICLISTA | GG
MAJOR TELMO,BERMUDA,BERMUDA CICLISTA,EXG,"$95,90",MAJOR TELMO BERMUDA CICLISTA | EXG
MAJOR TELMO,BERMUDA,BERMUDA DE HELANCA,6,"$55,90",MAJOR TELMO BERMUDA DE HELANCA | 6
MAJOR TELMO,BERMUDA,BERMUDA DE HELANCA,8,"$58,90",MAJOR TELMO BERMUDA DE HELANCA | 8
MAJOR TELMO,BERMUDA,BERMUDA DE HELANCA,10,"$60,90",MAJOR TELMO BERMUDA DE HELANCA | 10
MAJOR TELMO,BERMUDA,BERMUDA DE HELANCA,12,"$62,90",MAJOR TELMO BERMUDA DE HELANCA | 12
MAJOR TELMO,BERMUDA,BERMUDA DE HELANCA,14,"$64,90",MAJOR TELMO BERMUDA DE HELANCA | 14
MAJOR TELMO,BERMUDA,BERMUDA DE HELANCA,P,"$69,90",MAJOR TELMO BERMUDA DE HELANCA | P
MAJOR TELMO,BERMUDA,BERMUDA DE HELANCA,M,"$73,90",MAJOR TELMO BERMUDA DE HELANCA | M
MAJOR TELMO,BERMUDA,BERMUDA DE HELANCA,G,"$75,90",MAJOR TELMO BERMUDA DE HELANCA | G
MAJOR TELMO,BERMUDA,BERMUDA DE HELANCA,GG,"$79,90",MAJOR TELMO BERMUDA DE HELANCA | GG
MAJOR TELMO,BERMUDA,BERMUDA DE HELANCA,EXG,"$89,90",MAJOR TELMO BERMUDA DE HELANCA | EXG
MAJOR TELMO,AGASALHO,BLUSÃO DE HELANCA,6,"$99,90",MAJOR TELMO BLUSÃO DE HELANCA | 06
MAJOR TELMO,AGASALHO,BLUSÃO DE HELANCA,8,"$104,90",MAJOR TELMO BLUSÃO DE HELANCA | 08
MAJOR TELMO,AGASALHO,BLUSÃO DE HELANCA,10,"$109,90",MAJOR TELMO BLUSÃO DE HELANCA | 10
MAJOR TELMO,AGASALHO,BLUSÃO DE HELANCA,12,"$113,50",MAJOR TELMO BLUSÃO DE HELANCA | 12
MAJOR TELMO,AGASALHO,BLUSÃO DE HELANCA,14,"$117,90",MAJOR TELMO BLUSÃO DE HELANCA | 14
MAJOR TELMO,AGASALHO,BLUSÃO DE HELANCA,P,"$123,50",MAJOR TELMO BLUSÃO DE HELANCA | P
MAJOR TELMO,AGASALHO,BLUSÃO DE HELANCA,M,"$129,80",MAJOR TELMO BLUSÃO DE HELANCA | M
MAJOR TELMO,AGASALHO,BLUSÃO DE HELANCA,G,"$132,90",MAJOR TELMO BLUSÃO DE HELANCA | G
MAJOR TELMO,AGASALHO,BLUSÃO DE HELANCA,GG,"$139,90",MAJOR TELMO BLUSÃO DE HELANCA | GG
MAJOR TELMO,AGASALHO,BLUSÃO DE HELANCA,EXG,"$149,90",MAJOR TELMO BLUSÃO DE HELANCA | EXG
MAJOR TELMO,AGASALHO,BLUSÃO DE HELANCA FLANELADO,6,"$110,50",MAJOR TELMO BLUSÃO DE HELANCA FLANELADO | 6
MAJOR TELMO,AGASALHO,BLUSÃO DE HELANCA FLANELADO,8,"$114,90",MAJOR TELMO BLUSÃO DE HELANCA FLANELADO | 8
MAJOR TELMO,AGASALHO,BLUSÃO DE HELANCA FLANELADO,10,"$119,90",MAJOR TELMO BLUSÃO DE HELANCA FLANELADO | 10
MAJOR TELMO,AGASALHO,BLUSÃO DE HELANCA FLANELADO,12,"$123,50",MAJOR TELMO BLUSÃO DE HELANCA FLANELADO | 12
MAJOR TELMO,AGASALHO,BLUSÃO DE HELANCA FLANELADO,14,"$127,90",MAJOR TELMO BLUSÃO DE HELANCA FLANELADO | 14
MAJOR TELMO,AGASALHO,BLUSÃO DE HELANCA FLANELADO,P,"$133,90",MAJOR TELMO BLUSÃO DE HELANCA FLANELADO | P
MAJOR TELMO,AGASALHO,BLUSÃO DE HELANCA FLANELADO,M,"$139,90",MAJOR TELMO BLUSÃO DE HELANCA FLANELADO | M
MAJOR TELMO,AGASALHO,BLUSÃO DE HELANCA FLANELADO,G,"$142,90",MAJOR TELMO BLUSÃO DE HELANCA FLANELADO | G
MAJOR TELMO,AGASALHO,BLUSÃO DE HELANCA FLANELADO,GG,"$149,90",MAJOR TELMO BLUSÃO DE HELANCA FLANELADO | GG
MAJOR TELMO,AGASALHO,BLUSÃO DE HELANCA FLANELADO,EXG,"$159,90",MAJOR TELMO BLUSÃO DE HELANCA FLANELADO | EXG
MAJOR TELMO,CALÇA,CALÇA DE HELANCA,6,"$67,90",MAJOR TELMO CALÇA DE HELANCA | 6
MAJOR TELMO,CALÇA,CALÇA DE HELANCA,8,"$69,90",MAJOR TELMO CALÇA DE HELANCA | 8
MAJOR TELMO,CALÇA,CALÇA DE HELANCA,10,"$73,90",MAJOR TELMO CALÇA DE HELANCA | 10
MAJOR TELMO,CALÇA,CALÇA DE HELANCA,12,"$75,90",MAJOR TELMO CALÇA DE HELANCA | 12
MAJOR TELMO,CALÇA,CALÇA DE HELANCA,14,"$79,90",MAJOR TELMO CALÇA DE HELANCA | 14
MAJOR TELMO,CALÇA,CALÇA DE HELANCA,P,"$83,90",MAJOR TELMO CALÇA DE HELANCA | P
MAJOR TELMO,CALÇA,CALÇA DE HELANCA,M,"$87,90",MAJOR TELMO CALÇA DE HELANCA | M
MAJOR TELMO,CALÇA,CALÇA DE HELANCA,G,"$89,90",MAJOR TELMO CALÇA DE HELANCA | G
MAJOR TELMO,CALÇA,CALÇA DE HELANCA,GG,"$92,90",MAJOR TELMO CALÇA DE HELANCA | GG
MAJOR TELMO,CALÇA,CALÇA DE HELANCA,EXG,"$102,90",MAJOR TELMO CALÇA DE HELANCA | EXG
MAJOR TELMO,CALÇA,CALÇA DE HELANCA FLANELADA,6,"$77,50",MAJOR TELMO CALÇA DE HELANCA FLANELADA | 6
MAJOR TELMO,CALÇA,CALÇA DE HELANCA FLANELADA,8,"$79,90",MAJOR TELMO CALÇA DE HELANCA FLANELADA | 8
MAJOR TELMO,CALÇA,CALÇA DE HELANCA FLANELADA,10,"$83,90",MAJOR TELMO CALÇA DE HELANCA FLANELADA | 10
MAJOR TELMO,CALÇA,CALÇA DE HELANCA FLANELADA,12,"$85,90",MAJOR TELMO CALÇA DE HELANCA FLANELADA | 12
MAJOR TELMO,CALÇA,CALÇA DE HELANCA FLANELADA,14,"$89,90",MAJOR TELMO CALÇA DE HELANCA FLANELADA | 14
MAJOR TELMO,CALÇA,CALÇA DE HELANCA FLANELADA,P,"$93,50",MAJOR TELMO CALÇA DE HELANCA FLANELADA | P
MAJOR TELMO,CALÇA,CALÇA DE HELANCA FLANELADA,M,"$97,90",MAJOR TELMO CALÇA DE HELANCA FLANELADA | M
MAJOR TELMO,CALÇA,CALÇA DE HELANCA FLANELADA,G,"$99,90",MAJOR TELMO CALÇA DE HELANCA FLANELADA | G
MAJOR TELMO,CALÇA,CALÇA DE HELANCA FLANELADA,GG,"$102,90",MAJOR TELMO CALÇA DE HELANCA FLANELADA | GG
MAJOR TELMO,CALÇA,CALÇA DE HELANCA FLANELADA,EXG,"$112,90",MAJOR TELMO CALÇA DE HELANCA FLANELADA | EXG
MAJOR TELMO,CALÇA,CALÇA LEGGING SUPLEX,6,"$65,90",MAJOR TELMO CALÇA LEGGING SUPLEX | 6
MAJOR TELMO,CALÇA,CALÇA LEGGING SUPLEX,8,"$70,50",MAJOR TELMO CALÇA LEGGING SUPLEX | 8
MAJOR TELMO,CALÇA,CALÇA LEGGING SUPLEX,10,"$76,90",MAJOR TELMO CALÇA LEGGING SUPLEX | 10
MAJOR TELMO,CALÇA,CALÇA LEGGING SUPLEX,12,"$80,20",MAJOR TELMO CALÇA LEGGING SUPLEX | 12
MAJOR TELMO,CALÇA,CALÇA LEGGING SUPLEX,14,"$86,90",MAJOR TELMO CALÇA LEGGING SUPLEX | 14
MAJOR TELMO,CALÇA,CALÇA LEGGING SUPLEX,P,"$90,30",MAJOR TELMO CALÇA LEGGING SUPLEX | P
MAJOR TELMO,CALÇA,CALÇA LEGGING SUPLEX,M,"$91,90",MAJOR TELMO CALÇA LEGGING SUPLEX | M
MAJOR TELMO,CALÇA,CALÇA LEGGING SUPLEX,G,"$93,70",MAJOR TELMO CALÇA LEGGING SUPLEX | G
MAJOR TELMO,CALÇA,CALÇA LEGGING SUPLEX,GG,"$102,50",MAJOR TELMO CALÇA LEGGING SUPLEX | GG
MAJOR TELMO,CALÇA,CALÇA LEGGING SUPLEX,EXG,"$112,90",MAJOR TELMO CALÇA LEGGING SUPLEX | EXG
MAJOR TELMO,CAMISETA,CAMISETA M.CURTA,6,"$40,90",MAJOR TELMO CAMISETA M.CURTA | 6
MAJOR TELMO,CAMISETA,CAMISETA M.CURTA,8,"$41,90",MAJOR TELMO CAMISETA M.CURTA | 8
MAJOR TELMO,CAMISETA,CAMISETA M.CURTA,10,"$43,90",MAJOR TELMO CAMISETA M.CURTA | 10
MAJOR TELMO,CAMISETA,CAMISETA M.CURTA,12,"$45,90",MAJOR TELMO CAMISETA M.CURTA | 12
MAJOR TELMO,CAMISETA,CAMISETA M.CURTA,14,"$47,90",MAJOR TELMO CAMISETA M.CURTA | 14
MAJOR TELMO,CAMISETA,CAMISETA M.CURTA,P,"$49,90",MAJOR TELMO CAMISETA M.CURTA | P
MAJOR TELMO,CAMISETA,CAMISETA M.CURTA,M,"$50,90",MAJOR TELMO CAMISETA M.CURTA | M
MAJOR TELMO,CAMISETA,CAMISETA M.CURTA,G,"$53,90",MAJOR TELMO CAMISETA M.CURTA | G
MAJOR TELMO,CAMISETA,CAMISETA M.CURTA,GG,"$56,90",MAJOR TELMO CAMISETA M.CURTA | GG
MAJOR TELMO,CAMISETA,CAMISETA M.CURTA,EXG,"$61,90",MAJOR TELMO CAMISETA M.CURTA | EXG
MAJOR TELMO,CAMISETA,CAMISETA M.LONGA,6,"$47,90",MAJOR TELMO CAMISETA M.LONGA | 6
MAJOR TELMO,CAMISETA,CAMISETA M.LONGA,8,"$48,90",MAJOR TELMO CAMISETA M.LONGA | 8
MAJOR TELMO,CAMISETA,CAMISETA M.LONGA,10,"$50,90",MAJOR TELMO CAMISETA M.LONGA | 10
MAJOR TELMO,CAMISETA,CAMISETA M.LONGA,12,"$52,90",MAJOR TELMO CAMISETA M.LONGA | 12
MAJOR TELMO,CAMISETA,CAMISETA M.LONGA,14,"$54,90",MAJOR TELMO CAMISETA M.LONGA | 14
MAJOR TELMO,CAMISETA,CAMISETA M.LONGA,P,"$56,90",MAJOR TELMO CAMISETA M.LONGA | P
MAJOR TELMO,CAMISETA,CAMISETA M.LONGA,M,"$58,90",MAJOR TELMO CAMISETA M.LONGA | M
MAJOR TELMO,CAMISETA,CAMISETA M.LONGA,G,"$62,90",MAJOR TELMO CAMISETA M.LONGA | G
MAJOR TELMO,CAMISETA,CAMISETA M.LONGA,GG,"$64,90",MAJOR TELMO CAMISETA M.LONGA | GG
MAJOR TELMO,CAMISETA,CAMISETA M.LONGA,EXG,"$70,90",MAJOR TELMO CAMISETA M.LONGA | EXG
PEQUENOS GIRASSÓIS,BERMUDA,BERMUDA CICLISTA SUPLEX,1,"$70,90",PEQUENOS GIRASSÓIS BERMUDA CICLISTA SUPLEX | 01
PEQUENOS GIRASSÓIS,BERMUDA,BERMUDA CICLISTA SUPLEX,2,"$72,90",PEQUENOS GIRASSÓIS BERMUDA CICLISTA SUPLEX | 02
PEQUENOS GIRASSÓIS,BERMUDA,BERMUDA CICLISTA SUPLEX,4,"$74,90",PEQUENOS GIRASSÓIS BERMUDA CICLISTA SUPLEX | 04
PEQUENOS GIRASSÓIS,BERMUDA,BERMUDA CICLISTA SUPLEX,6,"$75,90",PEQUENOS GIRASSÓIS BERMUDA CICLISTA SUPLEX | 06
PEQUENOS GIRASSÓIS,BERMUDA,BERMUDA CICLISTA SUPLEX,8,"$76,90",PEQUENOS GIRASSÓIS BERMUDA CICLISTA SUPLEX | 08
PEQUENOS GIRASSÓIS,BERMUDA,BERMUDA CICLISTA SUPLEX,10,"$77,90",PEQUENOS GIRASSÓIS BERMUDA CICLISTA SUPLEX | 10
PEQUENOS GIRASSÓIS,BERMUDA,BERMUDA CICLISTA SUPLEX,12,"$79,90",PEQUENOS GIRASSÓIS BERMUDA CICLISTA SUPLEX | 12
PEQUENOS GIRASSÓIS,BERMUDA,BERMUDA CICLISTA SUPLEX,14,"$82,90",PEQUENOS GIRASSÓIS BERMUDA CICLISTA SUPLEX | 14
PEQUENOS GIRASSÓIS,BERMUDA,BERMUDA DE HELANCA,1,"$65,90",PEQUENOS GIRASSÓIS BERMUDA DE HELANCA | 01
PEQUENOS GIRASSÓIS,BERMUDA,BERMUDA DE HELANCA,2,"$66,90",PEQUENOS GIRASSÓIS BERMUDA DE HELANCA | 02
PEQUENOS GIRASSÓIS,BERMUDA,BERMUDA DE HELANCA,4,"$67,90",PEQUENOS GIRASSÓIS BERMUDA DE HELANCA | 04
PEQUENOS GIRASSÓIS,BERMUDA,BERMUDA DE HELANCA,6,"$69,90",PEQUENOS GIRASSÓIS BERMUDA DE HELANCA | 06
PEQUENOS GIRASSÓIS,BERMUDA,BERMUDA DE HELANCA,8,"$70,90",PEQUENOS GIRASSÓIS BERMUDA DE HELANCA | 08
PEQUENOS GIRASSÓIS,BERMUDA,BERMUDA DE HELANCA,10,"$72,90",PEQUENOS GIRASSÓIS BERMUDA DE HELANCA | 10
PEQUENOS GIRASSÓIS,BERMUDA,BERMUDA DE HELANCA,12,"$74,90",PEQUENOS GIRASSÓIS BERMUDA DE HELANCA | 12
PEQUENOS GIRASSÓIS,BERMUDA,BERMUDA DE HELANCA,14,"$76,90",PEQUENOS GIRASSÓIS BERMUDA DE HELANCA | 14
PEQUENOS GIRASSÓIS,AGASALHO,BLUSAO DE HELANCA,1,"$139,90",PEQUENOS GIRASSÓIS BLUSAO DE HELANCA | 01
PEQUENOS GIRASSÓIS,AGASALHO,BLUSAO DE HELANCA,2,"$142,90",PEQUENOS GIRASSÓIS BLUSAO DE HELANCA | 02
PEQUENOS GIRASSÓIS,AGASALHO,BLUSAO DE HELANCA,4,"$145,90",PEQUENOS GIRASSÓIS BLUSAO DE HELANCA | 04
PEQUENOS GIRASSÓIS,AGASALHO,BLUSAO DE HELANCA,6,"$149,90",PEQUENOS GIRASSÓIS BLUSAO DE HELANCA | 06
PEQUENOS GIRASSÓIS,AGASALHO,BLUSAO DE HELANCA,8,"$154,90",PEQUENOS GIRASSÓIS BLUSAO DE HELANCA | 08
PEQUENOS GIRASSÓIS,AGASALHO,BLUSAO DE HELANCA,10,"$159,90",PEQUENOS GIRASSÓIS BLUSAO DE HELANCA | 10
PEQUENOS GIRASSÓIS,AGASALHO,BLUSAO DE HELANCA,12,"$162,90",PEQUENOS GIRASSÓIS BLUSAO DE HELANCA | 12
PEQUENOS GIRASSÓIS,AGASALHO,BLUSAO DE HELANCA,14,"$165,90",PEQUENOS GIRASSÓIS BLUSAO DE HELANCA | 14
PEQUENOS GIRASSÓIS,AGASALHO,BLUSAO DE HELANCA FLANELADO,1,"$149,90",PEQUENOS GIRASSÓIS BLUSAO DE HELANCA FLANELADO | 1
PEQUENOS GIRASSÓIS,AGASALHO,BLUSAO DE HELANCA FLANELADO,2,"$152,90",PEQUENOS GIRASSÓIS BLUSAO DE HELANCA FLANELADO | 2
PEQUENOS GIRASSÓIS,AGASALHO,BLUSAO DE HELANCA FLANELADO,4,"$155,90",PEQUENOS GIRASSÓIS BLUSAO DE HELANCA FLANELADO | 4
PEQUENOS GIRASSÓIS,AGASALHO,BLUSAO DE HELANCA FLANELADO,6,"$159,90",PEQUENOS GIRASSÓIS BLUSAO DE HELANCA FLANELADO | 6
PEQUENOS GIRASSÓIS,AGASALHO,BLUSAO DE HELANCA FLANELADO,8,"$164,90",PEQUENOS GIRASSÓIS BLUSAO DE HELANCA FLANELADO | 8
PEQUENOS GIRASSÓIS,AGASALHO,BLUSAO DE HELANCA FLANELADO,10,"$169,90",PEQUENOS GIRASSÓIS BLUSAO DE HELANCA FLANELADO | 10
PEQUENOS GIRASSÓIS,AGASALHO,BLUSAO DE HELANCA FLANELADO,12,"$172,90",PEQUENOS GIRASSÓIS BLUSAO DE HELANCA FLANELADO | 12
PEQUENOS GIRASSÓIS,AGASALHO,BLUSAO DE HELANCA FLANELADO,14,"$175,90",PEQUENOS GIRASSÓIS BLUSAO DE HELANCA FLANELADO | 14
PEQUENOS GIRASSÓIS,CALÇA,CALÇA DE HELANCA,1,"$85,90",PEQUENOS GIRASSÓIS CALÇA DE HELANCA | 01
PEQUENOS GIRASSÓIS,CALÇA,CALÇA DE HELANCA,2,"$86,90",PEQUENOS GIRASSÓIS CALÇA DE HELANCA | 02
PEQUENOS GIRASSÓIS,CALÇA,CALÇA DE HELANCA,4,"$86,90",PEQUENOS GIRASSÓIS CALÇA DE HELANCA | 04
PEQUENOS GIRASSÓIS,CALÇA,CALÇA DE HELANCA,6,"$89,90",PEQUENOS GIRASSÓIS CALÇA DE HELANCA | 06
PEQUENOS GIRASSÓIS,CALÇA,CALÇA DE HELANCA,8,"$92,90",PEQUENOS GIRASSÓIS CALÇA DE HELANCA | 08
PEQUENOS GIRASSÓIS,CALÇA,CALÇA DE HELANCA,10,"$94,90",PEQUENOS GIRASSÓIS CALÇA DE HELANCA | 10
PEQUENOS GIRASSÓIS,CALÇA,CALÇA DE HELANCA,12,"$97,90",PEQUENOS GIRASSÓIS CALÇA DE HELANCA | 12
PEQUENOS GIRASSÓIS,CALÇA,CALÇA DE HELANCA,14,"$102,10",PEQUENOS GIRASSÓIS CALÇA DE HELANCA | 14
PEQUENOS GIRASSÓIS,CALÇA,CALÇA DE HELANCA FLANELADA,1,"$95,90",PEQUENOS GIRASSÓIS CALÇA DE HELANCA FLANELADA | 1
PEQUENOS GIRASSÓIS,CALÇA,CALÇA DE HELANCA FLANELADA,2,"$96,90",PEQUENOS GIRASSÓIS CALÇA DE HELANCA FLANELADA | 2
PEQUENOS GIRASSÓIS,CALÇA,CALÇA DE HELANCA FLANELADA,4,"$97,90",PEQUENOS GIRASSÓIS CALÇA DE HELANCA FLANELADA | 4
PEQUENOS GIRASSÓIS,CALÇA,CALÇA DE HELANCA FLANELADA,6,"$99,90",PEQUENOS GIRASSÓIS CALÇA DE HELANCA FLANELADA | 6
PEQUENOS GIRASSÓIS,CALÇA,CALÇA DE HELANCA FLANELADA,8,"$102,90",PEQUENOS GIRASSÓIS CALÇA DE HELANCA FLANELADA | 8
PEQUENOS GIRASSÓIS,CALÇA,CALÇA DE HELANCA FLANELADA,10,"$104,90",PEQUENOS GIRASSÓIS CALÇA DE HELANCA FLANELADA | 10
PEQUENOS GIRASSÓIS,CALÇA,CALÇA DE HELANCA FLANELADA,12,"$107,70",PEQUENOS GIRASSÓIS CALÇA DE HELANCA FLANELADA | 12
PEQUENOS GIRASSÓIS,CALÇA,CALÇA DE HELANCA FLANELADA,14,"$112,10",PEQUENOS GIRASSÓIS CALÇA DE HELANCA FLANELADA | 14
PEQUENOS GIRASSÓIS,CALÇA,CALÇA LEGGING SUPLEX,1,"$81,90",PEQUENOS GIRASSÓIS CALÇA LEGGING SUPLEX | 01
PEQUENOS GIRASSÓIS,CALÇA,CALÇA LEGGING SUPLEX,2,"$82,90",PEQUENOS GIRASSÓIS CALÇA LEGGING SUPLEX | 02
PEQUENOS GIRASSÓIS,CALÇA,CALÇA LEGGING SUPLEX,4,"$84,90",PEQUENOS GIRASSÓIS CALÇA LEGGING SUPLEX | 04
PEQUENOS GIRASSÓIS,CALÇA,CALÇA LEGGING SUPLEX,6,"$85,90",PEQUENOS GIRASSÓIS CALÇA LEGGING SUPLEX | 06
PEQUENOS GIRASSÓIS,CALÇA,CALÇA LEGGING SUPLEX,8,"$89,90",PEQUENOS GIRASSÓIS CALÇA LEGGING SUPLEX | 08
PEQUENOS GIRASSÓIS,CALÇA,CALÇA LEGGING SUPLEX,10,"$93,90",PEQUENOS GIRASSÓIS CALÇA LEGGING SUPLEX | 10
PEQUENOS GIRASSÓIS,CALÇA,CALÇA LEGGING SUPLEX,12,"$97,90",PEQUENOS GIRASSÓIS CALÇA LEGGING SUPLEX | 12
PEQUENOS GIRASSÓIS,CALÇA,CALÇA LEGGING SUPLEX,14,"$104,90",PEQUENOS GIRASSÓIS CALÇA LEGGING SUPLEX | 14
PEQUENOS GIRASSÓIS,CAMISETA,CAMISETA M.C.AMARELA,1,"$51,90",PEQUENOS GIRASSÓIS CAMISETA M.C.AMARELA | 01
PEQUENOS GIRASSÓIS,CAMISETA,CAMISETA M.C.AMARELA,2,"$52,90",PEQUENOS GIRASSÓIS CAMISETA M.C.AMARELA | 02
PEQUENOS GIRASSÓIS,CAMISETA,CAMISETA M.C.AMARELA,4,"$53,90",PEQUENOS GIRASSÓIS CAMISETA M.C.AMARELA | 04
PEQUENOS GIRASSÓIS,CAMISETA,CAMISETA M.C.AMARELA,6,"$54,90",PEQUENOS GIRASSÓIS CAMISETA M.C.AMARELA | 06
PEQUENOS GIRASSÓIS,CAMISETA,CAMISETA M.C.AMARELA,8,"$55,90",PEQUENOS GIRASSÓIS CAMISETA M.C.AMARELA | 08
PEQUENOS GIRASSÓIS,CAMISETA,CAMISETA M.C.AMARELA,10,"$56,90",PEQUENOS GIRASSÓIS CAMISETA M.C.AMARELA | 10
PEQUENOS GIRASSÓIS,CAMISETA,CAMISETA M.C.AMARELA,12,"$57,90",PEQUENOS GIRASSÓIS CAMISETA M.C.AMARELA | 12
PEQUENOS GIRASSÓIS,CAMISETA,CAMISETA M.C.AMARELA,14,"$58,90",PEQUENOS GIRASSÓIS CAMISETA M.C.AMARELA | 14
PEQUENOS GIRASSÓIS,CAMISETA,CAMISETA M.C.BRANCA,1,"$51,90",PEQUENOS GIRASSÓIS CAMISETA M.C.BRANCA | 01
PEQUENOS GIRASSÓIS,CAMISETA,CAMISETA M.C.BRANCA,2,"$52,90",PEQUENOS GIRASSÓIS CAMISETA M.C.BRANCA | 02
PEQUENOS GIRASSÓIS,CAMISETA,CAMISETA M.C.BRANCA,4,"$53,90",PEQUENOS GIRASSÓIS CAMISETA M.C.BRANCA | 04
PEQUENOS GIRASSÓIS,CAMISETA,CAMISETA M.C.BRANCA,6,"$54,90",PEQUENOS GIRASSÓIS CAMISETA M.C.BRANCA | 06
PEQUENOS GIRASSÓIS,CAMISETA,CAMISETA M.C.BRANCA,8,"$55,90",PEQUENOS GIRASSÓIS CAMISETA M.C.BRANCA | 08
PEQUENOS GIRASSÓIS,CAMISETA,CAMISETA M.C.BRANCA,10,"$56,90",PEQUENOS GIRASSÓIS CAMISETA M.C.BRANCA | 10
PEQUENOS GIRASSÓIS,CAMISETA,CAMISETA M.C.BRANCA,12,"$57,90",PEQUENOS GIRASSÓIS CAMISETA M.C.BRANCA | 12
PEQUENOS GIRASSÓIS,CAMISETA,CAMISETA M.C.BRANCA,14,"$58,90",PEQUENOS GIRASSÓIS CAMISETA M.C.BRANCA | 14
PEQUENOS GIRASSÓIS,CAMISETA,CAMISETA M.L.AMARELA,1,"$54,90",PEQUENOS GIRASSÓIS CAMISETA M.L.AMARELA | 01
PEQUENOS GIRASSÓIS,CAMISETA,CAMISETA M.L.AMARELA,2,"$57,90",PEQUENOS GIRASSÓIS CAMISETA M.L.AMARELA | 02
PEQUENOS GIRASSÓIS,CAMISETA,CAMISETA M.L.AMARELA,4,"$58,90",PEQUENOS GIRASSÓIS CAMISETA M.L.AMARELA | 04
PEQUENOS GIRASSÓIS,CAMISETA,CAMISETA M.L.AMARELA,6,"$59,90",PEQUENOS GIRASSÓIS CAMISETA M.L.AMARELA | 06
PEQUENOS GIRASSÓIS,CAMISETA,CAMISETA M.L.AMARELA,8,"$60,90",PEQUENOS GIRASSÓIS CAMISETA M.L.AMARELA | 08
PEQUENOS GIRASSÓIS,CAMISETA,CAMISETA M.L.AMARELA,10,"$61,90",PEQUENOS GIRASSÓIS CAMISETA M.L.AMARELA | 10
PEQUENOS GIRASSÓIS,CAMISETA,CAMISETA M.L.AMARELA,12,"$62,90",PEQUENOS GIRASSÓIS CAMISETA M.L.AMARELA | 12
PEQUENOS GIRASSÓIS,CAMISETA,CAMISETA M.L.AMARELA,14,"$63,90",PEQUENOS GIRASSÓIS CAMISETA M.L.AMARELA | 14
PEQUENOS GIRASSÓIS,CAMISETA,CAMISETA M.L.BRANCA,1,"$54,90",PEQUENOS GIRASSÓIS CAMISETA M.L.BRANCA | 01
PEQUENOS GIRASSÓIS,CAMISETA,CAMISETA M.L.BRANCA,2,"$57,90",PEQUENOS GIRASSÓIS CAMISETA M.L.BRANCA | 02
PEQUENOS GIRASSÓIS,CAMISETA,CAMISETA M.L.BRANCA,4,"$58,90",PEQUENOS GIRASSÓIS CAMISETA M.L.BRANCA | 04
PEQUENOS GIRASSÓIS,CAMISETA,CAMISETA M.L.BRANCA,6,"$59,90",PEQUENOS GIRASSÓIS CAMISETA M.L.BRANCA | 06
PEQUENOS GIRASSÓIS,CAMISETA,CAMISETA M.L.BRANCA,8,"$60,90",PEQUENOS GIRASSÓIS CAMISETA M.L.BRANCA | 08
PEQUENOS GIRASSÓIS,CAMISETA,CAMISETA M.L.BRANCA,10,"$61,90",PEQUENOS GIRASSÓIS CAMISETA M.L.BRANCA | 10
PEQUENOS GIRASSÓIS,CAMISETA,CAMISETA M.L.BRANCA,12,"$62,90",PEQUENOS GIRASSÓIS CAMISETA M.L.BRANCA | 12
PEQUENOS GIRASSÓIS,CAMISETA,CAMISETA M.L.BRANCA,14,"$63,90",PEQUENOS GIRASSÓIS CAMISETA M.L.BRANCA | 14
PEQUENOS GIRASSÓIS,OUTROS,NADADOR BRANCA,PP,"$49,90",PEQUENOS GIRASSÓIS NADADOR BRANCA | PP
PEQUENOS GIRASSÓIS,OUTROS,NADADOR BRANCA,P,"$50,90",PEQUENOS GIRASSÓIS NADADOR BRANCA | P
PEQUENOS GIRASSÓIS,OUTROS,NADADOR BRANCA,M,"$51,90",PEQUENOS GIRASSÓIS NADADOR BRANCA | M
PEQUENOS GIRASSÓIS,OUTROS,NADADOR BRANCA,G,"$53,90",PEQUENOS GIRASSÓIS NADADOR BRANCA | G
PEQUENOS GIRASSÓIS,OUTROS,NADADOR BRANCA,GG,"$54,90",PEQUENOS GIRASSÓIS NADADOR BRANCA | GG
PEQUENOS GIRASSÓIS,OUTROS,REGATA MACHAO AMARELA,1,"$50,90",PEQUENOS GIRASSÓIS REGATA MACHAO AMARELA | 01
PEQUENOS GIRASSÓIS,OUTROS,REGATA MACHAO AMARELA,2,"$51,90",PEQUENOS GIRASSÓIS REGATA MACHAO AMARELA | 02
PEQUENOS GIRASSÓIS,OUTROS,REGATA MACHAO AMARELA,4,"$52,90",PEQUENOS GIRASSÓIS REGATA MACHAO AMARELA | 04
PEQUENOS GIRASSÓIS,OUTROS,REGATA MACHAO AMARELA,6,"$53,90",PEQUENOS GIRASSÓIS REGATA MACHAO AMARELA | 06
PEQUENOS GIRASSÓIS,OUTROS,REGATA MACHAO AMARELA,8,"$54,90",PEQUENOS GIRASSÓIS REGATA MACHAO AMARELA | 08
PEQUENOS GIRASSÓIS,OUTROS,REGATA MACHAO AMARELA,10,"$55,90",PEQUENOS GIRASSÓIS REGATA MACHAO AMARELA | 10
PEQUENOS GIRASSÓIS,OUTROS,REGATA MACHAO AMARELA,12,"$56,90",PEQUENOS GIRASSÓIS REGATA MACHAO AMARELA | 12
PEQUENOS GIRASSÓIS,OUTROS,REGATA MACHAO AMARELA,14,"$57,90",PEQUENOS GIRASSÓIS REGATA MACHAO AMARELA | 14
PEQUENOS GIRASSÓIS,OUTROS,REGATA MACHAO BRANCA,1,"$50,90",PEQUENOS GIRASSÓIS REGATA MACHAO BRANCA | 01
PEQUENOS GIRASSÓIS,OUTROS,REGATA MACHAO BRANCA,2,"$51,90",PEQUENOS GIRASSÓIS REGATA MACHAO BRANCA | 02
PEQUENOS GIRASSÓIS,OUTROS,REGATA MACHAO BRANCA,4,"$52,90",PEQUENOS GIRASSÓIS REGATA MACHAO BRANCA | 04
PEQUENOS GIRASSÓIS,OUTROS,REGATA MACHAO BRANCA,6,"$53,90",PEQUENOS GIRASSÓIS REGATA MACHAO BRANCA | 06
PEQUENOS GIRASSÓIS,OUTROS,REGATA MACHAO BRANCA,8,"$54,90",PEQUENOS GIRASSÓIS REGATA MACHAO BRANCA | 08
PEQUENOS GIRASSÓIS,OUTROS,REGATA MACHAO BRANCA,10,"$55,90",PEQUENOS GIRASSÓIS REGATA MACHAO BRANCA | 10
PEQUENOS GIRASSÓIS,OUTROS,REGATA MACHAO BRANCA,12,"$56,90",PEQUENOS GIRASSÓIS REGATA MACHAO BRANCA | 12
PEQUENOS GIRASSÓIS,OUTROS,REGATA MACHAO BRANCA,14,"$57,90",PEQUENOS GIRASSÓIS REGATA MACHAO BRANCA | 14
PEQUENOS GIRASSÓIS,SAIA/SHORT,SHORT SAIA,1,"$76,90",PEQUENOS GIRASSÓIS SHORT SAIA | 01
PEQUENOS GIRASSÓIS,SAIA/SHORT,SHORT SAIA,2,"$77,90",PEQUENOS GIRASSÓIS SHORT SAIA | 02
PEQUENOS GIRASSÓIS,SAIA/SHORT,SHORT SAIA,4,"$79,90",PEQUENOS GIRASSÓIS SHORT SAIA | 04
PEQUENOS GIRASSÓIS,SAIA/SHORT,SHORT SAIA,6,"$82,90",PEQUENOS GIRASSÓIS SHORT SAIA | 06
PEQUENOS GIRASSÓIS,SAIA/SHORT,SHORT SAIA,8,"$83,90",PEQUENOS GIRASSÓIS SHORT SAIA | 08
PEQUENOS GIRASSÓIS,SAIA/SHORT,SHORT SAIA,10,"$84,90",PEQUENOS GIRASSÓIS SHORT SAIA | 10
PEQUENOS GIRASSÓIS,SAIA/SHORT,SHORT SAIA,12,"$85,90",PEQUENOS GIRASSÓIS SHORT SAIA | 12
PEQUENOS GIRASSÓIS,SAIA/SHORT,SHORT SAIA,14,"$86,90",PEQUENOS GIRASSÓIS SHORT SAIA | 14
SA,BERMUDA,BERMUDA CICLISTA,1,"$70,90",SA BERMUDA CICLISTA | 01
SA,BERMUDA,BERMUDA CICLISTA,2,"$72,90",SA BERMUDA CICLISTA | 02
SA,BERMUDA,BERMUDA CICLISTA,4,"$74,90",SA BERMUDA CICLISTA | 04
SA,BERMUDA,BERMUDA CICLISTA,6,"$75,90",SA BERMUDA CICLISTA | 06
SA,BERMUDA,BERMUDA CICLISTA,8,"$76,90",SA BERMUDA CICLISTA | 08
SA,BERMUDA,BERMUDA CICLISTA,10,"$77,90",SA BERMUDA CICLISTA | 10
SA,BERMUDA,BERMUDA CICLISTA,12,"$79,90",SA BERMUDA CICLISTA | 12
SA,BERMUDA,BERMUDA CICLISTA,14,"$82,90",SA BERMUDA CICLISTA | 14
SA,BERMUDA,BERMUDA DE HELANCA,1,"$65,90",SA BERMUDA DE HELANCA | 1
SA,BERMUDA,BERMUDA DE HELANCA,2,"$66,90",SA BERMUDA DE HELANCA | 2
SA,BERMUDA,BERMUDA DE HELANCA,4,"$67,90",SA BERMUDA DE HELANCA | 4
SA,BERMUDA,BERMUDA DE HELANCA,6,"$69,90",SA BERMUDA DE HELANCA | 6
SA,BERMUDA,BERMUDA DE HELANCA,8,"$70,90",SA BERMUDA DE HELANCA | 8
SA,BERMUDA,BERMUDA DE HELANCA,10,"$72,90",SA BERMUDA DE HELANCA | 10
SA,BERMUDA,BERMUDA DE HELANCA,12,"$74,90",SA BERMUDA DE HELANCA | 12
SA,BERMUDA,BERMUDA DE HELANCA,14,"$76,90",SA BERMUDA DE HELANCA | 14
SA,AGASALHO,BLUSAO DE HELANCA,1,"$139,90",SA BLUSAO DE HELANCA | 1
SA,AGASALHO,BLUSAO DE HELANCA,2,"$142,90",SA BLUSAO DE HELANCA | 2
SA,AGASALHO,BLUSAO DE HELANCA,4,"$145,90",SA BLUSAO DE HELANCA | 4
SA,AGASALHO,BLUSAO DE HELANCA,6,"$149,90",SA BLUSAO DE HELANCA | 6
SA,AGASALHO,BLUSAO DE HELANCA,8,"$154,90",SA BLUSAO DE HELANCA | 8
SA,AGASALHO,BLUSAO DE HELANCA,10,"$159,90",SA BLUSAO DE HELANCA | 10
SA,AGASALHO,BLUSAO DE HELANCA,12,"$162,90",SA BLUSAO DE HELANCA | 12
SA,AGASALHO,BLUSAO DE HELANCA,14,"$165,90",SA BLUSAO DE HELANCA | 14
SA,AGASALHO,BLUSAO DE HELANCA FLANELADO,1,"$149,90",SA BLUSAO DE HELANCA FLANELADO | 1
SA,AGASALHO,BLUSAO DE HELANCA FLANELADO,2,"$152,90",SA BLUSAO DE HELANCA FLANELADO | 2
SA,AGASALHO,BLUSAO DE HELANCA FLANELADO,4,"$155,90",SA BLUSAO DE HELANCA FLANELADO | 4
SA,AGASALHO,BLUSAO DE HELANCA FLANELADO,6,"$159,90",SA BLUSAO DE HELANCA FLANELADO | 6
SA,AGASALHO,BLUSAO DE HELANCA FLANELADO,8,"$164,90",SA BLUSAO DE HELANCA FLANELADO | 8
SA,AGASALHO,BLUSAO DE HELANCA FLANELADO,10,"$169,90",SA BLUSAO DE HELANCA FLANELADO | 10
SA,AGASALHO,BLUSAO DE HELANCA FLANELADO,12,"$172,90",SA BLUSAO DE HELANCA FLANELADO | 12
SA,AGASALHO,BLUSAO DE HELANCA FLANELADO,14,"$175,90",SA BLUSAO DE HELANCA FLANELADO | 14
SA,CALÇA,CALÇA DE HELANCA,1,"$85,90",SA CALÇA DE HELANCA | 1
SA,CALÇA,CALÇA DE HELANCA,2,"$86,90",SA CALÇA DE HELANCA | 2
SA,CALÇA,CALÇA DE HELANCA,4,"$87,90",SA CALÇA DE HELANCA | 4
SA,CALÇA,CALÇA DE HELANCA,6,"$89,90",SA CALÇA DE HELANCA | 6
SA,CALÇA,CALÇA DE HELANCA,8,"$92,90",SA CALÇA DE HELANCA | 8
SA,CALÇA,CALÇA DE HELANCA,10,"$94,90",SA CALÇA DE HELANCA | 10
SA,CALÇA,CALÇA DE HELANCA,12,"$97,90",SA CALÇA DE HELANCA | 12
SA,CALÇA,CALÇA DE HELANCA,14,"$102,10",SA CALÇA DE HELANCA | 14
SA,CALÇA,CALÇA DE HELANCA FLANELADA,1,"$95,90",SA CALÇA DE HELANCA FLANELADA | 1
SA,CALÇA,CALÇA DE HELANCA FLANELADA,2,"$96,90",SA CALÇA DE HELANCA FLANELADA | 2
SA,CALÇA,CALÇA DE HELANCA FLANELADA,4,"$97,90",SA CALÇA DE HELANCA FLANELADA | 4
SA,CALÇA,CALÇA DE HELANCA FLANELADA,6,"$99,90",SA CALÇA DE HELANCA FLANELADA | 6
SA,CALÇA,CALÇA DE HELANCA FLANELADA,8,"$102,90",SA CALÇA DE HELANCA FLANELADA | 8
SA,CALÇA,CALÇA DE HELANCA FLANELADA,10,"$104,90",SA CALÇA DE HELANCA FLANELADA | 10
SA,CALÇA,CALÇA DE HELANCA FLANELADA,12,"$107,90",SA CALÇA DE HELANCA FLANELADA | 12
SA,CALÇA,CALÇA DE HELANCA FLANELADA,14,"$112,90",SA CALÇA DE HELANCA FLANELADA | 14
SA,CALÇA,CALÇA BAILARINA SUPLEX,1,"$86,90",SA CALÇA. BAILARINA SUPLEX | 1
SA,CALÇA,CALÇA BAILARINA SUPLEX,2,"$87,90",SA CALÇA. BAILARINA SUPLEX | 2
SA,CALÇA,CALÇA BAILARINA SUPLEX,4,"$89,90",SA CALÇA. BAILARINA SUPLEX | 4
SA,CALÇA,CALÇA BAILARINA SUPLEX,6,"$90,90",SA CALÇA. BAILARINA SUPLEX | 6
SA,CALÇA,CALÇA BAILARINA SUPLEX,8,"$94,90",SA CALÇA. BAILARINA SUPLEX | 8
SA,CALÇA,CALÇA BAILARINA SUPLEX,10,"$98,90",SA CALÇA. BAILARINA SUPLEX | 10
SA,CALÇA,CALÇA BAILARINA SUPLEX,12,"$102,90",SA CALÇA. BAILARINA SUPLEX | 12
SA,CALÇA,CALÇA BAILARINA SUPLEX,14,"$109,90",SA CALÇA. BAILARINA SUPLEX | 14
SA,CALÇA,CALÇA BAILARINA SUPLEX FLANELADA,1,"$96,90",SA CALÇA. BAILARINA SUPLEX FLANELADA | 01
SA,CALÇA,CALÇA BAILARINA SUPLEX FLANELADA,2,"$97,90",SA CALÇA. BAILARINA SUPLEX FLANELADA | 02
SA,CALÇA,CALÇA BAILARINA SUPLEX FLANELADA,4,"$99,90",SA CALÇA. BAILARINA SUPLEX FLANELADA | 04
SA,CALÇA,CALÇA BAILARINA SUPLEX FLANELADA,6,"$100,90",SA CALÇA. BAILARINA SUPLEX FLANELADA | 06
SA,CALÇA,CALÇA BAILARINA SUPLEX FLANELADA,8,"$104,90",SA CALÇA. BAILARINA SUPLEX FLANELADA | 08
SA,CALÇA,CALÇA BAILARINA SUPLEX FLANELADA,10,"$108,90",SA CALÇA. BAILARINA SUPLEX FLANELADA | 10
SA,CALÇA,CALÇA BAILARINA SUPLEX FLANELADA,12,"$112,90",SA CALÇA. BAILARINA SUPLEX FLANELADA | 12
SA,CALÇA,CALÇA BAILARINA SUPLEX FLANELADA,14,"$119,90",SA CALÇA. BAILARINA SUPLEX FLANELADA | 14
SA,CALÇA,CALÇA BAILARINA SUPLEX FLANELADA,P,"$127,90",SA CALÇA. BAILARINA SUPLEX FLANELADA | P
SA,CALÇA,CALÇA BAILARINA SUPLEX FLANELADA,M,"$129,90",SA CALÇA. BAILARINA SUPLEX FLANELADA | M
SA,CALÇA,CALÇA BAILARINA SUPLEX FLANELADA,G,"$134,90",SA CALÇA. BAILARINA SUPLEX FLANELADA | G
SA,CALÇA,CALÇA BAILARINA SUPLEX FLANELADA,GG,"$139,90",SA CALÇA. BAILARINA SUPLEX FLANELADA | GG
SA,CALÇA,CALÇA BAILARINA SUPLEX FLANELADA,EXG,"$149,90",SA CALÇA. BAILARINA SUPLEX FLANELADA | EXG
SA,CALÇA,CALÇA LEGGING SUPLEX,1,"$81,90",SA CALÇA. LEGGING SUPLEX | 01
SA,CALÇA,CALÇA LEGGING SUPLEX,2,"$82,90",SA CALÇA. LEGGING SUPLEX | 02
SA,CALÇA,CALÇA LEGGING SUPLEX,4,"$84,90",SA CALÇA. LEGGING SUPLEX | 04
SA,CALÇA,CALÇA LEGGING SUPLEX,6,"$85,90",SA CALÇA. LEGGING SUPLEX | 06
SA,CALÇA,CALÇA LEGGING SUPLEX,8,"$89,90",SA CALÇA. LEGGING SUPLEX | 08
SA,CALÇA,CALÇA LEGGING SUPLEX,10,"$93,90",SA CALÇA. LEGGING SUPLEX | 10
SA,CALÇA,CALÇA LEGGING SUPLEX,12,"$97,90",SA CALÇA. LEGGING SUPLEX | 12
SA,CALÇA,CALÇA LEGGING SUPLEX,14,"$104,90",SA CALÇA. LEGGING SUPLEX | 14
SA,CALÇA,CALÇA LEGGING SUPLEX FLANELADA,1,"$91,90",SA CALÇA. LEGGING SUPLEX FLANELADA | 01
SA,CALÇA,CALÇA LEGGING SUPLEX FLANELADA,2,"$92,90",SA CALÇA. LEGGING SUPLEX FLANELADA | 02
SA,CALÇA,CALÇA LEGGING SUPLEX FLANELADA,4,"$94,90",SA CALÇA. LEGGING SUPLEX FLANELADA | 04
SA,CALÇA,CALÇA LEGGING SUPLEX FLANELADA,6,"$95,90",SA CALÇA. LEGGING SUPLEX FLANELADA | 06
SA,CALÇA,CALÇA LEGGING SUPLEX FLANELADA,8,"$99,90",SA CALÇA. LEGGING SUPLEX FLANELADA | 08
SA,CALÇA,CALÇA LEGGING SUPLEX FLANELADA,10,"$103,90",SA CALÇA. LEGGING SUPLEX FLANELADA | 10
SA,CALÇA,CALÇA LEGGING SUPLEX FLANELADA,12,"$107,90",SA CALÇA. LEGGING SUPLEX FLANELADA | 12
SA,CALÇA,CALÇA LEGGING SUPLEX FLANELADA,14,"$114,90",SA CALÇA. LEGGING SUPLEX FLANELADA | 14
SA,CALÇA,CALÇA LEGGING SUPLEX FLANELADA,P,"$122,90",SA CALÇA. LEGGING SUPLEX FLANELADA | P
SA,CALÇA,CALÇA LEGGING SUPLEX FLANELADA,M,"$124,90",SA CALÇA. LEGGING SUPLEX FLANELADA | M
SA,CALÇA,CALÇA LEGGING SUPLEX FLANELADA,G,"$129,90",SA CALÇA. LEGGING SUPLEX FLANELADA | G
SA,CALÇA,CALÇA LEGGING SUPLEX FLANELADA,GG,"$134,90",SA CALÇA. LEGGING SUPLEX FLANELADA | GG
SA,CALÇA,CALÇA LEGGING SUPLEX FLANELADA,EXG,"$144,90",SA CALÇA. LEGGING SUPLEX FLANELADA | EXG
SA,CAMISETA,CAMISETA M.CURTA,1,"$51,90",SA CAMISETA M.CURTA | 1
SA,CAMISETA,CAMISETA M.CURTA,2,"$52,90",SA CAMISETA M.CURTA | 2
SA,CAMISETA,CAMISETA M.CURTA,4,"$53,90",SA CAMISETA M.CURTA | 4
SA,CAMISETA,CAMISETA M.CURTA,6,"$54,90",SA CAMISETA M.CURTA | 6
SA,CAMISETA,CAMISETA M.CURTA,8,"$55,90",SA CAMISETA M.CURTA | 8
SA,CAMISETA,CAMISETA M.CURTA,10,"$56,90",SA CAMISETA M.CURTA | 10
SA,CAMISETA,CAMISETA M.CURTA,12,"$57,90",SA CAMISETA M.CURTA | 12
SA,CAMISETA,CAMISETA M.CURTA,14,"$58,90",SA CAMISETA M.CURTA | 14
SA,CAMISETA,CAMISETA M.LONGA,1,"$54,90",SA CAMISETA M.LONGA | 1
SA,CAMISETA,CAMISETA M.LONGA,2,"$57,90",SA CAMISETA M.LONGA | 2
SA,CAMISETA,CAMISETA M.LONGA,4,"$58,90",SA CAMISETA M.LONGA | 4
SA,CAMISETA,CAMISETA M.LONGA,6,"$59,90",SA CAMISETA M.LONGA | 6
SA,CAMISETA,CAMISETA M.LONGA,8,"$60,90",SA CAMISETA M.LONGA | 8
SA,CAMISETA,CAMISETA M.LONGA,10,"$61,90",SA CAMISETA M.LONGA | 10
SA,CAMISETA,CAMISETA M.LONGA,12,"$62,90",SA CAMISETA M.LONGA | 12
SA,CAMISETA,CAMISETA M.LONGA,14,"$63,90",SA CAMISETA M.LONGA | 14
SA,OUTROS,REGATA MACHÃO,1,"$50,90",SA REGATA MACHÃO | 1
SA,OUTROS,REGATA MACHÃO,2,"$51,90",SA REGATA MACHÃO | 2
SA,OUTROS,REGATA MACHÃO,4,"$47,90",SA REGATA MACHÃO | 4
SA,OUTROS,REGATA MACHÃO,6,"$53,90",SA REGATA MACHÃO | 6
SA,OUTROS,REGATA MACHÃO,8,"$54,90",SA REGATA MACHÃO | 8
SA,OUTROS,REGATA MACHÃO,10,"$55,90",SA REGATA MACHÃO | 10
SA,OUTROS,REGATA MACHÃO,12,"$56,90",SA REGATA MACHÃO | 12
SA,OUTROS,REGATA MACHÃO,14,"$57,90",SA REGATA MACHÃO | 14
SA,SAIA/SHORT,SHORT SAIA SUPLEX,1,"$76,90",SA SHORT SAIA SUPLEX | 1
SA,SAIA/SHORT,SHORT SAIA SUPLEX,2,"$77,90",SA SHORT SAIA SUPLEX | 2
SA,SAIA/SHORT,SHORT SAIA SUPLEX,4,"$79,90",SA SHORT SAIA SUPLEX | 4
SA,SAIA/SHORT,SHORT SAIA SUPLEX,6,"$82,90",SA SHORT SAIA SUPLEX | 6
SA,SAIA/SHORT,SHORT SAIA SUPLEX,8,"$69,90",SA SHORT SAIA SUPLEX | 8
SA,SAIA/SHORT,SHORT SAIA SUPLEX,10,"$84,90",SA SHORT SAIA SUPLEX | 10
SA,SAIA/SHORT,SHORT SAIA SUPLEX,12,"$85,90",SA SHORT SAIA SUPLEX | 12
SA,SAIA/SHORT,SHORT SAIA SUPLEX,14,"$86,90",SA SHORT SAIA SUPLEX | 14
SA,OUTROS,VESTIDO,PP,"$99,90",SA VESTIDO | PP
SA,OUTROS,VESTIDO,P,"$101,90",SA VESTIDO | P
SA,OUTROS,VESTIDO,M,"$103,90",SA VESTIDO | M
SA,OUTROS,VESTIDO,G,"$105,90",SA VESTIDO | G
SA,OUTROS,VESTIDO,GG,"$110,90",SA VESTIDO | GG
VIDIGAL,BERMUDA,BERMUDA CICLISTA,4,"$53,90",VIDIGAL BERMUDA CICLISTA | 4
VIDIGAL,BERMUDA,BERMUDA CICLISTA,6,"$55,90",VIDIGAL BERMUDA CICLISTA | 6
VIDIGAL,BERMUDA,BERMUDA CICLISTA,8,"$58,50",VIDIGAL BERMUDA CICLISTA | 8
VIDIGAL,BERMUDA,BERMUDA CICLISTA,10,"$60,90",VIDIGAL BERMUDA CICLISTA | 10
VIDIGAL,BERMUDA,BERMUDA CICLISTA,12,"$62,90",VIDIGAL BERMUDA CICLISTA | 12
VIDIGAL,BERMUDA,BERMUDA CICLISTA,14,"$66,20",VIDIGAL BERMUDA CICLISTA | 14
VIDIGAL,BERMUDA,BERMUDA CICLISTA,P,"$69,90",VIDIGAL BERMUDA CICLISTA | P
VIDIGAL,BERMUDA,BERMUDA CICLISTA,M,"$73,90",VIDIGAL BERMUDA CICLISTA | M
VIDIGAL,BERMUDA,BERMUDA CICLISTA,G,"$75,90",VIDIGAL BERMUDA CICLISTA | G
VIDIGAL,BERMUDA,BERMUDA CICLISTA,GG,"$79,90",VIDIGAL BERMUDA CICLISTA | GG
VIDIGAL,BERMUDA,BERMUDA CICLISTA,EXG,"$95,90",VIDIGAL BERMUDA CICLISTA | EXG
VIDIGAL,BERMUDA,BERMUDA DE HELANCA,4,"$53,90",VIDIGAL BERMUDA DE HELANCA | 4
VIDIGAL,BERMUDA,BERMUDA DE HELANCA,6,"$55,90",VIDIGAL BERMUDA DE HELANCA | 6
VIDIGAL,BERMUDA,BERMUDA DE HELANCA,8,"$58,50",VIDIGAL BERMUDA DE HELANCA | 8
VIDIGAL,BERMUDA,BERMUDA DE HELANCA,10,"$60,90",VIDIGAL BERMUDA DE HELANCA | 10
VIDIGAL,BERMUDA,BERMUDA DE HELANCA,12,"$62,90",VIDIGAL BERMUDA DE HELANCA | 12
VIDIGAL,BERMUDA,BERMUDA DE HELANCA,14,"$64,90",VIDIGAL BERMUDA DE HELANCA | 14
VIDIGAL,BERMUDA,BERMUDA DE HELANCA,P,"$69,90",VIDIGAL BERMUDA DE HELANCA | P
VIDIGAL,BERMUDA,BERMUDA DE HELANCA,M,"$73,90",VIDIGAL BERMUDA DE HELANCA | M
VIDIGAL,BERMUDA,BERMUDA DE HELANCA,G,"$75,90",VIDIGAL BERMUDA DE HELANCA | G
VIDIGAL,BERMUDA,BERMUDA DE HELANCA,GG,"$79,90",VIDIGAL BERMUDA DE HELANCA | GG
VIDIGAL,BERMUDA,BERMUDA DE HELANCA,EXG,"$89,90",VIDIGAL BERMUDA DE HELANCA | EXG
VIDIGAL,AGASALHO,BLUSAO DE HELANCA,4,"$97,90",VIDIGAL BLUSAO DE HELANCA | 4
VIDIGAL,AGASALHO,BLUSAO DE HELANCA,6,"$99,90",VIDIGAL BLUSAO DE HELANCA | 6
VIDIGAL,AGASALHO,BLUSAO DE HELANCA,8,"$104,90",VIDIGAL BLUSAO DE HELANCA | 8
VIDIGAL,AGASALHO,BLUSAO DE HELANCA,10,"$109,90",VIDIGAL BLUSAO DE HELANCA | 10
VIDIGAL,AGASALHO,BLUSAO DE HELANCA,12,"$113,50",VIDIGAL BLUSAO DE HELANCA | 12
VIDIGAL,AGASALHO,BLUSAO DE HELANCA,14,"$117,90",VIDIGAL BLUSAO DE HELANCA | 14
VIDIGAL,AGASALHO,BLUSAO DE HELANCA,P,"$123,50",VIDIGAL BLUSAO DE HELANCA | P
VIDIGAL,AGASALHO,BLUSAO DE HELANCA,M,"$129,80",VIDIGAL BLUSAO DE HELANCA | M
VIDIGAL,AGASALHO,BLUSAO DE HELANCA,G,"$132,90",VIDIGAL BLUSAO DE HELANCA | G
VIDIGAL,AGASALHO,BLUSAO DE HELANCA,GG,"$139,90",VIDIGAL BLUSAO DE HELANCA | GG
VIDIGAL,AGASALHO,BLUSAO DE HELANCA,EXG,"$149,90",VIDIGAL BLUSAO DE HELANCA | EXG
VIDIGAL,AGASALHO,BLUSAO DE HELANCA FLANELADA,4,"$105,90",VIDIGAL BLUSAO DE HELANCA FLANELADA | 4
VIDIGAL,AGASALHO,BLUSAO DE HELANCA FLANELADA,6,"$110,50",VIDIGAL BLUSAO DE HELANCA FLANELADA | 6
VIDIGAL,AGASALHO,BLUSAO DE HELANCA FLANELADA,8,"$114,90",VIDIGAL BLUSAO DE HELANCA FLANELADA | 8
VIDIGAL,AGASALHO,BLUSAO DE HELANCA FLANELADA,10,"$119,90",VIDIGAL BLUSAO DE HELANCA FLANELADA | 10
VIDIGAL,AGASALHO,BLUSAO DE HELANCA FLANELADA,12,"$123,50",VIDIGAL BLUSAO DE HELANCA FLANELADA | 12
VIDIGAL,AGASALHO,BLUSAO DE HELANCA FLANELADA,14,"$127,50",VIDIGAL BLUSAO DE HELANCA FLANELADA | 14
VIDIGAL,AGASALHO,BLUSAO DE HELANCA FLANELADA,P,"$133,90",VIDIGAL BLUSAO DE HELANCA FLANELADA | P
VIDIGAL,AGASALHO,BLUSAO DE HELANCA FLANELADA,M,"$139,80",VIDIGAL BLUSAO DE HELANCA FLANELADA | M
VIDIGAL,AGASALHO,BLUSAO DE HELANCA FLANELADA,G,"$142,90",VIDIGAL BLUSAO DE HELANCA FLANELADA | G
VIDIGAL,AGASALHO,BLUSAO DE HELANCA FLANELADA,GG,"$149,90",VIDIGAL BLUSAO DE HELANCA FLANELADA | GG
VIDIGAL,AGASALHO,BLUSAO DE HELANCA FLANELADA,EXG,"$159,90",VIDIGAL BLUSAO DE HELANCA FLANELADA | EXG
VIDIGAL,CALÇA,CALÇA DE HELANCA,4,"$65,90",VIDIGAL CALÇA DE HELANCA | 4
VIDIGAL,CALÇA,CALÇA DE HELANCA,6,"$67,50",VIDIGAL CALÇA DE HELANCA | 6
VIDIGAL,CALÇA,CALÇA DE HELANCA,8,"$69,20",VIDIGAL CALÇA DE HELANCA | 8
VIDIGAL,CALÇA,CALÇA DE HELANCA,10,"$73,90",VIDIGAL CALÇA DE HELANCA | 10
VIDIGAL,CALÇA,CALÇA DE HELANCA,12,"$75,91",VIDIGAL CALÇA DE HELANCA | 12
VIDIGAL,CALÇA,CALÇA DE HELANCA,14,"$79,90",VIDIGAL CALÇA DE HELANCA | 14
VIDIGAL,CALÇA,CALÇA DE HELANCA,P,"$83,50",VIDIGAL CALÇA DE HELANCA | P
VIDIGAL,CALÇA,CALÇA DE HELANCA,M,"$87,90",VIDIGAL CALÇA DE HELANCA | M
VIDIGAL,CALÇA,CALÇA DE HELANCA,G,"$89,90",VIDIGAL CALÇA DE HELANCA | G
VIDIGAL,CALÇA,CALÇA DE HELANCA,GG,"$92,90",VIDIGAL CALÇA DE HELANCA | GG
VIDIGAL,CALÇA,CALÇA DE HELANCA,EXG,"$102,90",VIDIGAL CALÇA DE HELANCA | EXG
VIDIGAL,CALÇA,CALÇA DE HELANCA FLANELADA,4,"$75,50",VIDIGAL CALÇA DE HELANCA FLANELADA | 4
VIDIGAL,CALÇA,CALÇA DE HELANCA FLANELADA,6,"$77,50",VIDIGAL CALÇA DE HELANCA FLANELADA | 6
VIDIGAL,CALÇA,CALÇA DE HELANCA FLANELADA,8,"$79,90",VIDIGAL CALÇA DE HELANCA FLANELADA | 8
VIDIGAL,CALÇA,CALÇA DE HELANCA FLANELADA,10,"$83,90",VIDIGAL CALÇA DE HELANCA FLANELADA | 10
VIDIGAL,CALÇA,CALÇA DE HELANCA FLANELADA,12,"$85,90",VIDIGAL CALÇA DE HELANCA FLANELADA | 12
VIDIGAL,CALÇA,CALÇA DE HELANCA FLANELADA,14,"$89,90",VIDIGAL CALÇA DE HELANCA FLANELADA | 14
VIDIGAL,CALÇA,CALÇA DE HELANCA FLANELADA,P,"$93,50",VIDIGAL CALÇA DE HELANCA FLANELADA | P
VIDIGAL,CALÇA,CALÇA DE HELANCA FLANELADA,M,"$97,90",VIDIGAL CALÇA DE HELANCA FLANELADA | M
VIDIGAL,CALÇA,CALÇA DE HELANCA FLANELADA,G,"$99,90",VIDIGAL CALÇA DE HELANCA FLANELADA | G
VIDIGAL,CALÇA,CALÇA DE HELANCA FLANELADA,GG,"$102,90",VIDIGAL CALÇA DE HELANCA FLANELADA | GG
VIDIGAL,CALÇA,CALÇA DE HELANCA FLANELADA,EXG,"$112,90",VIDIGAL CALÇA DE HELANCA FLANELADA | EXG
VIDIGAL,CALÇA,CALÇA BAILARINA,4,"$69,90",VIDIGAL CALÇA.BAILARINA | 4
VIDIGAL,CALÇA,CALÇA BAILARINA,6,"$70,90",VIDIGAL CALÇA.BAILARINA | 6
VIDIGAL,CALÇA,CALÇA BAILARINA,8,"$75,90",VIDIGAL CALÇA.BAILARINA | 8
VIDIGAL,CALÇA,CALÇA BAILARINA,10,"$82,90",VIDIGAL CALÇA.BAILARINA | 10
VIDIGAL,CALÇA,CALÇA BAILARINA,12,"$88,20",VIDIGAL CALÇA.BAILARINA | 12
VIDIGAL,CALÇA,CALÇA BAILARINA,14,"$98,00",VIDIGAL CALÇA.BAILARINA | 14
VIDIGAL,CALÇA,CALÇA BAILARINA,P,"$104,50",VIDIGAL CALÇA.BAILARINA | P
VIDIGAL,CALÇA,CALÇA BAILARINA,M,"$110,50",VIDIGAL CALÇA.BAILARINA | M
VIDIGAL,CALÇA,CALÇA BAILARINA,G,"$116,90",VIDIGAL CALÇA.BAILARINA | G
VIDIGAL,CALÇA,CALÇA BAILARINA,GG,"$119,90",VIDIGAL CALÇA.BAILARINA | GG
VIDIGAL,CALÇA,CALÇA BAILARINA,EXG,"$125,90",VIDIGAL CALÇA.BAILARINA | EXG
VIDIGAL,CALÇA,CALÇA BAILARINA FLANELADA,4,"$79,90",VIDIGAL CALÇA.BAILARINA FLANELADA | 4
VIDIGAL,CALÇA,CALÇA BAILARINA FLANELADA,6,"$80,90",VIDIGAL CALÇA.BAILARINA FLANELADA | 6
VIDIGAL,CALÇA,CALÇA BAILARINA FLANELADA,8,"$85,90",VIDIGAL CALÇA.BAILARINA FLANELADA | 8
VIDIGAL,CALÇA,CALÇA BAILARINA FLANELADA,10,"$92,90",VIDIGAL CALÇA.BAILARINA FLANELADA | 10
VIDIGAL,CALÇA,CALÇA BAILARINA FLANELADA,12,"$98,20",VIDIGAL CALÇA.BAILARINA FLANELADA | 12
VIDIGAL,CALÇA,CALÇA BAILARINA FLANELADA,14,"$108,00",VIDIGAL CALÇA.BAILARINA FLANELADA | 14
VIDIGAL,CALÇA,CALÇA BAILARINA FLANELADA,P,"$114,50",VIDIGAL CALÇA.BAILARINA FLANELADA | P
VIDIGAL,CALÇA,CALÇA BAILARINA FLANELADA,M,"$120,50",VIDIGAL CALÇA.BAILARINA FLANELADA | M
VIDIGAL,CALÇA,CALÇA BAILARINA FLANELADA,G,"$126,90",VIDIGAL CALÇA.BAILARINA FLANELADA | G
VIDIGAL,CALÇA,CALÇA BAILARINA FLANELADA,GG,"$129,90",VIDIGAL CALÇA.BAILARINA FLANELADA | GG
VIDIGAL,CALÇA,CALÇA BAILARINA FLANELADA,EXG,"$139,90",VIDIGAL CALÇA.BAILARINA FLANELADA | EXG
VIDIGAL,CALÇA,CALÇA LEGGING,4,"$64,90",VIDIGAL CALÇA.LEGGING | 4
VIDIGAL,CALÇA,CALÇA LEGGING,6,"$65,90",VIDIGAL CALÇA.LEGGING | 6
VIDIGAL,CALÇA,CALÇA LEGGING,8,"$70,50",VIDIGAL CALÇA.LEGGING | 8
VIDIGAL,CALÇA,CALÇA LEGGING,10,"$76,00",VIDIGAL CALÇA.LEGGING | 10
VIDIGAL,CALÇA,CALÇA LEGGING,12,"$80,20",VIDIGAL CALÇA.LEGGING | 12
VIDIGAL,CALÇA,CALÇA LEGGING,14,"$86,90",VIDIGAL CALÇA.LEGGING | 14
VIDIGAL,CALÇA,CALÇA LEGGING,P,"$90,30",VIDIGAL CALÇA.LEGGING | P
VIDIGAL,CALÇA,CALÇA LEGGING,M,"$91,90",VIDIGAL CALÇA.LEGGING | M
VIDIGAL,CALÇA,CALÇA LEGGING,G,"$93,70",VIDIGAL CALÇA.LEGGING | G
VIDIGAL,CALÇA,CALÇA LEGGING,GG,"$102,50",VIDIGAL CALÇA.LEGGING | GG
VIDIGAL,CALÇA,CALÇA LEGGING,EXG,"$112,90",VIDIGAL CALÇA.LEGGING | EXG
VIDIGAL,CALÇA,CALÇA LEGGING FLANELADA,4,"$74,90",VIDIGAL CALÇA.LEGGING FLANELADA | 4
VIDIGAL,CALÇA,CALÇA LEGGING FLANELADA,6,"$75,90",VIDIGAL CALÇA.LEGGING FLANELADA | 6
VIDIGAL,CALÇA,CALÇA LEGGING FLANELADA,8,"$80,50",VIDIGAL CALÇA.LEGGING FLANELADA | 8
VIDIGAL,CALÇA,CALÇA LEGGING FLANELADA,10,"$86,00",VIDIGAL CALÇA.LEGGING FLANELADA | 10
VIDIGAL,CALÇA,CALÇA LEGGING FLANELADA,12,"$90,20",VIDIGAL CALÇA.LEGGING FLANELADA | 12
VIDIGAL,CALÇA,CALÇA LEGGING FLANELADA,14,"$96,90",VIDIGAL CALÇA.LEGGING FLANELADA | 14
VIDIGAL,CALÇA,CALÇA LEGGING FLANELADA,P,"$100,30",VIDIGAL CALÇA.LEGGING FLANELADA | P
VIDIGAL,CALÇA,CALÇA LEGGING FLANELADA,M,"$101,90",VIDIGAL CALÇA.LEGGING FLANELADA | M
VIDIGAL,CALÇA,CALÇA LEGGING FLANELADA,G,"$103,70",VIDIGAL CALÇA.LEGGING FLANELADA | G
VIDIGAL,CALÇA,CALÇA LEGGING FLANELADA,GG,"$112,50",VIDIGAL CALÇA.LEGGING FLANELADA | GG
VIDIGAL,CALÇA,CALÇA LEGGING FLANELADA,EXG,"$122,90",VIDIGAL CALÇA.LEGGING FLANELADA | EXG
VIDIGAL,CAMISETA,CAMISETA M.CURTA,2,"$36,90",VIDIGAL CAMISETA M.CURTA | 2
VIDIGAL,CAMISETA,CAMISETA M.CURTA,4,"$38,90",VIDIGAL CAMISETA M.CURTA | 4
VIDIGAL,CAMISETA,CAMISETA M.CURTA,6,"$40,90",VIDIGAL CAMISETA M.CURTA | 6
VIDIGAL,CAMISETA,CAMISETA M.CURTA,8,"$41,90",VIDIGAL CAMISETA M.CURTA | 8
VIDIGAL,CAMISETA,CAMISETA M.CURTA,10,"$43,90",VIDIGAL CAMISETA M.CURTA | 10
VIDIGAL,CAMISETA,CAMISETA M.CURTA,12,"$45,90",VIDIGAL CAMISETA M.CURTA | 12
VIDIGAL,CAMISETA,CAMISETA M.CURTA,14,"$47,90",VIDIGAL CAMISETA M.CURTA | 14
VIDIGAL,CAMISETA,CAMISETA M.CURTA,P,"$49,90",VIDIGAL CAMISETA M.CURTA | P
VIDIGAL,CAMISETA,CAMISETA M.CURTA,M,"$50,90",VIDIGAL CAMISETA M.CURTA | M
VIDIGAL,CAMISETA,CAMISETA M.CURTA,G,"$53,90",VIDIGAL CAMISETA M.CURTA | G
VIDIGAL,CAMISETA,CAMISETA M.CURTA,GG,"$56,90",VIDIGAL CAMISETA M.CURTA | GG
VIDIGAL,CAMISETA,CAMISETA M.CURTA,EXG,"$61,90",VIDIGAL CAMISETA M.CURTA | EXG
VIDIGAL,CAMISETA,CAMISETA M.LONGA,4,"$45,90",VIDIGAL CAMISETA M.LONGA | 4
VIDIGAL,CAMISETA,CAMISETA M.LONGA,6,"$47,90",VIDIGAL CAMISETA M.LONGA | 6
VIDIGAL,CAMISETA,CAMISETA M.LONGA,8,"$48,90",VIDIGAL CAMISETA M.LONGA | 8
VIDIGAL,CAMISETA,CAMISETA M.LONGA,10,"$50,90",VIDIGAL CAMISETA M.LONGA | 10
VIDIGAL,CAMISETA,CAMISETA M.LONGA,12,"$52,90",VIDIGAL CAMISETA M.LONGA | 12
VIDIGAL,CAMISETA,CAMISETA M.LONGA,14,"$55,70",VIDIGAL CAMISETA M.LONGA | 14
VIDIGAL,CAMISETA,CAMISETA M.LONGA,P,"$58,30",VIDIGAL CAMISETA M.LONGA | P
VIDIGAL,CAMISETA,CAMISETA M.LONGA,M,"$60,70",VIDIGAL CAMISETA M.LONGA | M
VIDIGAL,CAMISETA,CAMISETA M.LONGA,G,"$62,90",VIDIGAL CAMISETA M.LONGA | G
VIDIGAL,CAMISETA,CAMISETA M.LONGA,GG,"$64,90",VIDIGAL CAMISETA M.LONGA | GG
VIDIGAL,CAMISETA,CAMISETA M.LONGA,EXG,"$70,90",VIDIGAL CAMISETA M.LONGA | EXG
VIDIGAL,OUTROS,REGATA,4,"$37,90",VIDIGAL REGATA | 4
VIDIGAL,OUTROS,REGATA,6,"$39,90",VIDIGAL REGATA | 6
VIDIGAL,OUTROS,REGATA,8,"$40,90",VIDIGAL REGATA | 8
VIDIGAL,OUTROS,REGATA,10,"$42,90",VIDIGAL REGATA | 10
VIDIGAL,OUTROS,REGATA,12,"$44,90",VIDIGAL REGATA | 12
VIDIGAL,OUTROS,REGATA,14,"$46,90",VIDIGAL REGATA | 14
VIDIGAL,OUTROS,REGATA,P,"$48,90",VIDIGAL REGATA | P
VIDIGAL,OUTROS,REGATA,M,"$49,90",VIDIGAL REGATA | M
VIDIGAL,OUTROS,REGATA,G,"$52,90",VIDIGAL REGATA | G
VIDIGAL,OUTROS,REGATA,GG,"$55,90",VIDIGAL REGATA | GG
VIDIGAL,OUTROS,REGATA,EXG,"$60,90",VIDIGAL REGATA | EXG
VIDIGAL,OUTROS,REGATA NADADOR,PP INFANTIL,"$38,90",VIDIGAL REGATA NADADOR | PP INFANTIL
VIDIGAL,OUTROS,REGATA NADADOR,P INFANTIL,"$40,90",VIDIGAL REGATA NADADOR | P INFANTIL
VIDIGAL,OUTROS,REGATA NADADOR,M INFANTIL,"$42,90",VIDIGAL REGATA NADADOR | M INFANTIL
VIDIGAL,OUTROS,REGATA NADADOR,G INFANTIL,"$44,90",VIDIGAL REGATA NADADOR | G INFANTIL
VIDIGAL,OUTROS,REGATA NADADOR,GG INFANTIL,"$46,90",VIDIGAL REGATA NADADOR | GG INFANTIL
VIDIGAL,OUTROS,REGATA NADADOR,PP ADULTO,"$48,90",VIDIGAL REGATA NADADOR | PP ADULTO
VIDIGAL,OUTROS,REGATA NADADOR,P ADULTO,"$49,90",VIDIGAL REGATA NADADOR | P ADULTO
VIDIGAL,OUTROS,REGATA NADADOR,M ADULTO,"$51,90",VIDIGAL REGATA NADADOR | M ADULTO
VIDIGAL,OUTROS,REGATA NADADOR,G ADULTO,"$53,90",VIDIGAL REGATA NADADOR | G ADULTO
VIDIGAL,OUTROS,REGATA NADADOR,GG ADULTO,"$56,90",VIDIGAL REGATA NADADOR | GG ADULTO
VIDIGAL,OUTROS,REGATA NADADOR,EXG ADULTO,"$58,90",VIDIGAL REGATA NADADOR | EXG ADULTO
VIDIGAL,SAIA/SHORT,SHORT SAIA,4,"$59,90",VIDIGAL SHORT SAIA | 4
VIDIGAL,SAIA/SHORT,SHORT SAIA,6,"$59,90",VIDIGAL SHORT SAIA | 6
VIDIGAL,SAIA/SHORT,SHORT SAIA,8,"$61,90",VIDIGAL SHORT SAIA | 8
VIDIGAL,SAIA/SHORT,SHORT SAIA,10,"$63,90",VIDIGAL SHORT SAIA | 10
VIDIGAL,SAIA/SHORT,SHORT SAIA,12,"$64,90",VIDIGAL SHORT SAIA | 12
VIDIGAL,SAIA/SHORT,SHORT SAIA,14,"$65,90",VIDIGAL SHORT SAIA | 14
VIDIGAL,SAIA/SHORT,SHORT SAIA,P,"$67,90",VIDIGAL SHORT SAIA | P
VIDIGAL,SAIA/SHORT,SHORT SAIA,M,"$69,90",VIDIGAL SHORT SAIA | M
VIDIGAL,SAIA/SHORT,SHORT SAIA,G,"$72,90",VIDIGAL SHORT SAIA | G
VIDIGAL,SAIA/SHORT,SHORT SAIA,GG,"$79,90",VIDIGAL SHORT SAIA | GG
VIDIGAL,SAIA/SHORT,SHORT SAIA,EXG,"$89,90",VIDIGAL SHORT SAIA | EXG
EMYGDIO,CAMISETA,CAMISETA M.C.BRANCA,6,"$40,90",planilha anterior (sem PDF)
EMYGDIO,CAMISETA,CAMISETA M.C.BRANCA,8,"$41,90",planilha anterior (sem PDF)
EMYGDIO,CAMISETA,CAMISETA M.C.BRANCA,10,"$43,90",planilha anterior (sem PDF)
EMYGDIO,CAMISETA,CAMISETA M.C.BRANCA,12,"$45,90",planilha anterior (sem PDF)
EMYGDIO,CAMISETA,CAMISETA M.C.BRANCA,14,"$47,90",planilha anterior (sem PDF)
EMYGDIO,CAMISETA,CAMISETA M.C.BRANCA,P,"$49,90",planilha anterior (sem PDF)
EMYGDIO,CAMISETA,CAMISETA M.C.BRANCA,M,"$50,90",planilha anterior (sem PDF)
EMYGDIO,CAMISETA,CAMISETA M.C.BRANCA,G,"$53,90",planilha anterior (sem PDF)
EMYGDIO,CAMISETA,CAMISETA M.C.BRANCA,GG,"$56,90",planilha anterior (sem PDF)
EMYGDIO,CAMISETA,CAMISETA M.C.BRANCA,EXG,"$61,90",planilha anterior (sem PDF)
EMYGDIO,CAMISETA,CAMISETA M.LONGA,6,"$47,90",planilha anterior (sem PDF)
EMYGDIO,CAMISETA,CAMISETA M.LONGA,8,"$48,90",planilha anterior (sem PDF)
EMYGDIO,CAMISETA,CAMISETA M.LONGA,10,"$50,90",planilha anterior (sem PDF)
EMYGDIO,CAMISETA,CAMISETA M.LONGA,12,"$52,90",planilha anterior (sem PDF)
EMYGDIO,CAMISETA,CAMISETA M.LONGA,14,"$54,90",planilha anterior (sem PDF)
EMYGDIO,CAMISETA,CAMISETA M.LONGA,P,"$56,90",planilha anterior (sem PDF)
EMYGDIO,CAMISETA,CAMISETA M.LONGA,M,"$58,50",planilha anterior (sem PDF)
EMYGDIO,CAMISETA,CAMISETA M.LONGA,G,"$62,90",planilha anterior (sem PDF)
EMYGDIO,CAMISETA,CAMISETA M.LONGA,GG,"$64,90",planilha anterior (sem PDF)
EMYGDIO,CAMISETA,CAMISETA M.LONGA,EXG,"$70,90",planilha anterior (sem PDF)
ATTIE,BERMUDA,BERMUDA CICLISTA SUPLEX,4,"$53,90",planilha anterior (sem PDF)
ATTIE,BERMUDA,BERMUDA CICLISTA SUPLEX,6,"$58,50",planilha anterior (sem PDF)
ATTIE,BERMUDA,BERMUDA CICLISTA SUPLEX,8,"$60,90",planilha anterior (sem PDF)
ATTIE,BERMUDA,BERMUDA CICLISTA SUPLEX,10,"$60,90",planilha anterior (sem PDF)
ATTIE,BERMUDA,BERMUDA CICLISTA SUPLEX,12,"$62,90",planilha anterior (sem PDF)
ATTIE,BERMUDA,BERMUDA CICLISTA SUPLEX,14,"$66,20",planilha anterior (sem PDF)
ATTIE,BERMUDA,BERMUDA CICLISTA SUPLEX,P,"$69,90",planilha anterior (sem PDF)
ATTIE,BERMUDA,BERMUDA CICLISTA SUPLEX,M,"$73,90",planilha anterior (sem PDF)
ATTIE,BERMUDA,BERMUDA DE HELANCA,4,"$59,90",planilha anterior (sem PDF)
ATTIE,BERMUDA,BERMUDA DE HELANCA,6,"$55,90",planilha anterior (sem PDF)
ATTIE,BERMUDA,BERMUDA DE HELANCA,8,"$58,50",planilha anterior (sem PDF)
ATTIE,BERMUDA,BERMUDA DE HELANCA,10,"$60,90",planilha anterior (sem PDF)
ATTIE,BERMUDA,BERMUDA DE HELANCA,12,"$62,90",planilha anterior (sem PDF)
ATTIE,BERMUDA,BERMUDA DE HELANCA,14,"$64,90",planilha anterior (sem PDF)
ATTIE,BERMUDA,BERMUDA DE HELANCA,P,"$69,90",planilha anterior (sem PDF)
ATTIE,BERMUDA,BERMUDA DE HELANCA,M,"$73,90",planilha anterior (sem PDF)
ATTIE,AGASALHO,BLUSAO DE HELANCA,4,"$97,90",planilha anterior (sem PDF)
ATTIE,AGASALHO,BLUSAO DE HELANCA,6,"$99,90",planilha anterior (sem PDF)
ATTIE,AGASALHO,BLUSAO DE HELANCA,8,"$104,90",planilha anterior (sem PDF)
ATTIE,AGASALHO,BLUSAO DE HELANCA,10,"$109,90",planilha anterior (sem PDF)
ATTIE,AGASALHO,BLUSAO DE HELANCA,12,"$113,50",planilha anterior (sem PDF)
ATTIE,AGASALHO,BLUSAO DE HELANCA,14,"$117,90",planilha anterior (sem PDF)
ATTIE,AGASALHO,BLUSAO DE HELANCA,P,"$123,50",planilha anterior (sem PDF)
ATTIE,AGASALHO,BLUSAO DE HELANCA,M,"$129,80",planilha anterior (sem PDF)
ATTIE,AGASALHO,BLUSAO DE HELANCA FLANELADO,4,"$105,90",planilha anterior (sem PDF)
ATTIE,AGASALHO,BLUSAO DE HELANCA FLANELADO,6,"$110,50",planilha anterior (sem PDF)
ATTIE,AGASALHO,BLUSAO DE HELANCA FLANELADO,8,"$114,90",planilha anterior (sem PDF)
ATTIE,AGASALHO,BLUSAO DE HELANCA FLANELADO,10,"$119,90",planilha anterior (sem PDF)
ATTIE,AGASALHO,BLUSAO DE HELANCA FLANELADO,12,"$123,50",planilha anterior (sem PDF)
ATTIE,AGASALHO,BLUSAO DE HELANCA FLANELADO,14,"$127,50",planilha anterior (sem PDF)
ATTIE,AGASALHO,BLUSAO DE HELANCA FLANELADO,P,"$133,90",planilha anterior (sem PDF)
ATTIE,AGASALHO,BLUSAO DE HELANCA FLANELADO,M,"$139,80",planilha anterior (sem PDF)
ATTIE,CALÇA,CALÇA BAILARINA SUPLEX,4,"$69,90",planilha anterior (sem PDF)
ATTIE,CALÇA,CALÇA BAILARINA SUPLEX,6,"$70,90",planilha anterior (sem PDF)
ATTIE,CALÇA,CALÇA BAILARINA SUPLEX,8,"$75,90",planilha anterior (sem PDF)
ATTIE,CALÇA,CALÇA BAILARINA SUPLEX,10,"$82,90",planilha anterior (sem PDF)
ATTIE,CALÇA,CALÇA BAILARINA SUPLEX,12,"$88,20",planilha anterior (sem PDF)
ATTIE,CALÇA,CALÇA BAILARINA SUPLEX,14,"$98,00",planilha anterior (sem PDF)
ATTIE,CALÇA,CALÇA BAILARINA SUPLEX,P,"$104,50",planilha anterior (sem PDF)
ATTIE,CALÇA,CALÇA BAILARINA SUPLEX,M,"$110,50",planilha anterior (sem PDF)
ATTIE,CALÇA,CALÇA DE HELANCA,4,"$65,90",planilha anterior (sem PDF)
ATTIE,CALÇA,CALÇA DE HELANCA,6,"$67,50",planilha anterior (sem PDF)
ATTIE,CALÇA,CALÇA DE HELANCA,8,"$69,20",planilha anterior (sem PDF)
ATTIE,CALÇA,CALÇA DE HELANCA,10,"$73,90",planilha anterior (sem PDF)
ATTIE,CALÇA,CALÇA DE HELANCA,12,"$75,91",planilha anterior (sem PDF)
ATTIE,CALÇA,CALÇA DE HELANCA,14,"$79,90",planilha anterior (sem PDF)
ATTIE,CALÇA,CALÇA DE HELANCA,P,"$83,50",planilha anterior (sem PDF)
ATTIE,CALÇA,CALÇA DE HELANCA,M,"$87,90",planilha anterior (sem PDF)
ATTIE,CALÇA,CALÇA DE HELANCA FLANELADA,4,"$72,50",planilha anterior (sem PDF)
ATTIE,CALÇA,CALÇA DE HELANCA FLANELADA,6,"$77,50",planilha anterior (sem PDF)
ATTIE,CALÇA,CALÇA DE HELANCA FLANELADA,8,"$79,90",planilha anterior (sem PDF)
ATTIE,CALÇA,CALÇA DE HELANCA FLANELADA,10,"$83,90",planilha anterior (sem PDF)
ATTIE,CALÇA,CALÇA DE HELANCA FLANELADA,12,"$85,92",planilha anterior (sem PDF)
ATTIE,CALÇA,CALÇA DE HELANCA FLANELADA,14,"$89,90",planilha anterior (sem PDF)
ATTIE,CALÇA,CALÇA DE HELANCA FLANELADA,P,"$93,50",planilha anterior (sem PDF)
ATTIE,CALÇA,CALÇA DE HELANCA FLANELADA,M,"$97,90",planilha anterior (sem PDF)
ATTIE,CALÇA,CALÇA LEGGING SUPLEX,4,"$64,90",planilha anterior (sem PDF)
ATTIE,CALÇA,CALÇA LEGGING SUPLEX,6,"$65,90",planilha anterior (sem PDF)
ATTIE,CALÇA,CALÇA LEGGING SUPLEX,8,"$70,50",planilha anterior (sem PDF)
ATTIE,CALÇA,CALÇA LEGGING SUPLEX,10,"$76,00",planilha anterior (sem PDF)
ATTIE,CALÇA,CALÇA LEGGING SUPLEX,12,"$80,20",planilha anterior (sem PDF)
ATTIE,CALÇA,CALÇA LEGGING SUPLEX,14,"$86,90",planilha anterior (sem PDF)
ATTIE,CALÇA,CALÇA LEGGING SUPLEX,P,"$90,30",planilha anterior (sem PDF)
ATTIE,CALÇA,CALÇA LEGGING SUPLEX,M,"$91,90",planilha anterior (sem PDF)
ATTIE,CAMISETA,CAMISETA MANGA CURTA,4,"$38,90",planilha anterior (sem PDF)
ATTIE,CAMISETA,CAMISETA MANGA CURTA,6,"$40,90",planilha anterior (sem PDF)
ATTIE,CAMISETA,CAMISETA MANGA CURTA,8,"$41,90",planilha anterior (sem PDF)
ATTIE,CAMISETA,CAMISETA MANGA CURTA,10,"$43,90",planilha anterior (sem PDF)
ATTIE,CAMISETA,CAMISETA MANGA CURTA,12,"$45,90",planilha anterior (sem PDF)
ATTIE,CAMISETA,CAMISETA MANGA CURTA,14,"$47,90",planilha anterior (sem PDF)
ATTIE,CAMISETA,CAMISETA MANGA CURTA,P,"$49,90",planilha anterior (sem PDF)
ATTIE,CAMISETA,CAMISETA MANGA CURTA,M,"$50,90",planilha anterior (sem PDF)
ATTIE,CAMISETA,CAMISETA MANGA LONGA,4,"$45,90",planilha anterior (sem PDF)
ATTIE,CAMISETA,CAMISETA MANGA LONGA,6,"$47,90",planilha anterior (sem PDF)
ATTIE,CAMISETA,CAMISETA MANGA LONGA,8,"$48,90",planilha anterior (sem PDF)
ATTIE,CAMISETA,CAMISETA MANGA LONGA,10,"$50,90",planilha anterior (sem PDF)
ATTIE,CAMISETA,CAMISETA MANGA LONGA,12,"$52,90",planilha anterior (sem PDF)
ATTIE,CAMISETA,CAMISETA MANGA LONGA,14,"$55,70",planilha anterior (sem PDF)
ATTIE,CAMISETA,CAMISETA MANGA LONGA,P,"$58,30",planilha anterior (sem PDF)
ATTIE,CAMISETA,CAMISETA MANGA LONGA,M,"$60,70",planilha anterior (sem PDF)
ATTIE,OUTROS,NADADOR INFANTIL,P,"$40,90",planilha anterior (sem PDF)
ATTIE,OUTROS,NADADOR INFANTIL,M,"$42,90",planilha anterior (sem PDF)
ATTIE,OUTROS,NADADOR INFANTIL,G,"$44,90",planilha anterior (sem PDF)
ATTIE,OUTROS,NADADOR INFANTIL,GG,"$46,90",planilha anterior (sem PDF)
ATTIE,OUTROS,NADADOR ADULTO,PP,"$48,90",planilha anterior (sem PDF)
ATTIE,OUTROS,NADADOR ADULTO,P,"$49,90",planilha anterior (sem PDF)
ATTIE,OUTROS,REGATA,4,"$37,90",planilha anterior (sem PDF)
ATTIE,OUTROS,REGATA,6,"$39,90",planilha anterior (sem PDF)
ATTIE,OUTROS,REGATA,8,"$40,90",planilha anterior (sem PDF)
ATTIE,OUTROS,REGATA,10,"$42,90",planilha anterior (sem PDF)
ATTIE,OUTROS,REGATA,12,"$44,90",planilha anterior (sem PDF)
ATTIE,OUTROS,REGATA,14,"$46,90",planilha anterior (sem PDF)
ATTIE,OUTROS,REGATA,P,"$48,90",planilha anterior (sem PDF)
ATTIE,OUTROS,REGATA,M,"$49,90",planilha anterior (sem PDF)
ATTIE,SAIA/SHORT,SHORT SAIA SUPLEX,4,"$59,90",planilha anterior (sem PDF)
ATTIE,SAIA/SHORT,SHORT SAIA SUPLEX,6,"$59,90",planilha anterior (sem PDF)
ATTIE,SAIA/SHORT,SHORT SAIA SUPLEX,8,"$61,90",planilha anterior (sem PDF)
ATTIE,SAIA/SHORT,SHORT SAIA SUPLEX,10,"$63,90",planilha anterior (sem PDF)
ATTIE,SAIA/SHORT,SHORT SAIA SUPLEX,12,"$64,90",planilha anterior (sem PDF)
ATTIE,SAIA/SHORT,SHORT SAIA SUPLEX,14,"$65,90",planilha anterior (sem PDF)
ATTIE,SAIA/SHORT,SHORT SAIA SUPLEX,P,"$67,90",planilha anterior (sem PDF)
ATTIE,SAIA/SHORT,SHORT SAIA SUPLEX,M,"$69,90",planilha anterior (sem PDF)
